--------------------------------当前工具版本 V12.12.1   脚本创建时间:2018-05-30 10:04:58-----
-- select  *   from   aa_busobject_base where cbusobid  ='EP0201' 
-- select  *   from   aa_columnset_base where ckey ='EP0201'
-- select  *   from   aa_columndic_base where ckey ='EP0201'
--- 
delete  from aa_busobject_base where cbusobid  ='EP0201' 
GO
delete  from aa_columndic_base where ckey ='EP0201'
GO

GO
-----------------------------预置单据列表数据以下部分脚本为工具自动生成，不需要手工预置------------------------------

insert into aa_busobject_base ([cBusObId],[cBusObName],[iAuthType],[bAuthControl],[cSub_Id],[cMark],[iFuncType],[langid],[iOrder])
values('EP0201','项目需求计划单列表',2,'0','EP',Null,2,'zh-CN',4)
--
insert into aa_columndic_base ([cKey],[cFld],[cQryField],[iColPos],[cCaption],[cCaptionPar],[bFixed],[bDisp],[iColWidth],[iAlign],[cOrder],[bLock],[iMergeCols],[bMustSel],[bNeedSum],[LocaleID],[IsEnum],[EnumType],[EnumTypeString],[bFilter],[bMerge],[CanModify],[ReferType],[bHideInColSet],[cSumType],[cProjectNO])
values('EP0201','selcol','selcol',1,'选择',Null,'1','1',800,4,Null,'1',0,'1','0','zh-CN','0',Null,Null,'0','0','0',Null,'0',Null,'U870')
insert into aa_columndic_base  ([cKey],[cFld],[cQryField],[iColPos],[cCaption],[cCaptionPar],[bFixed],[bDisp],[iColWidth],[iAlign],[cOrder],[bLock],[iMergeCols],[bMustSel],[bNeedSum],[LocaleID],[IsEnum],[EnumType],[EnumTypeString],[bFilter],[bMerge],[CanModify],[ReferType],[bHideInColSet],[cSumType],[cProjectNO])
values('EP0201','id','id',2,'id','','0',0,1500,4,'','0','0',1,'0','zh-CN','','','','0','0','','','0','','U870')
insert into aa_columndic_base  ([cKey],[cFld],[cQryField],[iColPos],[cCaption],[cCaptionPar],[bFixed],[bDisp],[iColWidth],[iAlign],[cOrder],[bLock],[iMergeCols],[bMustSel],[bNeedSum],[LocaleID],[IsEnum],[EnumType],[EnumTypeString],[bFilter],[bMerge],[CanModify],[ReferType],[bHideInColSet],[cSumType],[cProjectNO])
values('EP0201','vt_id','vt_id',3,'vt_id','','0',0,1500,4,'','0','0',1,'0','zh-CN','','','','0','0','','','0','','U870')
insert into aa_columndic_base  ([cKey],[cFld],[cQryField],[iColPos],[cCaption],[cCaptionPar],[bFixed],[bDisp],[iColWidth],[iAlign],[cOrder],[bLock],[iMergeCols],[bMustSel],[bNeedSum],[LocaleID],[IsEnum],[EnumType],[EnumTypeString],[bFilter],[bMerge],[CanModify],[ReferType],[bHideInColSet],[cSumType],[cProjectNO])
values('EP0201','ufts','ufts',4,'ufts','','0',0,1500,1,'','0','0',1,'0','zh-CN','','','','0','0','','','0','','U870')
insert into aa_columndic_base  ([cKey],[cFld],[cQryField],[iColPos],[cCaption],[cCaptionPar],[bFixed],[bDisp],[iColWidth],[iAlign],[cOrder],[bLock],[iMergeCols],[bMustSel],[bNeedSum],[LocaleID],[IsEnum],[EnumType],[EnumTypeString],[bFilter],[bMerge],[CanModify],[ReferType],[bHideInColSet],[cSumType],[cProjectNO])
values('EP0201','cvouchtype','cvouchtype',5,'cvouchtype','','0',0,1500,1,'','0','0',1,'0','zh-CN','','','','0','0','','','0','','U870')
insert into aa_columndic_base  ([cKey],[cFld],[cQryField],[iColPos],[cCaption],[cCaptionPar],[bFixed],[bDisp],[iColWidth],[iAlign],[cOrder],[bLock],[iMergeCols],[bMustSel],[bNeedSum],[LocaleID],[IsEnum],[EnumType],[EnumTypeString],[bFilter],[bMerge],[CanModify],[ReferType],[bHideInColSet],[cSumType],[cProjectNO])
values('EP0201','ireturncount','ireturncount',6,'ireturncount','','0',0,1500,4,'','0','0',1,'0','zh-CN','','','','0','0','','','0','','U870')
insert into aa_columndic_base  ([cKey],[cFld],[cQryField],[iColPos],[cCaption],[cCaptionPar],[bFixed],[bDisp],[iColWidth],[iAlign],[cOrder],[bLock],[iMergeCols],[bMustSel],[bNeedSum],[LocaleID],[IsEnum],[EnumType],[EnumTypeString],[bFilter],[bMerge],[CanModify],[ReferType],[bHideInColSet],[cSumType],[cProjectNO])
values('EP0201','iswfcontrolled','iswfcontrolled',7,'iswfcontrolled','','0',0,1500,4,'','0','0',1,'0','zh-CN','','','','0','0','','','0','','U870')
insert into aa_columndic_base  ([cKey],[cFld],[cQryField],[iColPos],[cCaption],[cCaptionPar],[bFixed],[bDisp],[iColWidth],[iAlign],[cOrder],[bLock],[iMergeCols],[bMustSel],[bNeedSum],[LocaleID],[IsEnum],[EnumType],[EnumTypeString],[bFilter],[bMerge],[CanModify],[ReferType],[bHideInColSet],[cSumType],[cProjectNO])
values('EP0201','iverifystate','iverifystate',8,'iverifystate','','0',0,1500,4,'','0','0',1,'0','zh-CN','','','','0','0','','','0','','U870')
insert into aa_columndic_base  ([cKey],[cFld],[cQryField],[iColPos],[cCaption],[cCaptionPar],[bFixed],[bDisp],[iColWidth],[iAlign],[cOrder],[bLock],[iMergeCols],[bMustSel],[bNeedSum],[LocaleID],[IsEnum],[EnumType],[EnumTypeString],[bFilter],[bMerge],[CanModify],[ReferType],[bHideInColSet],[cSumType],[cProjectNO])
values('EP0201','VoucherId','VoucherId',9,'VoucherId','','0',0,1500,4,'','0','0',1,'0','zh-CN','','','','0','0','','','0','','U870')
insert into aa_columndic_base  ([cKey],[cFld],[cQryField],[iColPos],[cCaption],[cCaptionPar],[bFixed],[bDisp],[iColWidth],[iAlign],[cOrder],[bLock],[iMergeCols],[bMustSel],[bNeedSum],[LocaleID],[IsEnum],[EnumType],[EnumTypeString],[bFilter],[bMerge],[CanModify],[ReferType],[bHideInColSet],[cSumType],[cProjectNO])
values('EP0201','VoucherCode','VoucherCode',10,'VoucherCode','','0',0,1500,1,'','0','0',1,'0','zh-CN','','','','0','0','','','0','','U870')
insert into aa_columndic_base  ([cKey],[cFld],[cQryField],[iColPos],[cCaption],[cCaptionPar],[bFixed],[bDisp],[iColWidth],[iAlign],[cOrder],[bLock],[iMergeCols],[bMustSel],[bNeedSum],[LocaleID],[IsEnum],[EnumType],[EnumTypeString],[bFilter],[bMerge],[CanModify],[ReferType],[bHideInColSet],[cSumType],[cProjectNO])
values('EP0201','VoucherType','VoucherType',11,'VoucherType','','0',0,1500,1,'','0','0',1,'0','zh-CN','','','','0','0','','','0','','U870')
insert into aa_columndic_base  ([cKey],[cFld],[cQryField],[iColPos],[cCaption],[cCaptionPar],[bFixed],[bDisp],[iColWidth],[iAlign],[cOrder],[bLock],[iMergeCols],[bMustSel],[bNeedSum],[LocaleID],[IsEnum],[EnumType],[EnumTypeString],[bFilter],[bMerge],[CanModify],[ReferType],[bHideInColSet],[cSumType],[cProjectNO])
values('EP0201','define1','define1',12,'define1','','0',0,1500,1,'','0','0',0,'0','zh-CN','','','','0','0','','','0','','U870')
insert into aa_columndic_base  ([cKey],[cFld],[cQryField],[iColPos],[cCaption],[cCaptionPar],[bFixed],[bDisp],[iColWidth],[iAlign],[cOrder],[bLock],[iMergeCols],[bMustSel],[bNeedSum],[LocaleID],[IsEnum],[EnumType],[EnumTypeString],[bFilter],[bMerge],[CanModify],[ReferType],[bHideInColSet],[cSumType],[cProjectNO])
values('EP0201','define2','define2',13,'define2','','0',0,1500,1,'','0','0',0,'0','zh-CN','','','','0','0','','','0','','U870')
insert into aa_columndic_base  ([cKey],[cFld],[cQryField],[iColPos],[cCaption],[cCaptionPar],[bFixed],[bDisp],[iColWidth],[iAlign],[cOrder],[bLock],[iMergeCols],[bMustSel],[bNeedSum],[LocaleID],[IsEnum],[EnumType],[EnumTypeString],[bFilter],[bMerge],[CanModify],[ReferType],[bHideInColSet],[cSumType],[cProjectNO])
values('EP0201','define3','define3',14,'define3','','0',0,1500,1,'','0','0',0,'0','zh-CN','','','','0','0','','','0','','U870')
insert into aa_columndic_base  ([cKey],[cFld],[cQryField],[iColPos],[cCaption],[cCaptionPar],[bFixed],[bDisp],[iColWidth],[iAlign],[cOrder],[bLock],[iMergeCols],[bMustSel],[bNeedSum],[LocaleID],[IsEnum],[EnumType],[EnumTypeString],[bFilter],[bMerge],[CanModify],[ReferType],[bHideInColSet],[cSumType],[cProjectNO])
values('EP0201','define4','define4',15,'define4','','0',0,1500,1,'','0','0',0,'0','zh-CN','','','','0','0','','','0','','U870')
insert into aa_columndic_base  ([cKey],[cFld],[cQryField],[iColPos],[cCaption],[cCaptionPar],[bFixed],[bDisp],[iColWidth],[iAlign],[cOrder],[bLock],[iMergeCols],[bMustSel],[bNeedSum],[LocaleID],[IsEnum],[EnumType],[EnumTypeString],[bFilter],[bMerge],[CanModify],[ReferType],[bHideInColSet],[cSumType],[cProjectNO])
values('EP0201','define5','define5',16,'define5','','0',0,1500,7,'','0','0',0,'0','zh-CN','','','','0','0','','','0','','U870')
insert into aa_columndic_base  ([cKey],[cFld],[cQryField],[iColPos],[cCaption],[cCaptionPar],[bFixed],[bDisp],[iColWidth],[iAlign],[cOrder],[bLock],[iMergeCols],[bMustSel],[bNeedSum],[LocaleID],[IsEnum],[EnumType],[EnumTypeString],[bFilter],[bMerge],[CanModify],[ReferType],[bHideInColSet],[cSumType],[cProjectNO])
values('EP0201','define6','define6',17,'define6','','0',0,1500,1,'','0','0',0,'0','zh-CN','','','','0','0','','','0','','U870')
insert into aa_columndic_base  ([cKey],[cFld],[cQryField],[iColPos],[cCaption],[cCaptionPar],[bFixed],[bDisp],[iColWidth],[iAlign],[cOrder],[bLock],[iMergeCols],[bMustSel],[bNeedSum],[LocaleID],[IsEnum],[EnumType],[EnumTypeString],[bFilter],[bMerge],[CanModify],[ReferType],[bHideInColSet],[cSumType],[cProjectNO])
values('EP0201','define7','define7',18,'define7','','0',0,1500,7,'','0','0',0,'0','zh-CN','','','','0','0','','','0','','U870')
insert into aa_columndic_base  ([cKey],[cFld],[cQryField],[iColPos],[cCaption],[cCaptionPar],[bFixed],[bDisp],[iColWidth],[iAlign],[cOrder],[bLock],[iMergeCols],[bMustSel],[bNeedSum],[LocaleID],[IsEnum],[EnumType],[EnumTypeString],[bFilter],[bMerge],[CanModify],[ReferType],[bHideInColSet],[cSumType],[cProjectNO])
values('EP0201','define8','define8',19,'define8','','0',0,1500,1,'','0','0',0,'0','zh-CN','','','','0','0','','','0','','U870')
insert into aa_columndic_base  ([cKey],[cFld],[cQryField],[iColPos],[cCaption],[cCaptionPar],[bFixed],[bDisp],[iColWidth],[iAlign],[cOrder],[bLock],[iMergeCols],[bMustSel],[bNeedSum],[LocaleID],[IsEnum],[EnumType],[EnumTypeString],[bFilter],[bMerge],[CanModify],[ReferType],[bHideInColSet],[cSumType],[cProjectNO])
values('EP0201','define9','define9',20,'define9','','0',0,1500,1,'','0','0',0,'0','zh-CN','','','','0','0','','','0','','U870')
insert into aa_columndic_base  ([cKey],[cFld],[cQryField],[iColPos],[cCaption],[cCaptionPar],[bFixed],[bDisp],[iColWidth],[iAlign],[cOrder],[bLock],[iMergeCols],[bMustSel],[bNeedSum],[LocaleID],[IsEnum],[EnumType],[EnumTypeString],[bFilter],[bMerge],[CanModify],[ReferType],[bHideInColSet],[cSumType],[cProjectNO])
values('EP0201','define10','define10',21,'define10','','0',0,1500,1,'','0','0',0,'0','zh-CN','','','','0','0','','','0','','U870')
insert into aa_columndic_base  ([cKey],[cFld],[cQryField],[iColPos],[cCaption],[cCaptionPar],[bFixed],[bDisp],[iColWidth],[iAlign],[cOrder],[bLock],[iMergeCols],[bMustSel],[bNeedSum],[LocaleID],[IsEnum],[EnumType],[EnumTypeString],[bFilter],[bMerge],[CanModify],[ReferType],[bHideInColSet],[cSumType],[cProjectNO])
values('EP0201','define11','define11',22,'define11','','0',0,1500,1,'','0','0',0,'0','zh-CN','','','','0','0','','','0','','U870')
insert into aa_columndic_base  ([cKey],[cFld],[cQryField],[iColPos],[cCaption],[cCaptionPar],[bFixed],[bDisp],[iColWidth],[iAlign],[cOrder],[bLock],[iMergeCols],[bMustSel],[bNeedSum],[LocaleID],[IsEnum],[EnumType],[EnumTypeString],[bFilter],[bMerge],[CanModify],[ReferType],[bHideInColSet],[cSumType],[cProjectNO])
values('EP0201','define12','define12',23,'define12','','0',0,1500,1,'','0','0',0,'0','zh-CN','','','','0','0','','','0','','U870')
insert into aa_columndic_base  ([cKey],[cFld],[cQryField],[iColPos],[cCaption],[cCaptionPar],[bFixed],[bDisp],[iColWidth],[iAlign],[cOrder],[bLock],[iMergeCols],[bMustSel],[bNeedSum],[LocaleID],[IsEnum],[EnumType],[EnumTypeString],[bFilter],[bMerge],[CanModify],[ReferType],[bHideInColSet],[cSumType],[cProjectNO])
values('EP0201','define13','define13',24,'define13','','0',0,1500,1,'','0','0',0,'0','zh-CN','','','','0','0','','','0','','U870')
insert into aa_columndic_base  ([cKey],[cFld],[cQryField],[iColPos],[cCaption],[cCaptionPar],[bFixed],[bDisp],[iColWidth],[iAlign],[cOrder],[bLock],[iMergeCols],[bMustSel],[bNeedSum],[LocaleID],[IsEnum],[EnumType],[EnumTypeString],[bFilter],[bMerge],[CanModify],[ReferType],[bHideInColSet],[cSumType],[cProjectNO])
values('EP0201','define14','define14',25,'define14','','0',0,1500,1,'','0','0',0,'0','zh-CN','','','','0','0','','','0','','U870')
insert into aa_columndic_base  ([cKey],[cFld],[cQryField],[iColPos],[cCaption],[cCaptionPar],[bFixed],[bDisp],[iColWidth],[iAlign],[cOrder],[bLock],[iMergeCols],[bMustSel],[bNeedSum],[LocaleID],[IsEnum],[EnumType],[EnumTypeString],[bFilter],[bMerge],[CanModify],[ReferType],[bHideInColSet],[cSumType],[cProjectNO])
values('EP0201','define15','define15',26,'define15','','0',0,1500,7,'','0','0',0,'0','zh-CN','','','','0','0','','','0','','U870')
insert into aa_columndic_base  ([cKey],[cFld],[cQryField],[iColPos],[cCaption],[cCaptionPar],[bFixed],[bDisp],[iColWidth],[iAlign],[cOrder],[bLock],[iMergeCols],[bMustSel],[bNeedSum],[LocaleID],[IsEnum],[EnumType],[EnumTypeString],[bFilter],[bMerge],[CanModify],[ReferType],[bHideInColSet],[cSumType],[cProjectNO])
values('EP0201','define16','define16',27,'define16','','0',0,1500,7,'','0','0',0,'0','zh-CN','','','','0','0','','','0','','U870')
insert into aa_columndic_base  ([cKey],[cFld],[cQryField],[iColPos],[cCaption],[cCaptionPar],[bFixed],[bDisp],[iColWidth],[iAlign],[cOrder],[bLock],[iMergeCols],[bMustSel],[bNeedSum],[LocaleID],[IsEnum],[EnumType],[EnumTypeString],[bFilter],[bMerge],[CanModify],[ReferType],[bHideInColSet],[cSumType],[cProjectNO])
values('EP0201','cppcode','cppcode',28,'采购计划单号','','0',0,1500,1,'','0','0',0,'0','zh-CN','','','','0','0','','','0','','U870')
insert into aa_columndic_base  ([cKey],[cFld],[cQryField],[iColPos],[cCaption],[cCaptionPar],[bFixed],[bDisp],[iColWidth],[iAlign],[cOrder],[bLock],[iMergeCols],[bMustSel],[bNeedSum],[LocaleID],[IsEnum],[EnumType],[EnumTypeString],[bFilter],[bMerge],[CanModify],[ReferType],[bHideInColSet],[cSumType],[cProjectNO])
values('EP0201','ccode','ccode',29,'清单编号','','0',1,1500,1,'','0','0',0,'0','zh-CN','','','','0','0','','','0','','U870')
insert into aa_columndic_base  ([cKey],[cFld],[cQryField],[iColPos],[cCaption],[cCaptionPar],[bFixed],[bDisp],[iColWidth],[iAlign],[cOrder],[bLock],[iMergeCols],[bMustSel],[bNeedSum],[LocaleID],[IsEnum],[EnumType],[EnumTypeString],[bFilter],[bMerge],[CanModify],[ReferType],[bHideInColSet],[cSumType],[cProjectNO])
values('EP0201','ddate','ddate',30,'单据日期','','0',1,1500,1,'','0','0',0,'0','zh-CN','','','','0','0','','','0','','U870')
insert into aa_columndic_base  ([cKey],[cFld],[cQryField],[iColPos],[cCaption],[cCaptionPar],[bFixed],[bDisp],[iColWidth],[iAlign],[cOrder],[bLock],[iMergeCols],[bMustSel],[bNeedSum],[LocaleID],[IsEnum],[EnumType],[EnumTypeString],[bFilter],[bMerge],[CanModify],[ReferType],[bHideInColSet],[cSumType],[cProjectNO])
values('EP0201','t_cfree1','t_cfree1',31,'表头存货自由项1','','0',0,1500,1,'','0','0',0,'0','zh-CN','','','','0','0','','','0','','U870')
insert into aa_columndic_base  ([cKey],[cFld],[cQryField],[iColPos],[cCaption],[cCaptionPar],[bFixed],[bDisp],[iColWidth],[iAlign],[cOrder],[bLock],[iMergeCols],[bMustSel],[bNeedSum],[LocaleID],[IsEnum],[EnumType],[EnumTypeString],[bFilter],[bMerge],[CanModify],[ReferType],[bHideInColSet],[cSumType],[cProjectNO])
values('EP0201','t_cfree10','t_cfree10',32,'表头存货自由项10','','0',0,1500,1,'','0','0',0,'0','zh-CN','','','','0','0','','','0','','U870')
insert into aa_columndic_base  ([cKey],[cFld],[cQryField],[iColPos],[cCaption],[cCaptionPar],[bFixed],[bDisp],[iColWidth],[iAlign],[cOrder],[bLock],[iMergeCols],[bMustSel],[bNeedSum],[LocaleID],[IsEnum],[EnumType],[EnumTypeString],[bFilter],[bMerge],[CanModify],[ReferType],[bHideInColSet],[cSumType],[cProjectNO])
values('EP0201','t_cfree2','t_cfree2',33,'表头存货自由项2','','0',0,1500,1,'','0','0',0,'0','zh-CN','','','','0','0','','','0','','U870')
insert into aa_columndic_base  ([cKey],[cFld],[cQryField],[iColPos],[cCaption],[cCaptionPar],[bFixed],[bDisp],[iColWidth],[iAlign],[cOrder],[bLock],[iMergeCols],[bMustSel],[bNeedSum],[LocaleID],[IsEnum],[EnumType],[EnumTypeString],[bFilter],[bMerge],[CanModify],[ReferType],[bHideInColSet],[cSumType],[cProjectNO])
values('EP0201','t_cfree3','t_cfree3',34,'表头存货自由项3','','0',0,1500,1,'','0','0',0,'0','zh-CN','','','','0','0','','','0','','U870')
insert into aa_columndic_base  ([cKey],[cFld],[cQryField],[iColPos],[cCaption],[cCaptionPar],[bFixed],[bDisp],[iColWidth],[iAlign],[cOrder],[bLock],[iMergeCols],[bMustSel],[bNeedSum],[LocaleID],[IsEnum],[EnumType],[EnumTypeString],[bFilter],[bMerge],[CanModify],[ReferType],[bHideInColSet],[cSumType],[cProjectNO])
values('EP0201','t_cfree4','t_cfree4',35,'表头存货自由项4','','0',0,1500,1,'','0','0',0,'0','zh-CN','','','','0','0','','','0','','U870')
insert into aa_columndic_base  ([cKey],[cFld],[cQryField],[iColPos],[cCaption],[cCaptionPar],[bFixed],[bDisp],[iColWidth],[iAlign],[cOrder],[bLock],[iMergeCols],[bMustSel],[bNeedSum],[LocaleID],[IsEnum],[EnumType],[EnumTypeString],[bFilter],[bMerge],[CanModify],[ReferType],[bHideInColSet],[cSumType],[cProjectNO])
values('EP0201','t_cfree5','t_cfree5',36,'表头存货自由项5','','0',0,1500,1,'','0','0',0,'0','zh-CN','','','','0','0','','','0','','U870')
insert into aa_columndic_base  ([cKey],[cFld],[cQryField],[iColPos],[cCaption],[cCaptionPar],[bFixed],[bDisp],[iColWidth],[iAlign],[cOrder],[bLock],[iMergeCols],[bMustSel],[bNeedSum],[LocaleID],[IsEnum],[EnumType],[EnumTypeString],[bFilter],[bMerge],[CanModify],[ReferType],[bHideInColSet],[cSumType],[cProjectNO])
values('EP0201','t_cfree6','t_cfree6',37,'表头存货自由项6','','0',0,1500,1,'','0','0',0,'0','zh-CN','','','','0','0','','','0','','U870')
insert into aa_columndic_base  ([cKey],[cFld],[cQryField],[iColPos],[cCaption],[cCaptionPar],[bFixed],[bDisp],[iColWidth],[iAlign],[cOrder],[bLock],[iMergeCols],[bMustSel],[bNeedSum],[LocaleID],[IsEnum],[EnumType],[EnumTypeString],[bFilter],[bMerge],[CanModify],[ReferType],[bHideInColSet],[cSumType],[cProjectNO])
values('EP0201','t_cfree7','t_cfree7',38,'表头存货自由项7','','0',0,1500,1,'','0','0',0,'0','zh-CN','','','','0','0','','','0','','U870')
insert into aa_columndic_base  ([cKey],[cFld],[cQryField],[iColPos],[cCaption],[cCaptionPar],[bFixed],[bDisp],[iColWidth],[iAlign],[cOrder],[bLock],[iMergeCols],[bMustSel],[bNeedSum],[LocaleID],[IsEnum],[EnumType],[EnumTypeString],[bFilter],[bMerge],[CanModify],[ReferType],[bHideInColSet],[cSumType],[cProjectNO])
values('EP0201','t_cfree8','t_cfree8',39,'表头存货自由项8','','0',0,1500,1,'','0','0',0,'0','zh-CN','','','','0','0','','','0','','U870')
insert into aa_columndic_base  ([cKey],[cFld],[cQryField],[iColPos],[cCaption],[cCaptionPar],[bFixed],[bDisp],[iColWidth],[iAlign],[cOrder],[bLock],[iMergeCols],[bMustSel],[bNeedSum],[LocaleID],[IsEnum],[EnumType],[EnumTypeString],[bFilter],[bMerge],[CanModify],[ReferType],[bHideInColSet],[cSumType],[cProjectNO])
values('EP0201','t_cfree9','t_cfree9',40,'表头存货自由项9','','0',0,1500,1,'','0','0',0,'0','zh-CN','','','','0','0','','','0','','U870')
insert into aa_columndic_base  ([cKey],[cFld],[cQryField],[iColPos],[cCaption],[cCaptionPar],[bFixed],[bDisp],[iColWidth],[iAlign],[cOrder],[bLock],[iMergeCols],[bMustSel],[bNeedSum],[LocaleID],[IsEnum],[EnumType],[EnumTypeString],[bFilter],[bMerge],[CanModify],[ReferType],[bHideInColSet],[cSumType],[cProjectNO])
values('EP0201','citem_class','citem_class',41,'项目大类编码','','0',1,1500,1,'','0','0',0,'0','zh-CN','','','','0','0','','','0','','U870')
insert into aa_columndic_base  ([cKey],[cFld],[cQryField],[iColPos],[cCaption],[cCaptionPar],[bFixed],[bDisp],[iColWidth],[iAlign],[cOrder],[bLock],[iMergeCols],[bMustSel],[bNeedSum],[LocaleID],[IsEnum],[EnumType],[EnumTypeString],[bFilter],[bMerge],[CanModify],[ReferType],[bHideInColSet],[cSumType],[cProjectNO])
values('EP0201','citem_cname','citem_cname',42,'项目大类','','0',1,1500,1,'','0','0',0,'0','zh-CN','','','','0','0','','','0','','U870')
insert into aa_columndic_base  ([cKey],[cFld],[cQryField],[iColPos],[cCaption],[cCaptionPar],[bFixed],[bDisp],[iColWidth],[iAlign],[cOrder],[bLock],[iMergeCols],[bMustSel],[bNeedSum],[LocaleID],[IsEnum],[EnumType],[EnumTypeString],[bFilter],[bMerge],[CanModify],[ReferType],[bHideInColSet],[cSumType],[cProjectNO])
values('EP0201','citemcode','citemcode',43,'项目编码','','0',1,1500,1,'','0','0',0,'0','zh-CN','','','','0','0','','','0','','U870')
insert into aa_columndic_base  ([cKey],[cFld],[cQryField],[iColPos],[cCaption],[cCaptionPar],[bFixed],[bDisp],[iColWidth],[iAlign],[cOrder],[bLock],[iMergeCols],[bMustSel],[bNeedSum],[LocaleID],[IsEnum],[EnumType],[EnumTypeString],[bFilter],[bMerge],[CanModify],[ReferType],[bHideInColSet],[cSumType],[cProjectNO])
values('EP0201','citemname','citemname',44,'项目','','0',1,1500,1,'','0','0',0,'0','zh-CN','','','','0','0','','','0','','U870')
insert into aa_columndic_base  ([cKey],[cFld],[cQryField],[iColPos],[cCaption],[cCaptionPar],[bFixed],[bDisp],[iColWidth],[iAlign],[cOrder],[bLock],[iMergeCols],[bMustSel],[bNeedSum],[LocaleID],[IsEnum],[EnumType],[EnumTypeString],[bFilter],[bMerge],[CanModify],[ReferType],[bHideInColSet],[cSumType],[cProjectNO])
values('EP0201','citemth','citemth',45,'产品图号','','0',1,1500,1,'','0','0',0,'0','zh-CN','','','','0','0','','','0','','U870')
insert into aa_columndic_base  ([cKey],[cFld],[cQryField],[iColPos],[cCaption],[cCaptionPar],[bFixed],[bDisp],[iColWidth],[iAlign],[cOrder],[bLock],[iMergeCols],[bMustSel],[bNeedSum],[LocaleID],[IsEnum],[EnumType],[EnumTypeString],[bFilter],[bMerge],[CanModify],[ReferType],[bHideInColSet],[cSumType],[cProjectNO])
values('EP0201','ccusname','ccusname',46,'客户','','0',1,1500,1,'','0','0',0,'0','zh-CN','','','','0','0','','','0','','U870')
insert into aa_columndic_base  ([cKey],[cFld],[cQryField],[iColPos],[cCaption],[cCaptionPar],[bFixed],[bDisp],[iColWidth],[iAlign],[cOrder],[bLock],[iMergeCols],[bMustSel],[bNeedSum],[LocaleID],[IsEnum],[EnumType],[EnumTypeString],[bFilter],[bMerge],[CanModify],[ReferType],[bHideInColSet],[cSumType],[cProjectNO])
values('EP0201','t_cpersoncode','t_cpersoncode',47,'人员编码','','0',0,1500,1,'','0','0',0,'0','zh-CN','','','','0','0','','','0','','U870')
insert into aa_columndic_base  ([cKey],[cFld],[cQryField],[iColPos],[cCaption],[cCaptionPar],[bFixed],[bDisp],[iColWidth],[iAlign],[cOrder],[bLock],[iMergeCols],[bMustSel],[bNeedSum],[LocaleID],[IsEnum],[EnumType],[EnumTypeString],[bFilter],[bMerge],[CanModify],[ReferType],[bHideInColSet],[cSumType],[cProjectNO])
values('EP0201','t_cpersonname','t_cpersonname',48,'人员名称','','0',0,1500,1,'','0','0',0,'0','zh-CN','','','','0','0','','','0','','U870')
insert into aa_columndic_base  ([cKey],[cFld],[cQryField],[iColPos],[cCaption],[cCaptionPar],[bFixed],[bDisp],[iColWidth],[iAlign],[cOrder],[bLock],[iMergeCols],[bMustSel],[bNeedSum],[LocaleID],[IsEnum],[EnumType],[EnumTypeString],[bFilter],[bMerge],[CanModify],[ReferType],[bHideInColSet],[cSumType],[cProjectNO])
values('EP0201','ipqty','ipqty',49,'产量','','0',1,1500,7,'','0','0',0,'0','zh-CN','','','','0','0','','','0','','U870')
insert into aa_columndic_base  ([cKey],[cFld],[cQryField],[iColPos],[cCaption],[cCaptionPar],[bFixed],[bDisp],[iColWidth],[iAlign],[cOrder],[bLock],[iMergeCols],[bMustSel],[bNeedSum],[LocaleID],[IsEnum],[EnumType],[EnumTypeString],[bFilter],[bMerge],[CanModify],[ReferType],[bHideInColSet],[cSumType],[cProjectNO])
values('EP0201','cmemo','cmemo',50,'备注','','0',1,1500,1,'','0','0',0,'0','zh-CN','','','','0','0','','','0','','U870')
insert into aa_columndic_base  ([cKey],[cFld],[cQryField],[iColPos],[cCaption],[cCaptionPar],[bFixed],[bDisp],[iColWidth],[iAlign],[cOrder],[bLock],[iMergeCols],[bMustSel],[bNeedSum],[LocaleID],[IsEnum],[EnumType],[EnumTypeString],[bFilter],[bMerge],[CanModify],[ReferType],[bHideInColSet],[cSumType],[cProjectNO])
values('EP0201','citemgg','citemgg',51,'产品规格','','0',1,1500,1,'','0','0',0,'0','zh-CN','','','','0','0','','','0','','U870')
insert into aa_columndic_base  ([cKey],[cFld],[cQryField],[iColPos],[cCaption],[cCaptionPar],[bFixed],[bDisp],[iColWidth],[iAlign],[cOrder],[bLock],[iMergeCols],[bMustSel],[bNeedSum],[LocaleID],[IsEnum],[EnumType],[EnumTypeString],[bFilter],[bMerge],[CanModify],[ReferType],[bHideInColSet],[cSumType],[cProjectNO])
values('EP0201','t_ccuscode','t_ccuscode',52,'客户编码','','0',0,1500,1,'','0','0',0,'0','zh-CN','','','','0','0','','','0','','U870')
insert into aa_columndic_base  ([cKey],[cFld],[cQryField],[iColPos],[cCaption],[cCaptionPar],[bFixed],[bDisp],[iColWidth],[iAlign],[cOrder],[bLock],[iMergeCols],[bMustSel],[bNeedSum],[LocaleID],[IsEnum],[EnumType],[EnumTypeString],[bFilter],[bMerge],[CanModify],[ReferType],[bHideInColSet],[cSumType],[cProjectNO])
values('EP0201','t_cdepcode','t_cdepcode',53,'部门编码','','0',1,1500,1,'','0','0',0,'0','zh-CN','','','','0','0','','','0','','U870')
insert into aa_columndic_base  ([cKey],[cFld],[cQryField],[iColPos],[cCaption],[cCaptionPar],[bFixed],[bDisp],[iColWidth],[iAlign],[cOrder],[bLock],[iMergeCols],[bMustSel],[bNeedSum],[LocaleID],[IsEnum],[EnumType],[EnumTypeString],[bFilter],[bMerge],[CanModify],[ReferType],[bHideInColSet],[cSumType],[cProjectNO])
values('EP0201','t_cdepname','t_cdepname',54,'部门名称','','0',1,1500,1,'','0','0',0,'0','zh-CN','','','','0','0','','','0','','U870')
insert into aa_columndic_base  ([cKey],[cFld],[cQryField],[iColPos],[cCaption],[cCaptionPar],[bFixed],[bDisp],[iColWidth],[iAlign],[cOrder],[bLock],[iMergeCols],[bMustSel],[bNeedSum],[LocaleID],[IsEnum],[EnumType],[EnumTypeString],[bFilter],[bMerge],[CanModify],[ReferType],[bHideInColSet],[cSumType],[cProjectNO])
values('EP0201','t_ccusname','t_ccusname',55,'客户名称','','0',0,1500,1,'','0','0',0,'0','zh-CN','','','','0','0','','','0','','U870')
insert into aa_columndic_base  ([cKey],[cFld],[cQryField],[iColPos],[cCaption],[cCaptionPar],[bFixed],[bDisp],[iColWidth],[iAlign],[cOrder],[bLock],[iMergeCols],[bMustSel],[bNeedSum],[LocaleID],[IsEnum],[EnumType],[EnumTypeString],[bFilter],[bMerge],[CanModify],[ReferType],[bHideInColSet],[cSumType],[cProjectNO])
values('EP0201','t_cvencode','t_cvencode',56,'供应商编码','','0',0,1500,1,'','0','0',0,'0','zh-CN','','','','0','0','','','0','','U870')
insert into aa_columndic_base  ([cKey],[cFld],[cQryField],[iColPos],[cCaption],[cCaptionPar],[bFixed],[bDisp],[iColWidth],[iAlign],[cOrder],[bLock],[iMergeCols],[bMustSel],[bNeedSum],[LocaleID],[IsEnum],[EnumType],[EnumTypeString],[bFilter],[bMerge],[CanModify],[ReferType],[bHideInColSet],[cSumType],[cProjectNO])
values('EP0201','t_cvenname','t_cvenname',57,'供应商名称','','0',0,1500,1,'','0','0',0,'0','zh-CN','','','','0','0','','','0','','U870')
insert into aa_columndic_base  ([cKey],[cFld],[cQryField],[iColPos],[cCaption],[cCaptionPar],[bFixed],[bDisp],[iColWidth],[iAlign],[cOrder],[bLock],[iMergeCols],[bMustSel],[bNeedSum],[LocaleID],[IsEnum],[EnumType],[EnumTypeString],[bFilter],[bMerge],[CanModify],[ReferType],[bHideInColSet],[cSumType],[cProjectNO])
values('EP0201','t_cwhcode','t_cwhcode',58,'仓库编码','','0',0,1500,1,'','0','0',0,'0','zh-CN','','','','0','0','','','0','','U870')
insert into aa_columndic_base  ([cKey],[cFld],[cQryField],[iColPos],[cCaption],[cCaptionPar],[bFixed],[bDisp],[iColWidth],[iAlign],[cOrder],[bLock],[iMergeCols],[bMustSel],[bNeedSum],[LocaleID],[IsEnum],[EnumType],[EnumTypeString],[bFilter],[bMerge],[CanModify],[ReferType],[bHideInColSet],[cSumType],[cProjectNO])
values('EP0201','t_cwhname','t_cwhname',59,'仓库名称','','0',0,1500,1,'','0','0',0,'0','zh-CN','','','','0','0','','','0','','U870')
insert into aa_columndic_base  ([cKey],[cFld],[cQryField],[iColPos],[cCaption],[cCaptionPar],[bFixed],[bDisp],[iColWidth],[iAlign],[cOrder],[bLock],[iMergeCols],[bMustSel],[bNeedSum],[LocaleID],[IsEnum],[EnumType],[EnumTypeString],[bFilter],[bMerge],[CanModify],[ReferType],[bHideInColSet],[cSumType],[cProjectNO])
values('EP0201','t_cinvcode','t_cinvcode',60,'存货编码','','0',0,1500,1,'','0','0',0,'0','zh-CN','','','','0','0','','','0','','U870')
insert into aa_columndic_base  ([cKey],[cFld],[cQryField],[iColPos],[cCaption],[cCaptionPar],[bFixed],[bDisp],[iColWidth],[iAlign],[cOrder],[bLock],[iMergeCols],[bMustSel],[bNeedSum],[LocaleID],[IsEnum],[EnumType],[EnumTypeString],[bFilter],[bMerge],[CanModify],[ReferType],[bHideInColSet],[cSumType],[cProjectNO])
values('EP0201','t_cinvname','t_cinvname',61,'存货名称','','0',0,1500,1,'','0','0',0,'0','zh-CN','','','','0','0','','','0','','U870')
insert into aa_columndic_base  ([cKey],[cFld],[cQryField],[iColPos],[cCaption],[cCaptionPar],[bFixed],[bDisp],[iColWidth],[iAlign],[cOrder],[bLock],[iMergeCols],[bMustSel],[bNeedSum],[LocaleID],[IsEnum],[EnumType],[EnumTypeString],[bFilter],[bMerge],[CanModify],[ReferType],[bHideInColSet],[cSumType],[cProjectNO])
values('EP0201','cmaker','cmaker',62,'制单人','','0',1,1500,1,'','0','0',0,'0','zh-CN','','','','0','0','','','0','','U870')
insert into aa_columndic_base  ([cKey],[cFld],[cQryField],[iColPos],[cCaption],[cCaptionPar],[bFixed],[bDisp],[iColWidth],[iAlign],[cOrder],[bLock],[iMergeCols],[bMustSel],[bNeedSum],[LocaleID],[IsEnum],[EnumType],[EnumTypeString],[bFilter],[bMerge],[CanModify],[ReferType],[bHideInColSet],[cSumType],[cProjectNO])
values('EP0201','cmakerddate','cmakerddate',63,'制单日期','','0',1,1500,1,'','0','0',0,'0','zh-CN','','','','0','0','','','0','','U870')
insert into aa_columndic_base  ([cKey],[cFld],[cQryField],[iColPos],[cCaption],[cCaptionPar],[bFixed],[bDisp],[iColWidth],[iAlign],[cOrder],[bLock],[iMergeCols],[bMustSel],[bNeedSum],[LocaleID],[IsEnum],[EnumType],[EnumTypeString],[bFilter],[bMerge],[CanModify],[ReferType],[bHideInColSet],[cSumType],[cProjectNO])
values('EP0201','bzx','bzx',64,'执行状态','','0',1,1500,1,'','0','0',0,'0','zh-CN','','','','0','0','','','0','','U870')
insert into aa_columndic_base  ([cKey],[cFld],[cQryField],[iColPos],[cCaption],[cCaptionPar],[bFixed],[bDisp],[iColWidth],[iAlign],[cOrder],[bLock],[iMergeCols],[bMustSel],[bNeedSum],[LocaleID],[IsEnum],[EnumType],[EnumTypeString],[bFilter],[bMerge],[CanModify],[ReferType],[bHideInColSet],[cSumType],[cProjectNO])
values('EP0201','iprintcount','iprintcount',65,'打印次数','','0',1,1500,7,'','0','0',0,'0','zh-CN','','','','0','0','','','0','','U870')
insert into aa_columndic_base  ([cKey],[cFld],[cQryField],[iColPos],[cCaption],[cCaptionPar],[bFixed],[bDisp],[iColWidth],[iAlign],[cOrder],[bLock],[iMergeCols],[bMustSel],[bNeedSum],[LocaleID],[IsEnum],[EnumType],[EnumTypeString],[bFilter],[bMerge],[CanModify],[ReferType],[bHideInColSet],[cSumType],[cProjectNO])
values('EP0201','dverifydate','dverifydate',66,'审核日期','','0',1,1500,1,'','0','0',0,'0','zh-CN','','','','0','0','','','0','','U870')
insert into aa_columndic_base  ([cKey],[cFld],[cQryField],[iColPos],[cCaption],[cCaptionPar],[bFixed],[bDisp],[iColWidth],[iAlign],[cOrder],[bLock],[iMergeCols],[bMustSel],[bNeedSum],[LocaleID],[IsEnum],[EnumType],[EnumTypeString],[bFilter],[bMerge],[CanModify],[ReferType],[bHideInColSet],[cSumType],[cProjectNO])
values('EP0201','cverifier','cverifier',67,'审核人','','0',1,1500,1,'','0','0',0,'0','zh-CN','','','','0','0','','','0','','U870')
insert into aa_columndic_base  ([cKey],[cFld],[cQryField],[iColPos],[cCaption],[cCaptionPar],[bFixed],[bDisp],[iColWidth],[iAlign],[cOrder],[bLock],[iMergeCols],[bMustSel],[bNeedSum],[LocaleID],[IsEnum],[EnumType],[EnumTypeString],[bFilter],[bMerge],[CanModify],[ReferType],[bHideInColSet],[cSumType],[cProjectNO])
values('EP0201','ccloser','ccloser',68,'关闭人','','0',0,1500,1,'','0','0',0,'0','zh-CN','','','','0','0','','','0','','U870')
insert into aa_columndic_base  ([cKey],[cFld],[cQryField],[iColPos],[cCaption],[cCaptionPar],[bFixed],[bDisp],[iColWidth],[iAlign],[cOrder],[bLock],[iMergeCols],[bMustSel],[bNeedSum],[LocaleID],[IsEnum],[EnumType],[EnumTypeString],[bFilter],[bMerge],[CanModify],[ReferType],[bHideInColSet],[cSumType],[cProjectNO])
values('EP0201','dcloserdate','dcloserdate',69,'关闭日期','','0',0,1500,1,'','0','0',0,'0','zh-CN','','','','0','0','','','0','','U870')
insert into aa_columndic_base  ([cKey],[cFld],[cQryField],[iColPos],[cCaption],[cCaptionPar],[bFixed],[bDisp],[iColWidth],[iAlign],[cOrder],[bLock],[iMergeCols],[bMustSel],[bNeedSum],[LocaleID],[IsEnum],[EnumType],[EnumTypeString],[bFilter],[bMerge],[CanModify],[ReferType],[bHideInColSet],[cSumType],[cProjectNO])
values('EP0201','cmodifer','cmodifer',70,'变更人','','0',0,1500,1,'','0','0',0,'0','zh-CN','','','','0','0','','','0','','U870')
insert into aa_columndic_base  ([cKey],[cFld],[cQryField],[iColPos],[cCaption],[cCaptionPar],[bFixed],[bDisp],[iColWidth],[iAlign],[cOrder],[bLock],[iMergeCols],[bMustSel],[bNeedSum],[LocaleID],[IsEnum],[EnumType],[EnumTypeString],[bFilter],[bMerge],[CanModify],[ReferType],[bHideInColSet],[cSumType],[cProjectNO])
values('EP0201','cmodiferDate','cmodiferDate',71,'变更日期','','0',0,1500,1,'','0','0',0,'0','zh-CN','','','','0','0','','','0','','U870')
insert into aa_columndic_base  ([cKey],[cFld],[cQryField],[iColPos],[cCaption],[cCaptionPar],[bFixed],[bDisp],[iColWidth],[iAlign],[cOrder],[bLock],[iMergeCols],[bMustSel],[bNeedSum],[LocaleID],[IsEnum],[EnumType],[EnumTypeString],[bFilter],[bMerge],[CanModify],[ReferType],[bHideInColSet],[cSumType],[cProjectNO])
values('EP0201','cmodifier','cmodifier',72,'修改人','','0',1,1500,1,'','0','0',0,'0','zh-CN','','','','0','0','','','0','','U870')
insert into aa_columndic_base  ([cKey],[cFld],[cQryField],[iColPos],[cCaption],[cCaptionPar],[bFixed],[bDisp],[iColWidth],[iAlign],[cOrder],[bLock],[iMergeCols],[bMustSel],[bNeedSum],[LocaleID],[IsEnum],[EnumType],[EnumTypeString],[bFilter],[bMerge],[CanModify],[ReferType],[bHideInColSet],[cSumType],[cProjectNO])
values('EP0201','dmoddate','dmoddate',73,'修改日期','','0',1,1500,1,'','0','0',0,'0','zh-CN','','','','0','0','','','0','','U870')
insert into aa_columndic_base  ([cKey],[cFld],[cQryField],[iColPos],[cCaption],[cCaptionPar],[bFixed],[bDisp],[iColWidth],[iAlign],[cOrder],[bLock],[iMergeCols],[bMustSel],[bNeedSum],[LocaleID],[IsEnum],[EnumType],[EnumTypeString],[bFilter],[bMerge],[CanModify],[ReferType],[bHideInColSet],[cSumType],[cProjectNO])
values('EP0201','dmodifysystime','dmodifysystime',74,'修改时间','','0',1,1500,1,'','0','0',0,'0','zh-CN','','','','0','0','','','0','','U870')
insert into aa_columndic_base  ([cKey],[cFld],[cQryField],[iColPos],[cCaption],[cCaptionPar],[bFixed],[bDisp],[iColWidth],[iAlign],[cOrder],[bLock],[iMergeCols],[bMustSel],[bNeedSum],[LocaleID],[IsEnum],[EnumType],[EnumTypeString],[bFilter],[bMerge],[CanModify],[ReferType],[bHideInColSet],[cSumType],[cProjectNO])
values('EP0201','dnverifytime','dnverifytime',75,'审核时间','','0',1,1500,1,'','0','0',0,'0','zh-CN','','','','0','0','','','0','','U870')
insert into aa_columndic_base  ([cKey],[cFld],[cQryField],[iColPos],[cCaption],[cCaptionPar],[bFixed],[bDisp],[iColWidth],[iAlign],[cOrder],[bLock],[iMergeCols],[bMustSel],[bNeedSum],[LocaleID],[IsEnum],[EnumType],[EnumTypeString],[bFilter],[bMerge],[CanModify],[ReferType],[bHideInColSet],[cSumType],[cProjectNO])
values('EP0201','irowno','irowno',76,'行号','','0',1,1500,7,'','0','0',0,'0','zh-CN','','','','0','0','','','0','','U870')
insert into aa_columndic_base  ([cKey],[cFld],[cQryField],[iColPos],[cCaption],[cCaptionPar],[bFixed],[bDisp],[iColWidth],[iAlign],[cOrder],[bLock],[iMergeCols],[bMustSel],[bNeedSum],[LocaleID],[IsEnum],[EnumType],[EnumTypeString],[bFilter],[bMerge],[CanModify],[ReferType],[bHideInColSet],[cSumType],[cProjectNO])
values('EP0201','cinvname_cad','cinvname_cad',77,'名称/规格','','0',1,1500,1,'','0','0',0,'0','zh-CN','','','','0','0','','','0','','U870')
insert into aa_columndic_base  ([cKey],[cFld],[cQryField],[iColPos],[cCaption],[cCaptionPar],[bFixed],[bDisp],[iColWidth],[iAlign],[cOrder],[bLock],[iMergeCols],[bMustSel],[bNeedSum],[LocaleID],[IsEnum],[EnumType],[EnumTypeString],[bFilter],[bMerge],[CanModify],[ReferType],[bHideInColSet],[cSumType],[cProjectNO])
values('EP0201','cperform','cperform',78,'材质/性能','','0',1,1500,1,'','0','0',0,'0','zh-CN','','','','0','0','','','0','','U870')
insert into aa_columndic_base  ([cKey],[cFld],[cQryField],[iColPos],[cCaption],[cCaptionPar],[bFixed],[bDisp],[iColWidth],[iAlign],[cOrder],[bLock],[iMergeCols],[bMustSel],[bNeedSum],[LocaleID],[IsEnum],[EnumType],[EnumTypeString],[bFilter],[bMerge],[CanModify],[ReferType],[bHideInColSet],[cSumType],[cProjectNO])
values('EP0201','cpart','cpart',79,'产品部件','','0',1,1500,1,'','0','0',0,'0','zh-CN','','','','0','0','','','0','','U870')
insert into aa_columndic_base  ([cKey],[cFld],[cQryField],[iColPos],[cCaption],[cCaptionPar],[bFixed],[bDisp],[iColWidth],[iAlign],[cOrder],[bLock],[iMergeCols],[bMustSel],[bNeedSum],[LocaleID],[IsEnum],[EnumType],[EnumTypeString],[bFilter],[bMerge],[CanModify],[ReferType],[bHideInColSet],[cSumType],[cProjectNO])
values('EP0201','b_cdepcode','b_cdepcode',80,'部门编码','','0',0,1500,1,'','0','0',0,'0','zh-CN','','','','0','0','','','0','','U870')
insert into aa_columndic_base  ([cKey],[cFld],[cQryField],[iColPos],[cCaption],[cCaptionPar],[bFixed],[bDisp],[iColWidth],[iAlign],[cOrder],[bLock],[iMergeCols],[bMustSel],[bNeedSum],[LocaleID],[IsEnum],[EnumType],[EnumTypeString],[bFilter],[bMerge],[CanModify],[ReferType],[bHideInColSet],[cSumType],[cProjectNO])
values('EP0201','b_cdepname','b_cdepname',81,'部门名称','','0',0,1500,1,'','0','0',0,'0','zh-CN','','','','0','0','','','0','','U870')
insert into aa_columndic_base  ([cKey],[cFld],[cQryField],[iColPos],[cCaption],[cCaptionPar],[bFixed],[bDisp],[iColWidth],[iAlign],[cOrder],[bLock],[iMergeCols],[bMustSel],[bNeedSum],[LocaleID],[IsEnum],[EnumType],[EnumTypeString],[bFilter],[bMerge],[CanModify],[ReferType],[bHideInColSet],[cSumType],[cProjectNO])
values('EP0201','b_cpersoncode','b_cpersoncode',82,'人员编码','','0',0,1500,1,'','0','0',0,'0','zh-CN','','','','0','0','','','0','','U870')
insert into aa_columndic_base  ([cKey],[cFld],[cQryField],[iColPos],[cCaption],[cCaptionPar],[bFixed],[bDisp],[iColWidth],[iAlign],[cOrder],[bLock],[iMergeCols],[bMustSel],[bNeedSum],[LocaleID],[IsEnum],[EnumType],[EnumTypeString],[bFilter],[bMerge],[CanModify],[ReferType],[bHideInColSet],[cSumType],[cProjectNO])
values('EP0201','b_cpersonname','b_cpersonname',83,'人员名称','','0',0,1500,1,'','0','0',0,'0','zh-CN','','','','0','0','','','0','','U870')
insert into aa_columndic_base  ([cKey],[cFld],[cQryField],[iColPos],[cCaption],[cCaptionPar],[bFixed],[bDisp],[iColWidth],[iAlign],[cOrder],[bLock],[iMergeCols],[bMustSel],[bNeedSum],[LocaleID],[IsEnum],[EnumType],[EnumTypeString],[bFilter],[bMerge],[CanModify],[ReferType],[bHideInColSet],[cSumType],[cProjectNO])
values('EP0201','b_ccuscode','b_ccuscode',84,'客户编码','','0',0,1500,1,'','0','0',0,'0','zh-CN','','','','0','0','','','0','','U870')
insert into aa_columndic_base  ([cKey],[cFld],[cQryField],[iColPos],[cCaption],[cCaptionPar],[bFixed],[bDisp],[iColWidth],[iAlign],[cOrder],[bLock],[iMergeCols],[bMustSel],[bNeedSum],[LocaleID],[IsEnum],[EnumType],[EnumTypeString],[bFilter],[bMerge],[CanModify],[ReferType],[bHideInColSet],[cSumType],[cProjectNO])
values('EP0201','b_ccusname','b_ccusname',85,'客户名称','','0',0,1500,1,'','0','0',0,'0','zh-CN','','','','0','0','','','0','','U870')
insert into aa_columndic_base  ([cKey],[cFld],[cQryField],[iColPos],[cCaption],[cCaptionPar],[bFixed],[bDisp],[iColWidth],[iAlign],[cOrder],[bLock],[iMergeCols],[bMustSel],[bNeedSum],[LocaleID],[IsEnum],[EnumType],[EnumTypeString],[bFilter],[bMerge],[CanModify],[ReferType],[bHideInColSet],[cSumType],[cProjectNO])
values('EP0201','b_cvencode','b_cvencode',86,'供应商编码','','0',0,1500,1,'','0','0',0,'0','zh-CN','','','','0','0','','','0','','U870')
insert into aa_columndic_base  ([cKey],[cFld],[cQryField],[iColPos],[cCaption],[cCaptionPar],[bFixed],[bDisp],[iColWidth],[iAlign],[cOrder],[bLock],[iMergeCols],[bMustSel],[bNeedSum],[LocaleID],[IsEnum],[EnumType],[EnumTypeString],[bFilter],[bMerge],[CanModify],[ReferType],[bHideInColSet],[cSumType],[cProjectNO])
values('EP0201','b_cvenname','b_cvenname',87,'供应商名称','','0',0,1500,1,'','0','0',0,'0','zh-CN','','','','0','0','','','0','','U870')
insert into aa_columndic_base  ([cKey],[cFld],[cQryField],[iColPos],[cCaption],[cCaptionPar],[bFixed],[bDisp],[iColWidth],[iAlign],[cOrder],[bLock],[iMergeCols],[bMustSel],[bNeedSum],[LocaleID],[IsEnum],[EnumType],[EnumTypeString],[bFilter],[bMerge],[CanModify],[ReferType],[bHideInColSet],[cSumType],[cProjectNO])
values('EP0201','b_cwhcode','b_cwhcode',88,'仓库编码','','0',0,1500,1,'','0','0',0,'0','zh-CN','','','','0','0','','','0','','U870')
insert into aa_columndic_base  ([cKey],[cFld],[cQryField],[iColPos],[cCaption],[cCaptionPar],[bFixed],[bDisp],[iColWidth],[iAlign],[cOrder],[bLock],[iMergeCols],[bMustSel],[bNeedSum],[LocaleID],[IsEnum],[EnumType],[EnumTypeString],[bFilter],[bMerge],[CanModify],[ReferType],[bHideInColSet],[cSumType],[cProjectNO])
values('EP0201','b_cwhname','b_cwhname',89,'仓库名称','','0',0,1500,1,'','0','0',0,'0','zh-CN','','','','0','0','','','0','','U870')
insert into aa_columndic_base  ([cKey],[cFld],[cQryField],[iColPos],[cCaption],[cCaptionPar],[bFixed],[bDisp],[iColWidth],[iAlign],[cOrder],[bLock],[iMergeCols],[bMustSel],[bNeedSum],[LocaleID],[IsEnum],[EnumType],[EnumTypeString],[bFilter],[bMerge],[CanModify],[ReferType],[bHideInColSet],[cSumType],[cProjectNO])
values('EP0201','b_cinvcode','b_cinvcode',90,'物料编码','','0',1,1500,1,'','0','0',0,'0','zh-CN','','','','0','0','','','0','','U870')
insert into aa_columndic_base  ([cKey],[cFld],[cQryField],[iColPos],[cCaption],[cCaptionPar],[bFixed],[bDisp],[iColWidth],[iAlign],[cOrder],[bLock],[iMergeCols],[bMustSel],[bNeedSum],[LocaleID],[IsEnum],[EnumType],[EnumTypeString],[bFilter],[bMerge],[CanModify],[ReferType],[bHideInColSet],[cSumType],[cProjectNO])
values('EP0201','b_cinvname','b_cinvname',91,'存货名称','','0',1,1500,1,'','0','0',0,'0','zh-CN','','','','0','0','','','0','','U870')
insert into aa_columndic_base  ([cKey],[cFld],[cQryField],[iColPos],[cCaption],[cCaptionPar],[bFixed],[bDisp],[iColWidth],[iAlign],[cOrder],[bLock],[iMergeCols],[bMustSel],[bNeedSum],[LocaleID],[IsEnum],[EnumType],[EnumTypeString],[bFilter],[bMerge],[CanModify],[ReferType],[bHideInColSet],[cSumType],[cProjectNO])
values('EP0201','define22','define22',92,'define22','','0',0,1500,1,'','0','0',0,'0','zh-CN','','','','0','0','','','0','','U870')
insert into aa_columndic_base  ([cKey],[cFld],[cQryField],[iColPos],[cCaption],[cCaptionPar],[bFixed],[bDisp],[iColWidth],[iAlign],[cOrder],[bLock],[iMergeCols],[bMustSel],[bNeedSum],[LocaleID],[IsEnum],[EnumType],[EnumTypeString],[bFilter],[bMerge],[CanModify],[ReferType],[bHideInColSet],[cSumType],[cProjectNO])
values('EP0201','define23','define23',93,'define23','','0',0,1500,1,'','0','0',0,'0','zh-CN','','','','0','0','','','0','','U870')
insert into aa_columndic_base  ([cKey],[cFld],[cQryField],[iColPos],[cCaption],[cCaptionPar],[bFixed],[bDisp],[iColWidth],[iAlign],[cOrder],[bLock],[iMergeCols],[bMustSel],[bNeedSum],[LocaleID],[IsEnum],[EnumType],[EnumTypeString],[bFilter],[bMerge],[CanModify],[ReferType],[bHideInColSet],[cSumType],[cProjectNO])
values('EP0201','define24','define24',94,'define24','','0',0,1500,1,'','0','0',0,'0','zh-CN','','','','0','0','','','0','','U870')
insert into aa_columndic_base  ([cKey],[cFld],[cQryField],[iColPos],[cCaption],[cCaptionPar],[bFixed],[bDisp],[iColWidth],[iAlign],[cOrder],[bLock],[iMergeCols],[bMustSel],[bNeedSum],[LocaleID],[IsEnum],[EnumType],[EnumTypeString],[bFilter],[bMerge],[CanModify],[ReferType],[bHideInColSet],[cSumType],[cProjectNO])
values('EP0201','define25','define25',95,'define25','','0',0,1500,1,'','0','0',0,'0','zh-CN','','','','0','0','','','0','','U870')
insert into aa_columndic_base  ([cKey],[cFld],[cQryField],[iColPos],[cCaption],[cCaptionPar],[bFixed],[bDisp],[iColWidth],[iAlign],[cOrder],[bLock],[iMergeCols],[bMustSel],[bNeedSum],[LocaleID],[IsEnum],[EnumType],[EnumTypeString],[bFilter],[bMerge],[CanModify],[ReferType],[bHideInColSet],[cSumType],[cProjectNO])
values('EP0201','define26','define26',96,'define26','','0',0,1500,7,'','0','0',0,'0','zh-CN','','','','0','0','','','0','','U870')
insert into aa_columndic_base  ([cKey],[cFld],[cQryField],[iColPos],[cCaption],[cCaptionPar],[bFixed],[bDisp],[iColWidth],[iAlign],[cOrder],[bLock],[iMergeCols],[bMustSel],[bNeedSum],[LocaleID],[IsEnum],[EnumType],[EnumTypeString],[bFilter],[bMerge],[CanModify],[ReferType],[bHideInColSet],[cSumType],[cProjectNO])
values('EP0201','define27','define27',97,'define27','','0',0,1500,1,'','0','0',0,'0','zh-CN','','','','0','0','','','0','','U870')
insert into aa_columndic_base  ([cKey],[cFld],[cQryField],[iColPos],[cCaption],[cCaptionPar],[bFixed],[bDisp],[iColWidth],[iAlign],[cOrder],[bLock],[iMergeCols],[bMustSel],[bNeedSum],[LocaleID],[IsEnum],[EnumType],[EnumTypeString],[bFilter],[bMerge],[CanModify],[ReferType],[bHideInColSet],[cSumType],[cProjectNO])
values('EP0201','define28','define28',98,'define28','','0',0,1500,7,'','0','0',0,'0','zh-CN','','','','0','0','','','0','','U870')
insert into aa_columndic_base  ([cKey],[cFld],[cQryField],[iColPos],[cCaption],[cCaptionPar],[bFixed],[bDisp],[iColWidth],[iAlign],[cOrder],[bLock],[iMergeCols],[bMustSel],[bNeedSum],[LocaleID],[IsEnum],[EnumType],[EnumTypeString],[bFilter],[bMerge],[CanModify],[ReferType],[bHideInColSet],[cSumType],[cProjectNO])
values('EP0201','define29','define29',99,'define29','','0',0,1500,1,'','0','0',0,'0','zh-CN','','','','0','0','','','0','','U870')
insert into aa_columndic_base  ([cKey],[cFld],[cQryField],[iColPos],[cCaption],[cCaptionPar],[bFixed],[bDisp],[iColWidth],[iAlign],[cOrder],[bLock],[iMergeCols],[bMustSel],[bNeedSum],[LocaleID],[IsEnum],[EnumType],[EnumTypeString],[bFilter],[bMerge],[CanModify],[ReferType],[bHideInColSet],[cSumType],[cProjectNO])
values('EP0201','define30','define30',100,'define30','','0',0,1500,1,'','0','0',0,'0','zh-CN','','','','0','0','','','0','','U870')
insert into aa_columndic_base  ([cKey],[cFld],[cQryField],[iColPos],[cCaption],[cCaptionPar],[bFixed],[bDisp],[iColWidth],[iAlign],[cOrder],[bLock],[iMergeCols],[bMustSel],[bNeedSum],[LocaleID],[IsEnum],[EnumType],[EnumTypeString],[bFilter],[bMerge],[CanModify],[ReferType],[bHideInColSet],[cSumType],[cProjectNO])
values('EP0201','define31','define31',101,'项目清单号','','0',0,1500,1,'','0','0',0,'0','zh-CN','','','','0','0','','','0','','U870')
insert into aa_columndic_base  ([cKey],[cFld],[cQryField],[iColPos],[cCaption],[cCaptionPar],[bFixed],[bDisp],[iColWidth],[iAlign],[cOrder],[bLock],[iMergeCols],[bMustSel],[bNeedSum],[LocaleID],[IsEnum],[EnumType],[EnumTypeString],[bFilter],[bMerge],[CanModify],[ReferType],[bHideInColSet],[cSumType],[cProjectNO])
values('EP0201','define32','define32',102,'采购计划单号','','0',0,1500,1,'','0','0',0,'0','zh-CN','','','','0','0','','','0','','U870')
insert into aa_columndic_base  ([cKey],[cFld],[cQryField],[iColPos],[cCaption],[cCaptionPar],[bFixed],[bDisp],[iColWidth],[iAlign],[cOrder],[bLock],[iMergeCols],[bMustSel],[bNeedSum],[LocaleID],[IsEnum],[EnumType],[EnumTypeString],[bFilter],[bMerge],[CanModify],[ReferType],[bHideInColSet],[cSumType],[cProjectNO])
values('EP0201','define33','define33',103,'define33','','0',0,1500,1,'','0','0',0,'0','zh-CN','','','','0','0','','','0','','U870')
insert into aa_columndic_base  ([cKey],[cFld],[cQryField],[iColPos],[cCaption],[cCaptionPar],[bFixed],[bDisp],[iColWidth],[iAlign],[cOrder],[bLock],[iMergeCols],[bMustSel],[bNeedSum],[LocaleID],[IsEnum],[EnumType],[EnumTypeString],[bFilter],[bMerge],[CanModify],[ReferType],[bHideInColSet],[cSumType],[cProjectNO])
values('EP0201','define34','define34',104,'define34','','0',0,1500,1,'','0','0',0,'0','zh-CN','','','','0','0','','','0','','U870')
insert into aa_columndic_base  ([cKey],[cFld],[cQryField],[iColPos],[cCaption],[cCaptionPar],[bFixed],[bDisp],[iColWidth],[iAlign],[cOrder],[bLock],[iMergeCols],[bMustSel],[bNeedSum],[LocaleID],[IsEnum],[EnumType],[EnumTypeString],[bFilter],[bMerge],[CanModify],[ReferType],[bHideInColSet],[cSumType],[cProjectNO])
values('EP0201','define35','define35',105,'define35','','0',0,1500,1,'','0','0',0,'0','zh-CN','','','','0','0','','','0','','U870')
insert into aa_columndic_base  ([cKey],[cFld],[cQryField],[iColPos],[cCaption],[cCaptionPar],[bFixed],[bDisp],[iColWidth],[iAlign],[cOrder],[bLock],[iMergeCols],[bMustSel],[bNeedSum],[LocaleID],[IsEnum],[EnumType],[EnumTypeString],[bFilter],[bMerge],[CanModify],[ReferType],[bHideInColSet],[cSumType],[cProjectNO])
values('EP0201','define36','define36',106,'define36','','0',0,1500,7,'','0','0',0,'0','zh-CN','','','','0','0','','','0','','U870')
insert into aa_columndic_base  ([cKey],[cFld],[cQryField],[iColPos],[cCaption],[cCaptionPar],[bFixed],[bDisp],[iColWidth],[iAlign],[cOrder],[bLock],[iMergeCols],[bMustSel],[bNeedSum],[LocaleID],[IsEnum],[EnumType],[EnumTypeString],[bFilter],[bMerge],[CanModify],[ReferType],[bHideInColSet],[cSumType],[cProjectNO])
values('EP0201','define37','define37',107,'define37','','0',0,1500,7,'','0','0',0,'0','zh-CN','','','','0','0','','','0','','U870')
insert into aa_columndic_base  ([cKey],[cFld],[cQryField],[iColPos],[cCaption],[cCaptionPar],[bFixed],[bDisp],[iColWidth],[iAlign],[cOrder],[bLock],[iMergeCols],[bMustSel],[bNeedSum],[LocaleID],[IsEnum],[EnumType],[EnumTypeString],[bFilter],[bMerge],[CanModify],[ReferType],[bHideInColSet],[cSumType],[cProjectNO])
values('EP0201','b_cinvstd','b_cinvstd',108,'规格','','0',1,1500,1,'','0','0',0,'0','zh-CN','','','','0','0','','','0','','U870')
insert into aa_columndic_base  ([cKey],[cFld],[cQryField],[iColPos],[cCaption],[cCaptionPar],[bFixed],[bDisp],[iColWidth],[iAlign],[cOrder],[bLock],[iMergeCols],[bMustSel],[bNeedSum],[LocaleID],[IsEnum],[EnumType],[EnumTypeString],[bFilter],[bMerge],[CanModify],[ReferType],[bHideInColSet],[cSumType],[cProjectNO])
values('EP0201','b_ccomunitname','b_ccomunitname',109,'主计量单位','','0',1,1500,1,'','0','0',0,'0','zh-CN','','','','0','0','','','0','','U870')
insert into aa_columndic_base  ([cKey],[cFld],[cQryField],[iColPos],[cCaption],[cCaptionPar],[bFixed],[bDisp],[iColWidth],[iAlign],[cOrder],[bLock],[iMergeCols],[bMustSel],[bNeedSum],[LocaleID],[IsEnum],[EnumType],[EnumTypeString],[bFilter],[bMerge],[CanModify],[ReferType],[bHideInColSet],[cSumType],[cProjectNO])
values('EP0201','b_cfree1','b_cfree1',110,'表体存货自由项1','','0',0,1500,1,'','0','0',0,'0','zh-CN','','','','0','0','','','0','','U870')
insert into aa_columndic_base  ([cKey],[cFld],[cQryField],[iColPos],[cCaption],[cCaptionPar],[bFixed],[bDisp],[iColWidth],[iAlign],[cOrder],[bLock],[iMergeCols],[bMustSel],[bNeedSum],[LocaleID],[IsEnum],[EnumType],[EnumTypeString],[bFilter],[bMerge],[CanModify],[ReferType],[bHideInColSet],[cSumType],[cProjectNO])
values('EP0201','b_cfree2','b_cfree2',111,'表体存货自由项2','','0',0,1500,1,'','0','0',0,'0','zh-CN','','','','0','0','','','0','','U870')
insert into aa_columndic_base  ([cKey],[cFld],[cQryField],[iColPos],[cCaption],[cCaptionPar],[bFixed],[bDisp],[iColWidth],[iAlign],[cOrder],[bLock],[iMergeCols],[bMustSel],[bNeedSum],[LocaleID],[IsEnum],[EnumType],[EnumTypeString],[bFilter],[bMerge],[CanModify],[ReferType],[bHideInColSet],[cSumType],[cProjectNO])
values('EP0201','b_cfree3','b_cfree3',112,'表体存货自由项3','','0',0,1500,1,'','0','0',0,'0','zh-CN','','','','0','0','','','0','','U870')
insert into aa_columndic_base  ([cKey],[cFld],[cQryField],[iColPos],[cCaption],[cCaptionPar],[bFixed],[bDisp],[iColWidth],[iAlign],[cOrder],[bLock],[iMergeCols],[bMustSel],[bNeedSum],[LocaleID],[IsEnum],[EnumType],[EnumTypeString],[bFilter],[bMerge],[CanModify],[ReferType],[bHideInColSet],[cSumType],[cProjectNO])
values('EP0201','b_cfree4','b_cfree4',113,'表体存货自由项4','','0',0,1500,1,'','0','0',0,'0','zh-CN','','','','0','0','','','0','','U870')
insert into aa_columndic_base  ([cKey],[cFld],[cQryField],[iColPos],[cCaption],[cCaptionPar],[bFixed],[bDisp],[iColWidth],[iAlign],[cOrder],[bLock],[iMergeCols],[bMustSel],[bNeedSum],[LocaleID],[IsEnum],[EnumType],[EnumTypeString],[bFilter],[bMerge],[CanModify],[ReferType],[bHideInColSet],[cSumType],[cProjectNO])
values('EP0201','b_cfree5','b_cfree5',114,'表体存货自由项5','','0',0,1500,1,'','0','0',0,'0','zh-CN','','','','0','0','','','0','','U870')
insert into aa_columndic_base  ([cKey],[cFld],[cQryField],[iColPos],[cCaption],[cCaptionPar],[bFixed],[bDisp],[iColWidth],[iAlign],[cOrder],[bLock],[iMergeCols],[bMustSel],[bNeedSum],[LocaleID],[IsEnum],[EnumType],[EnumTypeString],[bFilter],[bMerge],[CanModify],[ReferType],[bHideInColSet],[cSumType],[cProjectNO])
values('EP0201','b_cfree6','b_cfree6',115,'表体存货自由项6','','0',0,1500,1,'','0','0',0,'0','zh-CN','','','','0','0','','','0','','U870')
insert into aa_columndic_base  ([cKey],[cFld],[cQryField],[iColPos],[cCaption],[cCaptionPar],[bFixed],[bDisp],[iColWidth],[iAlign],[cOrder],[bLock],[iMergeCols],[bMustSel],[bNeedSum],[LocaleID],[IsEnum],[EnumType],[EnumTypeString],[bFilter],[bMerge],[CanModify],[ReferType],[bHideInColSet],[cSumType],[cProjectNO])
values('EP0201','b_cfree7','b_cfree7',116,'表体存货自由项7','','0',0,1500,1,'','0','0',0,'0','zh-CN','','','','0','0','','','0','','U870')
insert into aa_columndic_base  ([cKey],[cFld],[cQryField],[iColPos],[cCaption],[cCaptionPar],[bFixed],[bDisp],[iColWidth],[iAlign],[cOrder],[bLock],[iMergeCols],[bMustSel],[bNeedSum],[LocaleID],[IsEnum],[EnumType],[EnumTypeString],[bFilter],[bMerge],[CanModify],[ReferType],[bHideInColSet],[cSumType],[cProjectNO])
values('EP0201','b_cfree8','b_cfree8',117,'表体存货自由项8','','0',0,1500,1,'','0','0',0,'0','zh-CN','','','','0','0','','','0','','U870')
insert into aa_columndic_base  ([cKey],[cFld],[cQryField],[iColPos],[cCaption],[cCaptionPar],[bFixed],[bDisp],[iColWidth],[iAlign],[cOrder],[bLock],[iMergeCols],[bMustSel],[bNeedSum],[LocaleID],[IsEnum],[EnumType],[EnumTypeString],[bFilter],[bMerge],[CanModify],[ReferType],[bHideInColSet],[cSumType],[cProjectNO])
values('EP0201','b_cfree9','b_cfree9',118,'表体存货自由项9','','0',0,1500,1,'','0','0',0,'0','zh-CN','','','','0','0','','','0','','U870')
insert into aa_columndic_base  ([cKey],[cFld],[cQryField],[iColPos],[cCaption],[cCaptionPar],[bFixed],[bDisp],[iColWidth],[iAlign],[cOrder],[bLock],[iMergeCols],[bMustSel],[bNeedSum],[LocaleID],[IsEnum],[EnumType],[EnumTypeString],[bFilter],[bMerge],[CanModify],[ReferType],[bHideInColSet],[cSumType],[cProjectNO])
values('EP0201','b_cfree10','b_cfree10',119,'表体存货自由项10','','0',0,1500,1,'','0','0',0,'0','zh-CN','','','','0','0','','','0','','U870')
insert into aa_columndic_base  ([cKey],[cFld],[cQryField],[iColPos],[cCaption],[cCaptionPar],[bFixed],[bDisp],[iColWidth],[iAlign],[cOrder],[bLock],[iMergeCols],[bMustSel],[bNeedSum],[LocaleID],[IsEnum],[EnumType],[EnumTypeString],[bFilter],[bMerge],[CanModify],[ReferType],[bHideInColSet],[cSumType],[cProjectNO])
values('EP0201','cInvDefine1','cInvDefine1',120,'存货自定义项1','','0',0,1500,1,'','0','0',0,'0','zh-CN','','','','0','0','','','0','','U870')
insert into aa_columndic_base  ([cKey],[cFld],[cQryField],[iColPos],[cCaption],[cCaptionPar],[bFixed],[bDisp],[iColWidth],[iAlign],[cOrder],[bLock],[iMergeCols],[bMustSel],[bNeedSum],[LocaleID],[IsEnum],[EnumType],[EnumTypeString],[bFilter],[bMerge],[CanModify],[ReferType],[bHideInColSet],[cSumType],[cProjectNO])
values('EP0201','cInvDefine2','cInvDefine2',121,'存货自定义项2','','0',0,1500,1,'','0','0',0,'0','zh-CN','','','','0','0','','','0','','U870')
insert into aa_columndic_base  ([cKey],[cFld],[cQryField],[iColPos],[cCaption],[cCaptionPar],[bFixed],[bDisp],[iColWidth],[iAlign],[cOrder],[bLock],[iMergeCols],[bMustSel],[bNeedSum],[LocaleID],[IsEnum],[EnumType],[EnumTypeString],[bFilter],[bMerge],[CanModify],[ReferType],[bHideInColSet],[cSumType],[cProjectNO])
values('EP0201','cInvDefine3','cInvDefine3',122,'存货自定义项3','','0',0,1500,1,'','0','0',0,'0','zh-CN','','','','0','0','','','0','','U870')
insert into aa_columndic_base  ([cKey],[cFld],[cQryField],[iColPos],[cCaption],[cCaptionPar],[bFixed],[bDisp],[iColWidth],[iAlign],[cOrder],[bLock],[iMergeCols],[bMustSel],[bNeedSum],[LocaleID],[IsEnum],[EnumType],[EnumTypeString],[bFilter],[bMerge],[CanModify],[ReferType],[bHideInColSet],[cSumType],[cProjectNO])
values('EP0201','cInvDefine4','cInvDefine4',123,'存货自定义项4','','0',0,1500,1,'','0','0',0,'0','zh-CN','','','','0','0','','','0','','U870')
insert into aa_columndic_base  ([cKey],[cFld],[cQryField],[iColPos],[cCaption],[cCaptionPar],[bFixed],[bDisp],[iColWidth],[iAlign],[cOrder],[bLock],[iMergeCols],[bMustSel],[bNeedSum],[LocaleID],[IsEnum],[EnumType],[EnumTypeString],[bFilter],[bMerge],[CanModify],[ReferType],[bHideInColSet],[cSumType],[cProjectNO])
values('EP0201','cInvDefine5','cInvDefine5',124,'存货自定义项5','','0',0,1500,1,'','0','0',0,'0','zh-CN','','','','0','0','','','0','','U870')
insert into aa_columndic_base  ([cKey],[cFld],[cQryField],[iColPos],[cCaption],[cCaptionPar],[bFixed],[bDisp],[iColWidth],[iAlign],[cOrder],[bLock],[iMergeCols],[bMustSel],[bNeedSum],[LocaleID],[IsEnum],[EnumType],[EnumTypeString],[bFilter],[bMerge],[CanModify],[ReferType],[bHideInColSet],[cSumType],[cProjectNO])
values('EP0201','cInvDefine6','cInvDefine6',125,'存货自定义项6','','0',0,1500,1,'','0','0',0,'0','zh-CN','','','','0','0','','','0','','U870')
insert into aa_columndic_base  ([cKey],[cFld],[cQryField],[iColPos],[cCaption],[cCaptionPar],[bFixed],[bDisp],[iColWidth],[iAlign],[cOrder],[bLock],[iMergeCols],[bMustSel],[bNeedSum],[LocaleID],[IsEnum],[EnumType],[EnumTypeString],[bFilter],[bMerge],[CanModify],[ReferType],[bHideInColSet],[cSumType],[cProjectNO])
values('EP0201','cInvDefine7','cInvDefine7',126,'存货自定义项7','','0',0,1500,1,'','0','0',0,'0','zh-CN','','','','0','0','','','0','','U870')
insert into aa_columndic_base  ([cKey],[cFld],[cQryField],[iColPos],[cCaption],[cCaptionPar],[bFixed],[bDisp],[iColWidth],[iAlign],[cOrder],[bLock],[iMergeCols],[bMustSel],[bNeedSum],[LocaleID],[IsEnum],[EnumType],[EnumTypeString],[bFilter],[bMerge],[CanModify],[ReferType],[bHideInColSet],[cSumType],[cProjectNO])
values('EP0201','cInvDefine8','cInvDefine8',127,'存货自定义项8','','0',0,1500,1,'','0','0',0,'0','zh-CN','','','','0','0','','','0','','U870')
insert into aa_columndic_base  ([cKey],[cFld],[cQryField],[iColPos],[cCaption],[cCaptionPar],[bFixed],[bDisp],[iColWidth],[iAlign],[cOrder],[bLock],[iMergeCols],[bMustSel],[bNeedSum],[LocaleID],[IsEnum],[EnumType],[EnumTypeString],[bFilter],[bMerge],[CanModify],[ReferType],[bHideInColSet],[cSumType],[cProjectNO])
values('EP0201','cInvDefine9','cInvDefine9',128,'存货自定义项9','','0',0,1500,1,'','0','0',0,'0','zh-CN','','','','0','0','','','0','','U870')
insert into aa_columndic_base  ([cKey],[cFld],[cQryField],[iColPos],[cCaption],[cCaptionPar],[bFixed],[bDisp],[iColWidth],[iAlign],[cOrder],[bLock],[iMergeCols],[bMustSel],[bNeedSum],[LocaleID],[IsEnum],[EnumType],[EnumTypeString],[bFilter],[bMerge],[CanModify],[ReferType],[bHideInColSet],[cSumType],[cProjectNO])
values('EP0201','cInvDefine10','cInvDefine10',129,'存货自定义项10','','0',0,1500,1,'','0','0',0,'0','zh-CN','','','','0','0','','','0','','U870')
insert into aa_columndic_base  ([cKey],[cFld],[cQryField],[iColPos],[cCaption],[cCaptionPar],[bFixed],[bDisp],[iColWidth],[iAlign],[cOrder],[bLock],[iMergeCols],[bMustSel],[bNeedSum],[LocaleID],[IsEnum],[EnumType],[EnumTypeString],[bFilter],[bMerge],[CanModify],[ReferType],[bHideInColSet],[cSumType],[cProjectNO])
values('EP0201','cInvDefine11','cInvDefine11',130,'存货自定义项11','','0',0,1500,7,'','0','0',0,'0','zh-CN','','','','0','0','','','0','','U870')
insert into aa_columndic_base  ([cKey],[cFld],[cQryField],[iColPos],[cCaption],[cCaptionPar],[bFixed],[bDisp],[iColWidth],[iAlign],[cOrder],[bLock],[iMergeCols],[bMustSel],[bNeedSum],[LocaleID],[IsEnum],[EnumType],[EnumTypeString],[bFilter],[bMerge],[CanModify],[ReferType],[bHideInColSet],[cSumType],[cProjectNO])
values('EP0201','cInvDefine12','cInvDefine12',131,'存货自定义项12','','0',0,1500,7,'','0','0',0,'0','zh-CN','','','','0','0','','','0','','U870')
insert into aa_columndic_base  ([cKey],[cFld],[cQryField],[iColPos],[cCaption],[cCaptionPar],[bFixed],[bDisp],[iColWidth],[iAlign],[cOrder],[bLock],[iMergeCols],[bMustSel],[bNeedSum],[LocaleID],[IsEnum],[EnumType],[EnumTypeString],[bFilter],[bMerge],[CanModify],[ReferType],[bHideInColSet],[cSumType],[cProjectNO])
values('EP0201','cInvDefine13','cInvDefine13',132,'存货自定义项13','','0',1,1500,7,'','0','0',0,'0','zh-CN','','','','0','0','','','0','','U870')
insert into aa_columndic_base  ([cKey],[cFld],[cQryField],[iColPos],[cCaption],[cCaptionPar],[bFixed],[bDisp],[iColWidth],[iAlign],[cOrder],[bLock],[iMergeCols],[bMustSel],[bNeedSum],[LocaleID],[IsEnum],[EnumType],[EnumTypeString],[bFilter],[bMerge],[CanModify],[ReferType],[bHideInColSet],[cSumType],[cProjectNO])
values('EP0201','cInvDefine14','cInvDefine14',133,'存货自定义项14','','0',0,1500,7,'','0','0',0,'0','zh-CN','','','','0','0','','','0','','U870')
insert into aa_columndic_base  ([cKey],[cFld],[cQryField],[iColPos],[cCaption],[cCaptionPar],[bFixed],[bDisp],[iColWidth],[iAlign],[cOrder],[bLock],[iMergeCols],[bMustSel],[bNeedSum],[LocaleID],[IsEnum],[EnumType],[EnumTypeString],[bFilter],[bMerge],[CanModify],[ReferType],[bHideInColSet],[cSumType],[cProjectNO])
values('EP0201','cInvDefine15','cInvDefine15',134,'存货自定义项15','','0',0,1500,1,'','0','0',0,'0','zh-CN','','','','0','0','','','0','','U870')
insert into aa_columndic_base  ([cKey],[cFld],[cQryField],[iColPos],[cCaption],[cCaptionPar],[bFixed],[bDisp],[iColWidth],[iAlign],[cOrder],[bLock],[iMergeCols],[bMustSel],[bNeedSum],[LocaleID],[IsEnum],[EnumType],[EnumTypeString],[bFilter],[bMerge],[CanModify],[ReferType],[bHideInColSet],[cSumType],[cProjectNO])
values('EP0201','cInvDefine16','cInvDefine16',135,'存货自定义项16','','0',0,1500,1,'','0','0',0,'0','zh-CN','','','','0','0','','','0','','U870')
insert into aa_columndic_base  ([cKey],[cFld],[cQryField],[iColPos],[cCaption],[cCaptionPar],[bFixed],[bDisp],[iColWidth],[iAlign],[cOrder],[bLock],[iMergeCols],[bMustSel],[bNeedSum],[LocaleID],[IsEnum],[EnumType],[EnumTypeString],[bFilter],[bMerge],[CanModify],[ReferType],[bHideInColSet],[cSumType],[cProjectNO])
values('EP0201','iinvexchrate','iinvexchrate',136,'换算率','','0',0,1500,7,'','0','0',0,'0','zh-CN','','','','0','0','','','0','','U870')
insert into aa_columndic_base  ([cKey],[cFld],[cQryField],[iColPos],[cCaption],[cCaptionPar],[bFixed],[bDisp],[iColWidth],[iAlign],[cOrder],[bLock],[iMergeCols],[bMustSel],[bNeedSum],[LocaleID],[IsEnum],[EnumType],[EnumTypeString],[bFilter],[bMerge],[CanModify],[ReferType],[bHideInColSet],[cSumType],[cProjectNO])
values('EP0201','auxunitcode','auxunitcode',137,'辅计量单位编码','','0',0,1500,1,'','0','0',0,'0','zh-CN','','','','0','0','','','0','','U870')
insert into aa_columndic_base  ([cKey],[cFld],[cQryField],[iColPos],[cCaption],[cCaptionPar],[bFixed],[bDisp],[iColWidth],[iAlign],[cOrder],[bLock],[iMergeCols],[bMustSel],[bNeedSum],[LocaleID],[IsEnum],[EnumType],[EnumTypeString],[bFilter],[bMerge],[CanModify],[ReferType],[bHideInColSet],[cSumType],[cProjectNO])
values('EP0201','auxunitname','auxunitname',138,'辅计量单位','','0',0,1500,1,'','0','0',0,'0','zh-CN','','','','0','0','','','0','','U870')
insert into aa_columndic_base  ([cKey],[cFld],[cQryField],[iColPos],[cCaption],[cCaptionPar],[bFixed],[bDisp],[iColWidth],[iAlign],[cOrder],[bLock],[iMergeCols],[bMustSel],[bNeedSum],[LocaleID],[IsEnum],[EnumType],[EnumTypeString],[bFilter],[bMerge],[CanModify],[ReferType],[bHideInColSet],[cSumType],[cProjectNO])
values('EP0201','iunitqty','iunitqty',139,'单台用量','','0',1,1500,7,'','0','0',0,'1','zh-CN','','','','0','0','','','0','','U870')
insert into aa_columndic_base  ([cKey],[cFld],[cQryField],[iColPos],[cCaption],[cCaptionPar],[bFixed],[bDisp],[iColWidth],[iAlign],[cOrder],[bLock],[iMergeCols],[bMustSel],[bNeedSum],[LocaleID],[IsEnum],[EnumType],[EnumTypeString],[bFilter],[bMerge],[CanModify],[ReferType],[bHideInColSet],[cSumType],[cProjectNO])
values('EP0201','iqty','iqty',140,'总数（重）量','','0',1,1500,7,'','0','0',0,'1','zh-CN','','','','0','0','','','0','','U870')
insert into aa_columndic_base  ([cKey],[cFld],[cQryField],[iColPos],[cCaption],[cCaptionPar],[bFixed],[bDisp],[iColWidth],[iAlign],[cOrder],[bLock],[iMergeCols],[bMustSel],[bNeedSum],[LocaleID],[IsEnum],[EnumType],[EnumTypeString],[bFilter],[bMerge],[CanModify],[ReferType],[bHideInColSet],[cSumType],[cProjectNO])
values('EP0201','cbmemo','cbmemo',141,'表体备注','','0',1,1500,1,'','0','0',0,'0','zh-CN','','','','0','0','','','0','','U870')
insert into aa_columndic_base  ([cKey],[cFld],[cQryField],[iColPos],[cCaption],[cCaptionPar],[bFixed],[bDisp],[iColWidth],[iAlign],[cOrder],[bLock],[iMergeCols],[bMustSel],[bNeedSum],[LocaleID],[IsEnum],[EnumType],[EnumTypeString],[bFilter],[bMerge],[CanModify],[ReferType],[bHideInColSet],[cSumType],[cProjectNO])
values('EP0201','coutsourced','coutsourced',142,'外协外购','','0',1,1500,1,'','0','0',0,'0','zh-CN','','','','0','0','','','0','','U870')
insert into aa_columndic_base  ([cKey],[cFld],[cQryField],[iColPos],[cCaption],[cCaptionPar],[bFixed],[bDisp],[iColWidth],[iAlign],[cOrder],[bLock],[iMergeCols],[bMustSel],[bNeedSum],[LocaleID],[IsEnum],[EnumType],[EnumTypeString],[bFilter],[bMerge],[CanModify],[ReferType],[bHideInColSet],[cSumType],[cProjectNO])
values('EP0201','cbcloser','cbcloser',143,'关闭人','','0',1,1500,1,'','0','0',0,'0','zh-CN','','','','0','0','','','0','','U870')
insert into aa_columndic_base  ([cKey],[cFld],[cQryField],[iColPos],[cCaption],[cCaptionPar],[bFixed],[bDisp],[iColWidth],[iAlign],[cOrder],[bLock],[iMergeCols],[bMustSel],[bNeedSum],[LocaleID],[IsEnum],[EnumType],[EnumTypeString],[bFilter],[bMerge],[CanModify],[ReferType],[bHideInColSet],[cSumType],[cProjectNO])
values('EP0201','cbclosedate','cbclosedate',144,'关闭日期','','0',1,1500,1,'','0','0',0,'0','zh-CN','','','','0','0','','','0','','U870')
insert into aa_columndic_base  ([cKey],[cFld],[cQryField],[iColPos],[cCaption],[cCaptionPar],[bFixed],[bDisp],[iColWidth],[iAlign],[cOrder],[bLock],[iMergeCols],[bMustSel],[bNeedSum],[LocaleID],[IsEnum],[EnumType],[EnumTypeString],[bFilter],[bMerge],[CanModify],[ReferType],[bHideInColSet],[cSumType],[cProjectNO])
values('EP0201','illqty','illqty',145,'累计领料量','','0',1,1500,7,'','0','0',0,'0','zh-CN','','','','0','0','','','0','','U870')
insert into aa_columndic_base  ([cKey],[cFld],[cQryField],[iColPos],[cCaption],[cCaptionPar],[bFixed],[bDisp],[iColWidth],[iAlign],[cOrder],[bLock],[iMergeCols],[bMustSel],[bNeedSum],[LocaleID],[IsEnum],[EnumType],[EnumTypeString],[bFilter],[bMerge],[CanModify],[ReferType],[bHideInColSet],[cSumType],[cProjectNO])
values('EP0201','iwlyqty','iwlyqty',146,'未领料量','','0',1,1500,7,'','0','0',0,'0','zh-CN','','','','0','0','','','0','','U870')
insert into aa_columndic_base  ([cKey],[cFld],[cQryField],[iColPos],[cCaption],[cCaptionPar],[bFixed],[bDisp],[iColWidth],[iAlign],[cOrder],[bLock],[iMergeCols],[bMustSel],[bNeedSum],[LocaleID],[IsEnum],[EnumType],[EnumTypeString],[bFilter],[bMerge],[CanModify],[ReferType],[bHideInColSet],[cSumType],[cProjectNO])
values('EP0201','autoid','autoid',147,'autoid','','0',0,1500,4,'','0','0',1,'0','zh-CN','','','','0','0','','','0','','U870')

--

GO
-- select * from AA_Forms_base Where cFormCode =N'EP0201'
-- select * from AA_Forms_lang Where cFormCode =N'EP0201'
-- select * from AA_FormButtons_base Where cFormCode =N'EP0201'
-- select * from AA_FormButtons_lang Where cFormCode =N'EP0201'
-- select * from AA_FormButtonMenus_base Where cFormCode =N'EP0201'
-- select * from AA_FormButtonMenus_lang Where cFormCode =N'EP0201'
-- select * from AA_FormButtonAuths Where cFormCode =N'EP0201' 
Delete from AA_Forms_base Where cFormCode =N'EP0201'
GO
Delete from AA_Forms_lang Where cFormCode =N'EP0201'
GO
Delete from AA_FormButtons_base Where cFormCode =N'EP0201'
GO
Delete from AA_FormButtons_lang Where cFormCode =N'EP0201'
GO
Delete from AA_FormButtonMenus_base Where cFormCode =N'EP0201'
GO
Delete from AA_FormButtonMenus_lang Where cFormCode =N'EP0201'
GO
Delete from AA_FormButtonAuths Where cFormCode =N'EP0201' 
GO

GO
insert into AA_Forms_base ([cFormCode],[cSubID],[iFormType],[cMemo],[cProjectNO],[bSmallbutton])
values('EP0201','EF',0,'项目需求计划单','U870',0)

GO
insert into AA_Forms_lang ([cFormCode],[localeid],[cFormCaption],[cFormDesc],[cSubID],[cProjectNO])
values('EP0201','en-US','项目需求计划单','','EF','U870')
insert into AA_Forms_lang ([cFormCode],[localeid],[cFormCaption],[cFormDesc],[cSubID],[cProjectNO])
values('EP0201','zh-CN','项目需求计划单','','EF','U870')
insert into AA_Forms_lang ([cFormCode],[localeid],[cFormCaption],[cFormDesc],[cSubID],[cProjectNO])
values('EP0201','zh-TW','项目需求计划单','','EF','U870')

GO
insert into AA_FormButtons_base ([cFormCode],[cButtonKey],[cGroup],[cPic],[cToolBarType],[iToolBarStyle],[iOrder],[iheightRow],[cHotKey],[cAuthid],[iVoucherCtlIndex],[ctoolbarPosIndex],[cResID],[cTipResID],[cSubID],[cProjectNO],[cForegroundColor],[cBackgroundColor],[cSetGroup],[iSetGroupRow],[ProcessObjectName],[FunctionKey])
values('EP0201','add','EP0201_P_20','Add','PortalToolbar',5,40,3,'F5','',0,'P','','','EF','U870','','','EP0201_P_20_20',1,'','')
insert into AA_FormButtons_base ([cFormCode],[cButtonKey],[cGroup],[cPic],[cToolBarType],[iToolBarStyle],[iOrder],[iheightRow],[cHotKey],[cAuthid],[iVoucherCtlIndex],[ctoolbarPosIndex],[cResID],[cTipResID],[cSubID],[cProjectNO],[cForegroundColor],[cBackgroundColor],[cSetGroup],[iSetGroupRow],[ProcessObjectName],[FunctionKey])
values('EP0201','attached','EP0201_P_20','accessories','PortalToolbar',0,90,1,'','',0,'P','','','EF','U870','','','EP0201_P_20_50',2,'','')
insert into AA_FormButtons_base ([cFormCode],[cButtonKey],[cGroup],[cPic],[cToolBarType],[iToolBarStyle],[iOrder],[iheightRow],[cHotKey],[cAuthid],[iVoucherCtlIndex],[ctoolbarPosIndex],[cResID],[cTipResID],[cSubID],[cProjectNO],[cForegroundColor],[cBackgroundColor],[cSetGroup],[iSetGroupRow],[ProcessObjectName],[FunctionKey])
values('EP0201','batchmodify','EP0201_B_10','batchmodify','PortalToolbar',0,50,1,'','',0,'B','','','EF','U870',Null,Null,'EP0201_B_10_0',1,Null,Null)
insert into AA_FormButtons_base ([cFormCode],[cButtonKey],[cGroup],[cPic],[cToolBarType],[iToolBarStyle],[iOrder],[iheightRow],[cHotKey],[cAuthid],[iVoucherCtlIndex],[ctoolbarPosIndex],[cResID],[cTipResID],[cSubID],[cProjectNO],[cForegroundColor],[cBackgroundColor],[cSetGroup],[iSetGroupRow],[ProcessObjectName],[FunctionKey])
values('EP0201','cancel','EP0201_P_20','Cancel','PortalToolbar',0,100,1,'Ctrl+Z','',0,'P','','','EF','U870','','','EP0201_P_20_50',2,'','')
insert into AA_FormButtons_base ([cFormCode],[cButtonKey],[cGroup],[cPic],[cToolBarType],[iToolBarStyle],[iOrder],[iheightRow],[cHotKey],[cAuthid],[iVoucherCtlIndex],[ctoolbarPosIndex],[cResID],[cTipResID],[cSubID],[cProjectNO],[cForegroundColor],[cBackgroundColor],[cSetGroup],[iSetGroupRow],[ProcessObjectName],[FunctionKey])
values('EP0201','closeline','EP0201_B_10','close','PortalToolbar',0,60,1,'','',0,'B','','','EF','U870',Null,Null,'EP0201_B_10_0',1,Null,Null)
insert into AA_FormButtons_base ([cFormCode],[cButtonKey],[cGroup],[cPic],[cToolBarType],[iToolBarStyle],[iOrder],[iheightRow],[cHotKey],[cAuthid],[iVoucherCtlIndex],[ctoolbarPosIndex],[cResID],[cTipResID],[cSubID],[cProjectNO],[cForegroundColor],[cBackgroundColor],[cSetGroup],[iSetGroupRow],[ProcessObjectName],[FunctionKey])
values('EP0201','closeorder','EP0201_P_40','close','PortalToolbar',0,180,1,'','',0,'P','','','EF','U870','black','','EP0201_P_40_10',2,'','')
insert into AA_FormButtons_base ([cFormCode],[cButtonKey],[cGroup],[cPic],[cToolBarType],[iToolBarStyle],[iOrder],[iheightRow],[cHotKey],[cAuthid],[iVoucherCtlIndex],[ctoolbarPosIndex],[cResID],[cTipResID],[cSubID],[cProjectNO],[cForegroundColor],[cBackgroundColor],[cSetGroup],[iSetGroupRow],[ProcessObjectName],[FunctionKey])
values('EP0201','copy','EP0201_P_20','Copy','PortalToolbar',0,50,1,'Ctrl+F5','',0,'P','','','EF','U870','black','','EP0201_P_20_30',2,'','')
insert into AA_FormButtons_base ([cFormCode],[cButtonKey],[cGroup],[cPic],[cToolBarType],[iToolBarStyle],[iOrder],[iheightRow],[cHotKey],[cAuthid],[iVoucherCtlIndex],[ctoolbarPosIndex],[cResID],[cTipResID],[cSubID],[cProjectNO],[cForegroundColor],[cBackgroundColor],[cSetGroup],[iSetGroupRow],[ProcessObjectName],[FunctionKey])
values('EP0201','copyline','EP0201_B_10','copy a line','PortalToolbar',0,20,1,'','',0,'B','','','EF','U870',Null,Null,'EP0201_B_10_0',1,Null,Null)
insert into AA_FormButtons_base ([cFormCode],[cButtonKey],[cGroup],[cPic],[cToolBarType],[iToolBarStyle],[iOrder],[iheightRow],[cHotKey],[cAuthid],[iVoucherCtlIndex],[ctoolbarPosIndex],[cResID],[cTipResID],[cSubID],[cProjectNO],[cForegroundColor],[cBackgroundColor],[cSetGroup],[iSetGroupRow],[ProcessObjectName],[FunctionKey])
values('EP0201','delete','EP0201_P_20','Delete','PortalToolbar',0,80,1,'Del','',0,'P','','','EF','U870','','','EP0201_P_20_40',2,'','')
insert into AA_FormButtons_base ([cFormCode],[cButtonKey],[cGroup],[cPic],[cToolBarType],[iToolBarStyle],[iOrder],[iheightRow],[cHotKey],[cAuthid],[iVoucherCtlIndex],[ctoolbarPosIndex],[cResID],[cTipResID],[cSubID],[cProjectNO],[cForegroundColor],[cBackgroundColor],[cSetGroup],[iSetGroupRow],[ProcessObjectName],[FunctionKey])
values('EP0201','delline','EP0201_B_10','Delete a row','PortalToolbar',0,40,1,'Ctrl+D','',0,'B','','','EF','U870',Null,Null,'EP0201_B_10_0',1,Null,Null)
insert into AA_FormButtons_base ([cFormCode],[cButtonKey],[cGroup],[cPic],[cToolBarType],[iToolBarStyle],[iOrder],[iheightRow],[cHotKey],[cAuthid],[iVoucherCtlIndex],[ctoolbarPosIndex],[cResID],[cTipResID],[cSubID],[cProjectNO],[cForegroundColor],[cBackgroundColor],[cSetGroup],[iSetGroupRow],[ProcessObjectName],[FunctionKey])
values('EP0201','Discussion','EP0201_P_50','Discuss','PortalToolbar',0,210,1,'','',0,'P','','','EF','U870','','','EP0201_P_50_10',3,'VchPubButtons.clsMain','Discuss')
insert into AA_FormButtons_base ([cFormCode],[cButtonKey],[cGroup],[cPic],[cToolBarType],[iToolBarStyle],[iOrder],[iheightRow],[cHotKey],[cAuthid],[iVoucherCtlIndex],[ctoolbarPosIndex],[cResID],[cTipResID],[cSubID],[cProjectNO],[cForegroundColor],[cBackgroundColor],[cSetGroup],[iSetGroupRow],[ProcessObjectName],[FunctionKey])
values('EP0201','displayFormat','EP0201_B_10','displayFormat','PortalToolbar',5,100,1,'','',0,'B','','','EF','U870',Null,Null,'EP0201_B_10_0',1,'VchPubButtons.clsMain','ShowFormat')
insert into AA_FormButtons_base ([cFormCode],[cButtonKey],[cGroup],[cPic],[cToolBarType],[iToolBarStyle],[iOrder],[iheightRow],[cHotKey],[cAuthid],[iVoucherCtlIndex],[ctoolbarPosIndex],[cResID],[cTipResID],[cSubID],[cProjectNO],[cForegroundColor],[cBackgroundColor],[cSetGroup],[iSetGroupRow],[ProcessObjectName],[FunctionKey])
values('EP0201','draft','EP0201_P_20','Draft','PortalToolbar',128,60,1,'','',0,'P','','','EF','U870','','','EP0201_P_20_30',2,'VchPubButtons.clsMain','Draft')
insert into AA_FormButtons_base ([cFormCode],[cButtonKey],[cGroup],[cPic],[cToolBarType],[iToolBarStyle],[iOrder],[iheightRow],[cHotKey],[cAuthid],[iVoucherCtlIndex],[ctoolbarPosIndex],[cResID],[cTipResID],[cSubID],[cProjectNO],[cForegroundColor],[cBackgroundColor],[cSetGroup],[iSetGroupRow],[ProcessObjectName],[FunctionKey])
values('EP0201','formatsetup','EP0201_P_60','format','PortalToolbar',0,240,1,'','',0,'P','','','EF','U870','black','','EP0201_P_60_20',3,'','')
insert into AA_FormButtons_base ([cFormCode],[cButtonKey],[cGroup],[cPic],[cToolBarType],[iToolBarStyle],[iOrder],[iheightRow],[cHotKey],[cAuthid],[iVoucherCtlIndex],[ctoolbarPosIndex],[cResID],[cTipResID],[cSubID],[cProjectNO],[cForegroundColor],[cBackgroundColor],[cSetGroup],[iSetGroupRow],[ProcessObjectName],[FunctionKey])
values('EP0201','import','EP0201_P_60','import','PortalToolbar',0,230,3,'','',0,'P','','','EF','U870','black','','EP0201_P_60_10',1,'','')
insert into AA_FormButtons_base ([cFormCode],[cButtonKey],[cGroup],[cPic],[cToolBarType],[iToolBarStyle],[iOrder],[iheightRow],[cHotKey],[cAuthid],[iVoucherCtlIndex],[ctoolbarPosIndex],[cResID],[cTipResID],[cSubID],[cProjectNO],[cForegroundColor],[cBackgroundColor],[cSetGroup],[iSetGroupRow],[ProcessObjectName],[FunctionKey])
values('EP0201','insertline','EP0201_B_10','insert row','PortalToolbar',0,10,1,'Ctrl+I','',0,'B','','','EF','U870',Null,Null,'EP0201_B_10_0',1,Null,Null)
insert into AA_FormButtons_base ([cFormCode],[cButtonKey],[cGroup],[cPic],[cToolBarType],[iToolBarStyle],[iOrder],[iheightRow],[cHotKey],[cAuthid],[iVoucherCtlIndex],[ctoolbarPosIndex],[cResID],[cTipResID],[cSubID],[cProjectNO],[cForegroundColor],[cBackgroundColor],[cSetGroup],[iSetGroupRow],[ProcessObjectName],[FunctionKey])
values('EP0201','locate','PF_Voucher_T_1','Advanced','PortalToolbar',0,80,3,'Ctrl+F3','',0,'T','','','EF','U870',Null,Null,'PF_Voucher_T_1_8',1,Null,Null)
insert into AA_FormButtons_base ([cFormCode],[cButtonKey],[cGroup],[cPic],[cToolBarType],[iToolBarStyle],[iOrder],[iheightRow],[cHotKey],[cAuthid],[iVoucherCtlIndex],[ctoolbarPosIndex],[cResID],[cTipResID],[cSubID],[cProjectNO],[cForegroundColor],[cBackgroundColor],[cSetGroup],[iSetGroupRow],[ProcessObjectName],[FunctionKey])
values('EP0201','mirowsplitter','EP0201_B_10','Split Row','PortalToolbar',0,30,1,'','',0,'B','','','EF','U870','black','','EP0201_B_10_0',1,Null,Null)
insert into AA_FormButtons_base ([cFormCode],[cButtonKey],[cGroup],[cPic],[cToolBarType],[iToolBarStyle],[iOrder],[iheightRow],[cHotKey],[cAuthid],[iVoucherCtlIndex],[ctoolbarPosIndex],[cResID],[cTipResID],[cSubID],[cProjectNO],[cForegroundColor],[cBackgroundColor],[cSetGroup],[iSetGroupRow],[ProcessObjectName],[FunctionKey])
values('EP0201','modify','EP0201_P_20','Modify','PortalToolbar',0,70,1,'F8','',0,'P','','','EF','U870','','','EP0201_P_20_40',2,'','')
insert into AA_FormButtons_base ([cFormCode],[cButtonKey],[cGroup],[cPic],[cToolBarType],[iToolBarStyle],[iOrder],[iheightRow],[cHotKey],[cAuthid],[iVoucherCtlIndex],[ctoolbarPosIndex],[cResID],[cTipResID],[cSubID],[cProjectNO],[cForegroundColor],[cBackgroundColor],[cSetGroup],[iSetGroupRow],[ProcessObjectName],[FunctionKey])
values('EP0201','Notes','EP0201_P_50','Notes','PortalToolbar',0,200,1,'','',0,'P','','','EF','U870','black','','EP0201_P_50_10',3,'VchPubButtons.clsMain','Notes')
insert into AA_FormButtons_base ([cFormCode],[cButtonKey],[cGroup],[cPic],[cToolBarType],[iToolBarStyle],[iOrder],[iheightRow],[cHotKey],[cAuthid],[iVoucherCtlIndex],[ctoolbarPosIndex],[cResID],[cTipResID],[cSubID],[cProjectNO],[cForegroundColor],[cBackgroundColor],[cSetGroup],[iSetGroupRow],[ProcessObjectName],[FunctionKey])
values('EP0201','Notify','EP0201_P_50','Notify','PortalToolbar',0,220,1,'','',0,'P','','','EF','U870','','','EP0201_P_50_10',3,'VchPubButtons.clsMain','Notify')
insert into AA_FormButtons_base ([cFormCode],[cButtonKey],[cGroup],[cPic],[cToolBarType],[iToolBarStyle],[iOrder],[iheightRow],[cHotKey],[cAuthid],[iVoucherCtlIndex],[ctoolbarPosIndex],[cResID],[cTipResID],[cSubID],[cProjectNO],[cForegroundColor],[cBackgroundColor],[cSetGroup],[iSetGroupRow],[ProcessObjectName],[FunctionKey])
values('EP0201','openline','EP0201_B_10','open','PortalToolbar',0,70,1,'','',0,'B','','','EF','U870',Null,Null,'EP0201_B_10_0',1,Null,Null)
insert into AA_FormButtons_base ([cFormCode],[cButtonKey],[cGroup],[cPic],[cToolBarType],[iToolBarStyle],[iOrder],[iheightRow],[cHotKey],[cAuthid],[iVoucherCtlIndex],[ctoolbarPosIndex],[cResID],[cTipResID],[cSubID],[cProjectNO],[cForegroundColor],[cBackgroundColor],[cSetGroup],[iSetGroupRow],[ProcessObjectName],[FunctionKey])
values('EP0201','openorder','EP0201_P_40','open','PortalToolbar',0,190,1,'','',0,'P','','','EF','U870','black','','EP0201_P_40_10',2,'','')
insert into AA_FormButtons_base ([cFormCode],[cButtonKey],[cGroup],[cPic],[cToolBarType],[iToolBarStyle],[iOrder],[iheightRow],[cHotKey],[cAuthid],[iVoucherCtlIndex],[ctoolbarPosIndex],[cResID],[cTipResID],[cSubID],[cProjectNO],[cForegroundColor],[cBackgroundColor],[cSetGroup],[iSetGroupRow],[ProcessObjectName],[FunctionKey])
values('EP0201','output','EP0201_P_10','Output','PortalToolbar',0,20,1,'ALT+E','',0,'P','','','EF','U870','','','EP0201_P_10_10',2,'','')
insert into AA_FormButtons_base ([cFormCode],[cButtonKey],[cGroup],[cPic],[cToolBarType],[iToolBarStyle],[iOrder],[iheightRow],[cHotKey],[cAuthid],[iVoucherCtlIndex],[ctoolbarPosIndex],[cResID],[cTipResID],[cSubID],[cProjectNO],[cForegroundColor],[cBackgroundColor],[cSetGroup],[iSetGroupRow],[ProcessObjectName],[FunctionKey])
values('EP0201','print','EP0201_P_10','Print','PortalToolbar',5,10,1,'Ctrl+P','',0,'P','','','EF','U870','','','EP0201_P_10_10',2,'','')
insert into AA_FormButtons_base ([cFormCode],[cButtonKey],[cGroup],[cPic],[cToolBarType],[iToolBarStyle],[iOrder],[iheightRow],[cHotKey],[cAuthid],[iVoucherCtlIndex],[ctoolbarPosIndex],[cResID],[cTipResID],[cSubID],[cProjectNO],[cForegroundColor],[cBackgroundColor],[cSetGroup],[iSetGroupRow],[ProcessObjectName],[FunctionKey])
values('EP0201','PrintTemplate','EP0201_P_60','PrintTemplate','PortalToolbar',55,270,1,'','',0,'P','','','EF','U870','','','EP0201_P_60_30',1,'','')
insert into AA_FormButtons_base ([cFormCode],[cButtonKey],[cGroup],[cPic],[cToolBarType],[iToolBarStyle],[iOrder],[iheightRow],[cHotKey],[cAuthid],[iVoucherCtlIndex],[ctoolbarPosIndex],[cResID],[cTipResID],[cSubID],[cProjectNO],[cForegroundColor],[cBackgroundColor],[cSetGroup],[iSetGroupRow],[ProcessObjectName],[FunctionKey])
values('EP0201','refresh','PF_Voucher_T_1','Refresh','PortalToolbar',0,30,3,'Ctrl+R','',0,'T','','','EF','U870',Null,Null,'PF_Voucher_T_1_3',1,Null,Null)
insert into AA_FormButtons_base ([cFormCode],[cButtonKey],[cGroup],[cPic],[cToolBarType],[iToolBarStyle],[iOrder],[iheightRow],[cHotKey],[cAuthid],[iVoucherCtlIndex],[ctoolbarPosIndex],[cResID],[cTipResID],[cSubID],[cProjectNO],[cForegroundColor],[cBackgroundColor],[cSetGroup],[iSetGroupRow],[ProcessObjectName],[FunctionKey])
values('EP0201','resubmit','EP0201_P_30','ReSubmit','PortalToolbar',0,130,1,'','',0,'P','','','EF','U870','','','EP0201_P_30_10',3,'','')
insert into AA_FormButtons_base ([cFormCode],[cButtonKey],[cGroup],[cPic],[cToolBarType],[iToolBarStyle],[iOrder],[iheightRow],[cHotKey],[cAuthid],[iVoucherCtlIndex],[ctoolbarPosIndex],[cResID],[cTipResID],[cSubID],[cProjectNO],[cForegroundColor],[cBackgroundColor],[cSetGroup],[iSetGroupRow],[ProcessObjectName],[FunctionKey])
values('EP0201','save','EP0201_P_20','Save','PortalToolbar',5,110,3,'','',0,'P','','','EF','U870','','','EP0201_P_20_60',1,'','')
insert into AA_FormButtons_base ([cFormCode],[cButtonKey],[cGroup],[cPic],[cToolBarType],[iToolBarStyle],[iOrder],[iheightRow],[cHotKey],[cAuthid],[iVoucherCtlIndex],[ctoolbarPosIndex],[cResID],[cTipResID],[cSubID],[cProjectNO],[cForegroundColor],[cBackgroundColor],[cSetGroup],[iSetGroupRow],[ProcessObjectName],[FunctionKey])
values('EP0201','savelayout','EP0201_P_60','SaveFormat','PortalToolbar',0,250,1,'','',0,'P','','','EF','U870','','','EP0201_P_60_20',3,'','')
insert into AA_FormButtons_base ([cFormCode],[cButtonKey],[cGroup],[cPic],[cToolBarType],[iToolBarStyle],[iOrder],[iheightRow],[cHotKey],[cAuthid],[iVoucherCtlIndex],[ctoolbarPosIndex],[cResID],[cTipResID],[cSubID],[cProjectNO],[cForegroundColor],[cBackgroundColor],[cSetGroup],[iSetGroupRow],[ProcessObjectName],[FunctionKey])
values('EP0201','SortLocate','EP0201_B_10','sorting','PortalToolbar',5,90,1,'','',0,'B','','','EF','U870',Null,Null,'EP0201_B_10_0',1,'VchPubButtons.clsMain','Sort')
insert into AA_FormButtons_base ([cFormCode],[cButtonKey],[cGroup],[cPic],[cToolBarType],[iToolBarStyle],[iOrder],[iheightRow],[cHotKey],[cAuthid],[iVoucherCtlIndex],[ctoolbarPosIndex],[cResID],[cTipResID],[cSubID],[cProjectNO],[cForegroundColor],[cBackgroundColor],[cSetGroup],[iSetGroupRow],[ProcessObjectName],[FunctionKey])
values('EP0201','submit','EP0201_P_30','Submit','PortalToolbar',0,120,1,'','',0,'P','','','EF','U870','','','EP0201_P_30_10',3,'','')
insert into AA_FormButtons_base ([cFormCode],[cButtonKey],[cGroup],[cPic],[cToolBarType],[iToolBarStyle],[iOrder],[iheightRow],[cHotKey],[cAuthid],[iVoucherCtlIndex],[ctoolbarPosIndex],[cResID],[cTipResID],[cSubID],[cProjectNO],[cForegroundColor],[cBackgroundColor],[cSetGroup],[iSetGroupRow],[ProcessObjectName],[FunctionKey])
values('EP0201','tableline1','EP0201_B_10','','PortalToolbar',3,80,1,'','',0,'B','','','EF','U870','','','EP0201_B_10_0',1,Null,Null)
insert into AA_FormButtons_base ([cFormCode],[cButtonKey],[cGroup],[cPic],[cToolBarType],[iToolBarStyle],[iOrder],[iheightRow],[cHotKey],[cAuthid],[iVoucherCtlIndex],[ctoolbarPosIndex],[cResID],[cTipResID],[cSubID],[cProjectNO],[cForegroundColor],[cBackgroundColor],[cSetGroup],[iSetGroupRow],[ProcessObjectName],[FunctionKey])
values('EP0201','tofirst','PF_Voucher_T_1','first page','PortalToolbar',0,40,3,'ALT+PageUP','',0,'T','','','EF','U870',Null,Null,'PF_Voucher_T_1_4',1,Null,Null)
insert into AA_FormButtons_base ([cFormCode],[cButtonKey],[cGroup],[cPic],[cToolBarType],[iToolBarStyle],[iOrder],[iheightRow],[cHotKey],[cAuthid],[iVoucherCtlIndex],[ctoolbarPosIndex],[cResID],[cTipResID],[cSubID],[cProjectNO],[cForegroundColor],[cBackgroundColor],[cSetGroup],[iSetGroupRow],[ProcessObjectName],[FunctionKey])
values('EP0201','tolast','PF_Voucher_T_1','Last page','PortalToolbar',0,70,3,'ALT+PageDown','',0,'T','','','EF','U870',Null,Null,'PF_Voucher_T_1_7',1,Null,Null)
insert into AA_FormButtons_base ([cFormCode],[cButtonKey],[cGroup],[cPic],[cToolBarType],[iToolBarStyle],[iOrder],[iheightRow],[cHotKey],[cAuthid],[iVoucherCtlIndex],[ctoolbarPosIndex],[cResID],[cTipResID],[cSubID],[cProjectNO],[cForegroundColor],[cBackgroundColor],[cSetGroup],[iSetGroupRow],[ProcessObjectName],[FunctionKey])
values('EP0201','tonext','PF_Voucher_T_1','Next page','PortalToolbar',0,60,1,'PageDown','',0,'T','','','EF','U870',Null,Null,'PF_Voucher_T_1_6',3,Null,Null)
insert into AA_FormButtons_base ([cFormCode],[cButtonKey],[cGroup],[cPic],[cToolBarType],[iToolBarStyle],[iOrder],[iheightRow],[cHotKey],[cAuthid],[iVoucherCtlIndex],[ctoolbarPosIndex],[cResID],[cTipResID],[cSubID],[cProjectNO],[cForegroundColor],[cBackgroundColor],[cSetGroup],[iSetGroupRow],[ProcessObjectName],[FunctionKey])
values('EP0201','toprevious','PF_Voucher_T_1','Previous Page','PortalToolbar',0,50,1,'PageUP','',0,'T','','','EF','U870',Null,Null,'PF_Voucher_T_1_5',3,Null,Null)
insert into AA_FormButtons_base ([cFormCode],[cButtonKey],[cGroup],[cPic],[cToolBarType],[iToolBarStyle],[iOrder],[iheightRow],[cHotKey],[cAuthid],[iVoucherCtlIndex],[ctoolbarPosIndex],[cResID],[cTipResID],[cSubID],[cProjectNO],[cForegroundColor],[cBackgroundColor],[cSetGroup],[iSetGroupRow],[ProcessObjectName],[FunctionKey])
values('EP0201','unsubmit','EP0201_P_30','UnSubmit','PortalToolbar',0,140,1,'','',0,'P','','','EF','U870','','','EP0201_P_30_10',3,'','')
insert into AA_FormButtons_base ([cFormCode],[cButtonKey],[cGroup],[cPic],[cToolBarType],[iToolBarStyle],[iOrder],[iheightRow],[cHotKey],[cAuthid],[iVoucherCtlIndex],[ctoolbarPosIndex],[cResID],[cTipResID],[cSubID],[cProjectNO],[cForegroundColor],[cBackgroundColor],[cSetGroup],[iSetGroupRow],[ProcessObjectName],[FunctionKey])
values('EP0201','unverify','EP0201_P_30','Unapprove','PortalToolbar',0,170,1,'','',0,'P','','','EF','U870','','','EP0201_P_30_30',2,'','')
insert into AA_FormButtons_base ([cFormCode],[cButtonKey],[cGroup],[cPic],[cToolBarType],[iToolBarStyle],[iOrder],[iheightRow],[cHotKey],[cAuthid],[iVoucherCtlIndex],[ctoolbarPosIndex],[cResID],[cTipResID],[cSubID],[cProjectNO],[cForegroundColor],[cBackgroundColor],[cSetGroup],[iSetGroupRow],[ProcessObjectName],[FunctionKey])
values('EP0201','verify','EP0201_P_30','Approve','PortalToolbar',0,150,3,'','',0,'P','','','EF','U870','','','EP0201_P_30_20',1,'','')
insert into AA_FormButtons_base ([cFormCode],[cButtonKey],[cGroup],[cPic],[cToolBarType],[iToolBarStyle],[iOrder],[iheightRow],[cHotKey],[cAuthid],[iVoucherCtlIndex],[ctoolbarPosIndex],[cResID],[cTipResID],[cSubID],[cProjectNO],[cForegroundColor],[cBackgroundColor],[cSetGroup],[iSetGroupRow],[ProcessObjectName],[FunctionKey])
values('EP0201','viewverify','EP0201_P_30','approval query','PortalToolbar',0,160,1,'','',0,'P','','','EF','U870','','','EP0201_P_30_30',2,'','')

GO
insert into AA_FormButtons_lang ([cFormCode],[localeid],[cButtonKey],[cCaption],[cToolTip],[cSubID],[cProjectNO])
values('EP0201','en-US','add','Add','Add','EF','U870')
insert into AA_FormButtons_lang ([cFormCode],[localeid],[cButtonKey],[cCaption],[cToolTip],[cSubID],[cProjectNO])
values('EP0201','en-US','attached','Attachment','Add attachment','EF','U870')
insert into AA_FormButtons_lang ([cFormCode],[localeid],[cButtonKey],[cCaption],[cToolTip],[cSubID],[cProjectNO])
values('EP0201','en-US','batchmodify','batchmodify','batchmodify','EF','U870')
insert into AA_FormButtons_lang ([cFormCode],[localeid],[cButtonKey],[cCaption],[cToolTip],[cSubID],[cProjectNO])
values('EP0201','en-US','cancel','Abolish','Abolish','EF','U870')
insert into AA_FormButtons_lang ([cFormCode],[localeid],[cButtonKey],[cCaption],[cToolTip],[cSubID],[cProjectNO])
values('EP0201','en-US','closeline','Modify','Modify','EF','U870')
insert into AA_FormButtons_lang ([cFormCode],[localeid],[cButtonKey],[cCaption],[cToolTip],[cSubID],[cProjectNO])
values('EP0201','en-US','closeorder','关闭','关闭','EF','U870')
insert into AA_FormButtons_lang ([cFormCode],[localeid],[cButtonKey],[cCaption],[cToolTip],[cSubID],[cProjectNO])
values('EP0201','en-US','copy','复制','复制','EF','U870')
insert into AA_FormButtons_lang ([cFormCode],[localeid],[cButtonKey],[cCaption],[cToolTip],[cSubID],[cProjectNO])
values('EP0201','en-US','copyline','copy a line','copy a line','EF','U870')
insert into AA_FormButtons_lang ([cFormCode],[localeid],[cButtonKey],[cCaption],[cToolTip],[cSubID],[cProjectNO])
values('EP0201','en-US','delete','Delete','Delete','EF','U870')
insert into AA_FormButtons_lang ([cFormCode],[localeid],[cButtonKey],[cCaption],[cToolTip],[cSubID],[cProjectNO])
values('EP0201','en-US','delline','Delete a row','Delete a row','EF','U870')
insert into AA_FormButtons_lang ([cFormCode],[localeid],[cButtonKey],[cCaption],[cToolTip],[cSubID],[cProjectNO])
values('EP0201','en-US','Discussion','Discussion','Discussion','EF','U870')
insert into AA_FormButtons_lang ([cFormCode],[localeid],[cButtonKey],[cCaption],[cToolTip],[cSubID],[cProjectNO])
values('EP0201','en-US','displayFormat','display format','display format','EF','U870')
insert into AA_FormButtons_lang ([cFormCode],[localeid],[cButtonKey],[cCaption],[cToolTip],[cSubID],[cProjectNO])
values('EP0201','en-US','draft','Draft','Draft','EF','U870')
insert into AA_FormButtons_lang ([cFormCode],[localeid],[cButtonKey],[cCaption],[cToolTip],[cSubID],[cProjectNO])
values('EP0201','en-US','formatsetup','格式设置','单据格式设置','EF','U870')
insert into AA_FormButtons_lang ([cFormCode],[localeid],[cButtonKey],[cCaption],[cToolTip],[cSubID],[cProjectNO])
values('EP0201','en-US','import','导入','导入','EF','U870')
insert into AA_FormButtons_lang ([cFormCode],[localeid],[cButtonKey],[cCaption],[cToolTip],[cSubID],[cProjectNO])
values('EP0201','en-US','insertline','Insert line','Insert line','EF','U870')
insert into AA_FormButtons_lang ([cFormCode],[localeid],[cButtonKey],[cCaption],[cToolTip],[cSubID],[cProjectNO])
values('EP0201','en-US','locate','location','location','EF','U870')
insert into AA_FormButtons_lang ([cFormCode],[localeid],[cButtonKey],[cCaption],[cToolTip],[cSubID],[cProjectNO])
values('EP0201','en-US','mirowsplitter','Row Splitter','Row Splitter','EF','U870')
insert into AA_FormButtons_lang ([cFormCode],[localeid],[cButtonKey],[cCaption],[cToolTip],[cSubID],[cProjectNO])
values('EP0201','en-US','modify','Modify','Modify','EF','U870')
insert into AA_FormButtons_lang ([cFormCode],[localeid],[cButtonKey],[cCaption],[cToolTip],[cSubID],[cProjectNO])
values('EP0201','en-US','Notes','Notes','Notes','EF','U870')
insert into AA_FormButtons_lang ([cFormCode],[localeid],[cButtonKey],[cCaption],[cToolTip],[cSubID],[cProjectNO])
values('EP0201','en-US','Notify','Notify','Notify','EF','U870')
insert into AA_FormButtons_lang ([cFormCode],[localeid],[cButtonKey],[cCaption],[cToolTip],[cSubID],[cProjectNO])
values('EP0201','en-US','openline','open line','open line','EF','U870')
insert into AA_FormButtons_lang ([cFormCode],[localeid],[cButtonKey],[cCaption],[cToolTip],[cSubID],[cProjectNO])
values('EP0201','en-US','openorder','打开','打开','EF','U870')
insert into AA_FormButtons_lang ([cFormCode],[localeid],[cButtonKey],[cCaption],[cToolTip],[cSubID],[cProjectNO])
values('EP0201','en-US','output','output','output','EF','U870')
insert into AA_FormButtons_lang ([cFormCode],[localeid],[cButtonKey],[cCaption],[cToolTip],[cSubID],[cProjectNO])
values('EP0201','en-US','print','Print','Print','EF','U870')
insert into AA_FormButtons_lang ([cFormCode],[localeid],[cButtonKey],[cCaption],[cToolTip],[cSubID],[cProjectNO])
values('EP0201','en-US','PrintTemplate','PrintTemplate','PrintTemplate','EF','U870')
insert into AA_FormButtons_lang ([cFormCode],[localeid],[cButtonKey],[cCaption],[cToolTip],[cSubID],[cProjectNO])
values('EP0201','en-US','refresh','Refresh','Refresh','EF','U870')
insert into AA_FormButtons_lang ([cFormCode],[localeid],[cButtonKey],[cCaption],[cToolTip],[cSubID],[cProjectNO])
values('EP0201','en-US','save','Save','Save','EF','U870')
insert into AA_FormButtons_lang ([cFormCode],[localeid],[cButtonKey],[cCaption],[cToolTip],[cSubID],[cProjectNO])
values('EP0201','en-US','savelayout','Save Layout','Save col width to Voucher Templates','EF','U870')
insert into AA_FormButtons_lang ([cFormCode],[localeid],[cButtonKey],[cCaption],[cToolTip],[cSubID],[cProjectNO])
values('EP0201','en-US','SortLocate','Sort and Locate','Sort and Locate','EF','U870')
insert into AA_FormButtons_lang ([cFormCode],[localeid],[cButtonKey],[cCaption],[cToolTip],[cSubID],[cProjectNO])
values('EP0201','en-US','tableline1','','','EF','U870')
insert into AA_FormButtons_lang ([cFormCode],[localeid],[cButtonKey],[cCaption],[cToolTip],[cSubID],[cProjectNO])
values('EP0201','en-US','tofirst','First','First','EF','U870')
insert into AA_FormButtons_lang ([cFormCode],[localeid],[cButtonKey],[cCaption],[cToolTip],[cSubID],[cProjectNO])
values('EP0201','en-US','tolast','Last','Last','EF','U870')
insert into AA_FormButtons_lang ([cFormCode],[localeid],[cButtonKey],[cCaption],[cToolTip],[cSubID],[cProjectNO])
values('EP0201','en-US','tonext','Next','Next','EF','U870')
insert into AA_FormButtons_lang ([cFormCode],[localeid],[cButtonKey],[cCaption],[cToolTip],[cSubID],[cProjectNO])
values('EP0201','en-US','toprevious','Previous','Previous','EF','U870')
insert into AA_FormButtons_lang ([cFormCode],[localeid],[cButtonKey],[cCaption],[cToolTip],[cSubID],[cProjectNO])
values('EP0201','en-US','unverify','Revert','Revert','EF','U870')
insert into AA_FormButtons_lang ([cFormCode],[localeid],[cButtonKey],[cCaption],[cToolTip],[cSubID],[cProjectNO])
values('EP0201','en-US','verify','Approve','Approve','EF','U870')
insert into AA_FormButtons_lang ([cFormCode],[localeid],[cButtonKey],[cCaption],[cToolTip],[cSubID],[cProjectNO])
values('EP0201','zh-CN','add','增加','增加','EF','U870')
insert into AA_FormButtons_lang ([cFormCode],[localeid],[cButtonKey],[cCaption],[cToolTip],[cSubID],[cProjectNO])
values('EP0201','zh-CN','attached','附件','增加附件','EF','U870')
insert into AA_FormButtons_lang ([cFormCode],[localeid],[cButtonKey],[cCaption],[cToolTip],[cSubID],[cProjectNO])
values('EP0201','zh-CN','batchmodify','批改','批改','EF','U870')
insert into AA_FormButtons_lang ([cFormCode],[localeid],[cButtonKey],[cCaption],[cToolTip],[cSubID],[cProjectNO])
values('EP0201','zh-CN','cancel','放弃','放弃','EF','U870')
insert into AA_FormButtons_lang ([cFormCode],[localeid],[cButtonKey],[cCaption],[cToolTip],[cSubID],[cProjectNO])
values('EP0201','zh-CN','closeline','关闭','关闭行','EF','U870')
insert into AA_FormButtons_lang ([cFormCode],[localeid],[cButtonKey],[cCaption],[cToolTip],[cSubID],[cProjectNO])
values('EP0201','zh-CN','closeorder','关闭','关闭','EF','U870')
insert into AA_FormButtons_lang ([cFormCode],[localeid],[cButtonKey],[cCaption],[cToolTip],[cSubID],[cProjectNO])
values('EP0201','zh-CN','copy','复制','复制','EF','U870')
insert into AA_FormButtons_lang ([cFormCode],[localeid],[cButtonKey],[cCaption],[cToolTip],[cSubID],[cProjectNO])
values('EP0201','zh-CN','copyline','复制行','复制行','EF','U870')
insert into AA_FormButtons_lang ([cFormCode],[localeid],[cButtonKey],[cCaption],[cToolTip],[cSubID],[cProjectNO])
values('EP0201','zh-CN','delete','删除','删除','EF','U870')
insert into AA_FormButtons_lang ([cFormCode],[localeid],[cButtonKey],[cCaption],[cToolTip],[cSubID],[cProjectNO])
values('EP0201','zh-CN','delline','删行','删行','EF','U870')
insert into AA_FormButtons_lang ([cFormCode],[localeid],[cButtonKey],[cCaption],[cToolTip],[cSubID],[cProjectNO])
values('EP0201','zh-CN','Discussion','讨论','讨论','EF','U870')
insert into AA_FormButtons_lang ([cFormCode],[localeid],[cButtonKey],[cCaption],[cToolTip],[cSubID],[cProjectNO])
values('EP0201','zh-CN','displayFormat','显示格式','显示格式','EF','U870')
insert into AA_FormButtons_lang ([cFormCode],[localeid],[cButtonKey],[cCaption],[cToolTip],[cSubID],[cProjectNO])
values('EP0201','zh-CN','draft','草稿','草稿','EF','U870')
insert into AA_FormButtons_lang ([cFormCode],[localeid],[cButtonKey],[cCaption],[cToolTip],[cSubID],[cProjectNO])
values('EP0201','zh-CN','formatsetup','格式设置','单据格式设置','EF','U870')
insert into AA_FormButtons_lang ([cFormCode],[localeid],[cButtonKey],[cCaption],[cToolTip],[cSubID],[cProjectNO])
values('EP0201','zh-CN','import','导入','导入','EF','U870')
insert into AA_FormButtons_lang ([cFormCode],[localeid],[cButtonKey],[cCaption],[cToolTip],[cSubID],[cProjectNO])
values('EP0201','zh-CN','insertline','插行','插行','EF','U870')
insert into AA_FormButtons_lang ([cFormCode],[localeid],[cButtonKey],[cCaption],[cToolTip],[cSubID],[cProjectNO])
values('EP0201','zh-CN','locate','高级','高级','EF','U870')
insert into AA_FormButtons_lang ([cFormCode],[localeid],[cButtonKey],[cCaption],[cToolTip],[cSubID],[cProjectNO])
values('EP0201','zh-CN','mirowsplitter','拆分行','拆分行','EF','U870')
insert into AA_FormButtons_lang ([cFormCode],[localeid],[cButtonKey],[cCaption],[cToolTip],[cSubID],[cProjectNO])
values('EP0201','zh-CN','modify','修改','修改','EF','U870')
insert into AA_FormButtons_lang ([cFormCode],[localeid],[cButtonKey],[cCaption],[cToolTip],[cSubID],[cProjectNO])
values('EP0201','zh-CN','Notes','批注','批注','EF','U870')
insert into AA_FormButtons_lang ([cFormCode],[localeid],[cButtonKey],[cCaption],[cToolTip],[cSubID],[cProjectNO])
values('EP0201','zh-CN','Notify','通知','通知','EF','U870')
insert into AA_FormButtons_lang ([cFormCode],[localeid],[cButtonKey],[cCaption],[cToolTip],[cSubID],[cProjectNO])
values('EP0201','zh-CN','openline','打开','打开行','EF','U870')
insert into AA_FormButtons_lang ([cFormCode],[localeid],[cButtonKey],[cCaption],[cToolTip],[cSubID],[cProjectNO])
values('EP0201','zh-CN','openorder','打开','打开','EF','U870')
insert into AA_FormButtons_lang ([cFormCode],[localeid],[cButtonKey],[cCaption],[cToolTip],[cSubID],[cProjectNO])
values('EP0201','zh-CN','output','输出','输出','EF','U870')
insert into AA_FormButtons_lang ([cFormCode],[localeid],[cButtonKey],[cCaption],[cToolTip],[cSubID],[cProjectNO])
values('EP0201','zh-CN','print','打印','打印','EF','U870')
insert into AA_FormButtons_lang ([cFormCode],[localeid],[cButtonKey],[cCaption],[cToolTip],[cSubID],[cProjectNO])
values('EP0201','zh-CN','PrintTemplate','打印模板','打印模板','EF','U870')
insert into AA_FormButtons_lang ([cFormCode],[localeid],[cButtonKey],[cCaption],[cToolTip],[cSubID],[cProjectNO])
values('EP0201','zh-CN','refresh','刷新','刷新','EF','U870')
insert into AA_FormButtons_lang ([cFormCode],[localeid],[cButtonKey],[cCaption],[cToolTip],[cSubID],[cProjectNO])
values('EP0201','zh-CN','resubmit','重提交','重新提交到工作流','EF','U870')
insert into AA_FormButtons_lang ([cFormCode],[localeid],[cButtonKey],[cCaption],[cToolTip],[cSubID],[cProjectNO])
values('EP0201','zh-CN','save','保存','保存','EF','U870')
insert into AA_FormButtons_lang ([cFormCode],[localeid],[cButtonKey],[cCaption],[cToolTip],[cSubID],[cProjectNO])
values('EP0201','zh-CN','savelayout','保存格式','保存单据列宽到单据模板','EF','U870')
insert into AA_FormButtons_lang ([cFormCode],[localeid],[cButtonKey],[cCaption],[cToolTip],[cSubID],[cProjectNO])
values('EP0201','zh-CN','SortLocate','排序定位','排序定位','EF','U870')
insert into AA_FormButtons_lang ([cFormCode],[localeid],[cButtonKey],[cCaption],[cToolTip],[cSubID],[cProjectNO])
values('EP0201','zh-CN','submit','提交','提交到工作流','EF','U870')
insert into AA_FormButtons_lang ([cFormCode],[localeid],[cButtonKey],[cCaption],[cToolTip],[cSubID],[cProjectNO])
values('EP0201','zh-CN','tableline1','','','EF','U870')
insert into AA_FormButtons_lang ([cFormCode],[localeid],[cButtonKey],[cCaption],[cToolTip],[cSubID],[cProjectNO])
values('EP0201','zh-CN','tofirst','首张','首张','EF','U870')
insert into AA_FormButtons_lang ([cFormCode],[localeid],[cButtonKey],[cCaption],[cToolTip],[cSubID],[cProjectNO])
values('EP0201','zh-CN','tolast','末张','末张','EF','U870')
insert into AA_FormButtons_lang ([cFormCode],[localeid],[cButtonKey],[cCaption],[cToolTip],[cSubID],[cProjectNO])
values('EP0201','zh-CN','tonext','下张','下张','EF','U870')
insert into AA_FormButtons_lang ([cFormCode],[localeid],[cButtonKey],[cCaption],[cToolTip],[cSubID],[cProjectNO])
values('EP0201','zh-CN','toprevious','上张','上张','EF','U870')
insert into AA_FormButtons_lang ([cFormCode],[localeid],[cButtonKey],[cCaption],[cToolTip],[cSubID],[cProjectNO])
values('EP0201','zh-CN','unsubmit','撤销','从工作流中撤销','EF','U870')
insert into AA_FormButtons_lang ([cFormCode],[localeid],[cButtonKey],[cCaption],[cToolTip],[cSubID],[cProjectNO])
values('EP0201','zh-CN','unverify','弃审','弃审','EF','U870')
insert into AA_FormButtons_lang ([cFormCode],[localeid],[cButtonKey],[cCaption],[cToolTip],[cSubID],[cProjectNO])
values('EP0201','zh-CN','verify','审核','审核','EF','U870')
insert into AA_FormButtons_lang ([cFormCode],[localeid],[cButtonKey],[cCaption],[cToolTip],[cSubID],[cProjectNO])
values('EP0201','zh-CN','viewverify','查审','查询审批流','EF','U870')
insert into AA_FormButtons_lang ([cFormCode],[localeid],[cButtonKey],[cCaption],[cToolTip],[cSubID],[cProjectNO])
values('EP0201','zh-TW','add','增加','增加','EF','U870')
insert into AA_FormButtons_lang ([cFormCode],[localeid],[cButtonKey],[cCaption],[cToolTip],[cSubID],[cProjectNO])
values('EP0201','zh-TW','attached','附件','增加附件','EF','U870')
insert into AA_FormButtons_lang ([cFormCode],[localeid],[cButtonKey],[cCaption],[cToolTip],[cSubID],[cProjectNO])
values('EP0201','zh-TW','batchmodify','批改','批改','EF','U870')
insert into AA_FormButtons_lang ([cFormCode],[localeid],[cButtonKey],[cCaption],[cToolTip],[cSubID],[cProjectNO])
values('EP0201','zh-TW','cancel','放','放','EF','U870')
insert into AA_FormButtons_lang ([cFormCode],[localeid],[cButtonKey],[cCaption],[cToolTip],[cSubID],[cProjectNO])
values('EP0201','zh-TW','closeline','P]','P]行','EF','U870')
insert into AA_FormButtons_lang ([cFormCode],[localeid],[cButtonKey],[cCaption],[cToolTip],[cSubID],[cProjectNO])
values('EP0201','zh-TW','closeorder','关闭','关闭','EF','U870')
insert into AA_FormButtons_lang ([cFormCode],[localeid],[cButtonKey],[cCaption],[cToolTip],[cSubID],[cProjectNO])
values('EP0201','zh-TW','copy','复制','复制','EF','U870')
insert into AA_FormButtons_lang ([cFormCode],[localeid],[cButtonKey],[cCaption],[cToolTip],[cSubID],[cProjectNO])
values('EP0201','zh-TW','copyline','复制行','复制行','EF','U870')
insert into AA_FormButtons_lang ([cFormCode],[localeid],[cButtonKey],[cCaption],[cToolTip],[cSubID],[cProjectNO])
values('EP0201','zh-TW','delete','h除','h除','EF','U870')
insert into AA_FormButtons_lang ([cFormCode],[localeid],[cButtonKey],[cCaption],[cToolTip],[cSubID],[cProjectNO])
values('EP0201','zh-TW','delline','h行','h行','EF','U870')
insert into AA_FormButtons_lang ([cFormCode],[localeid],[cButtonKey],[cCaption],[cToolTip],[cSubID],[cProjectNO])
values('EP0201','zh-TW','Discussion','','','EF','U870')
insert into AA_FormButtons_lang ([cFormCode],[localeid],[cButtonKey],[cCaption],[cToolTip],[cSubID],[cProjectNO])
values('EP0201','zh-TW','displayFormat','@示格式','@示格式','EF','U870')
insert into AA_FormButtons_lang ([cFormCode],[localeid],[cButtonKey],[cCaption],[cToolTip],[cSubID],[cProjectNO])
values('EP0201','zh-TW','draft','草稿','草稿','EF','U870')
insert into AA_FormButtons_lang ([cFormCode],[localeid],[cButtonKey],[cCaption],[cToolTip],[cSubID],[cProjectNO])
values('EP0201','zh-TW','formatsetup','格式设置','单据格式设置','EF','U870')
insert into AA_FormButtons_lang ([cFormCode],[localeid],[cButtonKey],[cCaption],[cToolTip],[cSubID],[cProjectNO])
values('EP0201','zh-TW','import','导入','导入','EF','U870')
insert into AA_FormButtons_lang ([cFormCode],[localeid],[cButtonKey],[cCaption],[cToolTip],[cSubID],[cProjectNO])
values('EP0201','zh-TW','insertline','插行','插行','EF','U870')
insert into AA_FormButtons_lang ([cFormCode],[localeid],[cButtonKey],[cCaption],[cToolTip],[cSubID],[cProjectNO])
values('EP0201','zh-TW','locate','高','高','EF','U870')
insert into AA_FormButtons_lang ([cFormCode],[localeid],[cButtonKey],[cCaption],[cToolTip],[cSubID],[cProjectNO])
values('EP0201','zh-TW','mirowsplitter','拆分行','拆分行','EF','U870')
insert into AA_FormButtons_lang ([cFormCode],[localeid],[cButtonKey],[cCaption],[cToolTip],[cSubID],[cProjectNO])
values('EP0201','zh-TW','modify','修改','修改','EF','U870')
insert into AA_FormButtons_lang ([cFormCode],[localeid],[cButtonKey],[cCaption],[cToolTip],[cSubID],[cProjectNO])
values('EP0201','zh-TW','Notes','批]','批]','EF','U870')
insert into AA_FormButtons_lang ([cFormCode],[localeid],[cButtonKey],[cCaption],[cToolTip],[cSubID],[cProjectNO])
values('EP0201','zh-TW','Notify','通知','通知','EF','U870')
insert into AA_FormButtons_lang ([cFormCode],[localeid],[cButtonKey],[cCaption],[cToolTip],[cSubID],[cProjectNO])
values('EP0201','zh-TW','openline','打_','打_行','EF','U870')
insert into AA_FormButtons_lang ([cFormCode],[localeid],[cButtonKey],[cCaption],[cToolTip],[cSubID],[cProjectNO])
values('EP0201','zh-TW','openorder','打开','打开','EF','U870')
insert into AA_FormButtons_lang ([cFormCode],[localeid],[cButtonKey],[cCaption],[cToolTip],[cSubID],[cProjectNO])
values('EP0201','zh-TW','output','出','出','EF','U870')
insert into AA_FormButtons_lang ([cFormCode],[localeid],[cButtonKey],[cCaption],[cToolTip],[cSubID],[cProjectNO])
values('EP0201','zh-TW','print','列印','列印','EF','U870')
insert into AA_FormButtons_lang ([cFormCode],[localeid],[cButtonKey],[cCaption],[cToolTip],[cSubID],[cProjectNO])
values('EP0201','zh-TW','PrintTemplate','列印本','列印本','EF','U870')
insert into AA_FormButtons_lang ([cFormCode],[localeid],[cButtonKey],[cCaption],[cToolTip],[cSubID],[cProjectNO])
values('EP0201','zh-TW','refresh','刷新','刷新','EF','U870')
insert into AA_FormButtons_lang ([cFormCode],[localeid],[cButtonKey],[cCaption],[cToolTip],[cSubID],[cProjectNO])
values('EP0201','zh-TW','save','保存','保存','EF','U870')
insert into AA_FormButtons_lang ([cFormCode],[localeid],[cButtonKey],[cCaption],[cToolTip],[cSubID],[cProjectNO])
values('EP0201','zh-TW','savelayout','保存格式','保存列到本','EF','U870')
insert into AA_FormButtons_lang ([cFormCode],[localeid],[cButtonKey],[cCaption],[cToolTip],[cSubID],[cProjectNO])
values('EP0201','zh-TW','SortLocate','排序定位','排序定位','EF','U870')
insert into AA_FormButtons_lang ([cFormCode],[localeid],[cButtonKey],[cCaption],[cToolTip],[cSubID],[cProjectNO])
values('EP0201','zh-TW','tableline1','','','EF','U870')
insert into AA_FormButtons_lang ([cFormCode],[localeid],[cButtonKey],[cCaption],[cToolTip],[cSubID],[cProjectNO])
values('EP0201','zh-TW','tofirst','首','首','EF','U870')
insert into AA_FormButtons_lang ([cFormCode],[localeid],[cButtonKey],[cCaption],[cToolTip],[cSubID],[cProjectNO])
values('EP0201','zh-TW','tolast','末','末','EF','U870')
insert into AA_FormButtons_lang ([cFormCode],[localeid],[cButtonKey],[cCaption],[cToolTip],[cSubID],[cProjectNO])
values('EP0201','zh-TW','tonext','下','下','EF','U870')
insert into AA_FormButtons_lang ([cFormCode],[localeid],[cButtonKey],[cCaption],[cToolTip],[cSubID],[cProjectNO])
values('EP0201','zh-TW','toprevious','上','上','EF','U870')
insert into AA_FormButtons_lang ([cFormCode],[localeid],[cButtonKey],[cCaption],[cToolTip],[cSubID],[cProjectNO])
values('EP0201','zh-TW','unverify','','','EF','U870')
insert into AA_FormButtons_lang ([cFormCode],[localeid],[cButtonKey],[cCaption],[cToolTip],[cSubID],[cProjectNO])
values('EP0201','zh-TW','verify','核','核','EF','U870')

GO
insert into AA_FormButtonMenus_base ([cFormCode],[cButtonKey],[cMenuKey],[iOrder],[cParentKey],[igrade],[cAuthid],[cResID],[cSubID],[cProjectNO],[cForegroundColor],[cBackgroundColor],[iMenuType],[ProcessObjectName],[FunctionKey])
values('EP0201','add','add',10,'',0,'','','EF','U870','black','',0,'','')
insert into AA_FormButtonMenus_base ([cFormCode],[cButtonKey],[cMenuKey],[iOrder],[cParentKey],[igrade],[cAuthid],[cResID],[cSubID],[cProjectNO],[cForegroundColor],[cBackgroundColor],[iMenuType],[ProcessObjectName],[FunctionKey])
values('EP0201','add','templates',90,'',0,'','','EF','U870','black','',0,'VchPubButtons.clsMain','Template')
insert into AA_FormButtonMenus_base ([cFormCode],[cButtonKey],[cMenuKey],[iOrder],[cParentKey],[igrade],[cAuthid],[cResID],[cSubID],[cProjectNO],[cForegroundColor],[cBackgroundColor],[iMenuType],[ProcessObjectName],[FunctionKey])
values('EP0201','copy','copyvoucher',10,'',0,'','','EF','U870','black','',0,'','')
insert into AA_FormButtonMenus_base ([cFormCode],[cButtonKey],[cMenuKey],[iOrder],[cParentKey],[igrade],[cAuthid],[cResID],[cSubID],[cProjectNO],[cForegroundColor],[cBackgroundColor],[iMenuType],[ProcessObjectName],[FunctionKey])
values('EP0201','displayFormat','displayFormat[@@]Aggregate',60,'',0,'','','EF','U870','black','',0,'VchPubButtons.clsMain','Aggregate')
insert into AA_FormButtonMenus_base ([cFormCode],[cButtonKey],[cMenuKey],[iOrder],[cParentKey],[igrade],[cAuthid],[cResID],[cSubID],[cProjectNO],[cForegroundColor],[cBackgroundColor],[iMenuType],[ProcessObjectName],[FunctionKey])
values('EP0201','displayFormat','displayFormat[@@]AutoWrap',10,'',0,'','','EF','U870','black','',1,'VchPubButtons.clsMain','AutoWrap')
insert into AA_FormButtonMenus_base ([cFormCode],[cButtonKey],[cMenuKey],[iOrder],[cParentKey],[igrade],[cAuthid],[cResID],[cSubID],[cProjectNO],[cForegroundColor],[cBackgroundColor],[iMenuType],[ProcessObjectName],[FunctionKey])
values('EP0201','displayFormat','displayFormat[@@]ForzenCol',30,'',0,'','','EF','U870','black','',0,'VchPubButtons.clsMain','ForzenCol')
insert into AA_FormButtonMenus_base ([cFormCode],[cButtonKey],[cMenuKey],[iOrder],[cParentKey],[igrade],[cAuthid],[cResID],[cSubID],[cProjectNO],[cForegroundColor],[cBackgroundColor],[iMenuType],[ProcessObjectName],[FunctionKey])
values('EP0201','displayFormat','displayFormat[@@]SetAggregateRule',80,'',0,'','','EF','U870','black','',0,'VchPubButtons.clsMain','SetAggregateRule')
insert into AA_FormButtonMenus_base ([cFormCode],[cButtonKey],[cMenuKey],[iOrder],[cParentKey],[igrade],[cAuthid],[cResID],[cSubID],[cProjectNO],[cForegroundColor],[cBackgroundColor],[iMenuType],[ProcessObjectName],[FunctionKey])
values('EP0201','displayFormat','displayFormat[@@]Spliter0',20,'',0,'','','EF','U870','black','',0,'VchPubButtons.clsMain','Spliter0')
insert into AA_FormButtonMenus_base ([cFormCode],[cButtonKey],[cMenuKey],[iOrder],[cParentKey],[igrade],[cAuthid],[cResID],[cSubID],[cProjectNO],[cForegroundColor],[cBackgroundColor],[iMenuType],[ProcessObjectName],[FunctionKey])
values('EP0201','displayFormat','displayFormat[@@]Spliter1',50,'',0,'','','EF','U870','black','',0,'VchPubButtons.clsMain','Spliter1')
insert into AA_FormButtonMenus_base ([cFormCode],[cButtonKey],[cMenuKey],[iOrder],[cParentKey],[igrade],[cAuthid],[cResID],[cSubID],[cProjectNO],[cForegroundColor],[cBackgroundColor],[iMenuType],[ProcessObjectName],[FunctionKey])
values('EP0201','displayFormat','displayFormat[@@]UnAggregate',70,'',0,'','','EF','U870','black','',0,'VchPubButtons.clsMain','UnAggregate')
insert into AA_FormButtonMenus_base ([cFormCode],[cButtonKey],[cMenuKey],[iOrder],[cParentKey],[igrade],[cAuthid],[cResID],[cSubID],[cProjectNO],[cForegroundColor],[cBackgroundColor],[iMenuType],[ProcessObjectName],[FunctionKey])
values('EP0201','displayFormat','displayFormat[@@]UnForzen',40,'',0,'','','EF','U870','black','',0,'VchPubButtons.clsMain','UnForzen')
insert into AA_FormButtonMenus_base ([cFormCode],[cButtonKey],[cMenuKey],[iOrder],[cParentKey],[igrade],[cAuthid],[cResID],[cSubID],[cProjectNO],[cForegroundColor],[cBackgroundColor],[iMenuType],[ProcessObjectName],[FunctionKey])
values('EP0201','Print','preview',2,'',0,'','','EF','U870','black','',0,'','')
insert into AA_FormButtonMenus_base ([cFormCode],[cButtonKey],[cMenuKey],[iOrder],[cParentKey],[igrade],[cAuthid],[cResID],[cSubID],[cProjectNO],[cForegroundColor],[cBackgroundColor],[iMenuType],[ProcessObjectName],[FunctionKey])
values('EP0201','Print','print',1,'',0,'','','EF','U870','black','',0,'','')
insert into AA_FormButtonMenus_base ([cFormCode],[cButtonKey],[cMenuKey],[iOrder],[cParentKey],[igrade],[cAuthid],[cResID],[cSubID],[cProjectNO],[cForegroundColor],[cBackgroundColor],[iMenuType],[ProcessObjectName],[FunctionKey])
values('EP0201','save','line1',3,'',0,'','','EF','U870','black','',0,'','')
insert into AA_FormButtonMenus_base ([cFormCode],[cButtonKey],[cMenuKey],[iOrder],[cParentKey],[igrade],[cAuthid],[cResID],[cSubID],[cProjectNO],[cForegroundColor],[cBackgroundColor],[iMenuType],[ProcessObjectName],[FunctionKey])
values('EP0201','save','save',1,'',0,'','','EF','U870','black','',0,'','')
insert into AA_FormButtonMenus_base ([cFormCode],[cButtonKey],[cMenuKey],[iOrder],[cParentKey],[igrade],[cAuthid],[cResID],[cSubID],[cProjectNO],[cForegroundColor],[cBackgroundColor],[iMenuType],[ProcessObjectName],[FunctionKey])
values('EP0201','save','savedraft',4,'',0,'','','EF','U870','black','',0,'VchPubButtons.clsMain','SaveAsDraft')
insert into AA_FormButtonMenus_base ([cFormCode],[cButtonKey],[cMenuKey],[iOrder],[cParentKey],[igrade],[cAuthid],[cResID],[cSubID],[cProjectNO],[cForegroundColor],[cBackgroundColor],[iMenuType],[ProcessObjectName],[FunctionKey])
values('EP0201','save','savenew',2,'',0,'','','EF','U870','black','',0,'','')
insert into AA_FormButtonMenus_base ([cFormCode],[cButtonKey],[cMenuKey],[iOrder],[cParentKey],[igrade],[cAuthid],[cResID],[cSubID],[cProjectNO],[cForegroundColor],[cBackgroundColor],[iMenuType],[ProcessObjectName],[FunctionKey])
values('EP0201','save','savetemplate',5,'',0,'','','EF','U870','black','',0,'','')
insert into AA_FormButtonMenus_base ([cFormCode],[cButtonKey],[cMenuKey],[iOrder],[cParentKey],[igrade],[cAuthid],[cResID],[cSubID],[cProjectNO],[cForegroundColor],[cBackgroundColor],[iMenuType],[ProcessObjectName],[FunctionKey])
values('EP0201','SortLocate','SortLocate[@@]Ascending',10,'',0,'','','EF','U870','black','',0,'VchPubButtons.clsMain','Ascending')
insert into AA_FormButtonMenus_base ([cFormCode],[cButtonKey],[cMenuKey],[iOrder],[cParentKey],[igrade],[cAuthid],[cResID],[cSubID],[cProjectNO],[cForegroundColor],[cBackgroundColor],[iMenuType],[ProcessObjectName],[FunctionKey])
values('EP0201','SortLocate','SortLocate[@@]Descending',20,'',0,'','','EF','U870','black','',0,'VchPubButtons.clsMain','Descending')
insert into AA_FormButtonMenus_base ([cFormCode],[cButtonKey],[cMenuKey],[iOrder],[cParentKey],[igrade],[cAuthid],[cResID],[cSubID],[cProjectNO],[cForegroundColor],[cBackgroundColor],[iMenuType],[ProcessObjectName],[FunctionKey])
values('EP0201','SortLocate','SortLocate[@@]Locate',60,'',0,'','','EF','U870','black','',0,'VchPubButtons.clsMain','Locate')
insert into AA_FormButtonMenus_base ([cFormCode],[cButtonKey],[cMenuKey],[iOrder],[cParentKey],[igrade],[cAuthid],[cResID],[cSubID],[cProjectNO],[cForegroundColor],[cBackgroundColor],[iMenuType],[ProcessObjectName],[FunctionKey])
values('EP0201','SortLocate','SortLocate[@@]Spliter0',50,'',0,'','','EF','U870','black','',0,'VchPubButtons.clsMain','Spliter0')
insert into AA_FormButtonMenus_base ([cFormCode],[cButtonKey],[cMenuKey],[iOrder],[cParentKey],[igrade],[cAuthid],[cResID],[cSubID],[cProjectNO],[cForegroundColor],[cBackgroundColor],[iMenuType],[ProcessObjectName],[FunctionKey])
values('EP0201','SortLocate','SortLocate[@@]UnSort',40,'',0,'','','EF','U870','black','',0,'VchPubButtons.clsMain','UnSort')
insert into AA_FormButtonMenus_base ([cFormCode],[cButtonKey],[cMenuKey],[iOrder],[cParentKey],[igrade],[cAuthid],[cResID],[cSubID],[cProjectNO],[cForegroundColor],[cBackgroundColor],[iMenuType],[ProcessObjectName],[FunctionKey])
values('EP0201','SortLocate','SortLocate[@@]UserDefineSort',30,'',0,'','','EF','U870','black','',0,'VchPubButtons.clsMain','UserDefineSort')

GO
insert into AA_FormButtonMenus_lang ([cFormCode],[localeid],[cButtonKey],[cMenuKey],[cCaption],[cToolTip],[cSubID],[cProjectNO])
values('EP0201','en-US','add','add','Blank voucher','Blank voucher','EF','U870')
insert into AA_FormButtonMenus_lang ([cFormCode],[localeid],[cButtonKey],[cMenuKey],[cCaption],[cToolTip],[cSubID],[cProjectNO])
values('EP0201','en-US','add','templates','templates','templates','EF','U870')
insert into AA_FormButtonMenus_lang ([cFormCode],[localeid],[cButtonKey],[cMenuKey],[cCaption],[cToolTip],[cSubID],[cProjectNO])
values('EP0201','en-US','copy','copyvoucher','复制单据(Ctrl+F5)','','EF','U870')
insert into AA_FormButtonMenus_lang ([cFormCode],[localeid],[cButtonKey],[cMenuKey],[cCaption],[cToolTip],[cSubID],[cProjectNO])
values('EP0201','en-US','displayFormat','displayFormat[@@]Aggregate','Aggregate','Aggregate','EF','U870')
insert into AA_FormButtonMenus_lang ([cFormCode],[localeid],[cButtonKey],[cMenuKey],[cCaption],[cToolTip],[cSubID],[cProjectNO])
values('EP0201','en-US','displayFormat','displayFormat[@@]AutoWrap','WordWrap','WordWrap','EF','U870')
insert into AA_FormButtonMenus_lang ([cFormCode],[localeid],[cButtonKey],[cMenuKey],[cCaption],[cToolTip],[cSubID],[cProjectNO])
values('EP0201','en-US','displayFormat','displayFormat[@@]ForzenCol','ForzenColumn','ForzenColumn','EF','U870')
insert into AA_FormButtonMenus_lang ([cFormCode],[localeid],[cButtonKey],[cMenuKey],[cCaption],[cToolTip],[cSubID],[cProjectNO])
values('EP0201','en-US','displayFormat','displayFormat[@@]SetAggregateRule','SetAggregateRule','SetAggregateRule','EF','U870')
insert into AA_FormButtonMenus_lang ([cFormCode],[localeid],[cButtonKey],[cMenuKey],[cCaption],[cToolTip],[cSubID],[cProjectNO])
values('EP0201','en-US','displayFormat','displayFormat[@@]Spliter0','-','','EF','U870')
insert into AA_FormButtonMenus_lang ([cFormCode],[localeid],[cButtonKey],[cMenuKey],[cCaption],[cToolTip],[cSubID],[cProjectNO])
values('EP0201','en-US','displayFormat','displayFormat[@@]Spliter1','-','','EF','U870')
insert into AA_FormButtonMenus_lang ([cFormCode],[localeid],[cButtonKey],[cMenuKey],[cCaption],[cToolTip],[cSubID],[cProjectNO])
values('EP0201','en-US','displayFormat','displayFormat[@@]UnAggregate','UnAggregate','UnAggregate','EF','U870')
insert into AA_FormButtonMenus_lang ([cFormCode],[localeid],[cButtonKey],[cMenuKey],[cCaption],[cToolTip],[cSubID],[cProjectNO])
values('EP0201','en-US','displayFormat','displayFormat[@@]UnForzen','UnForzen','UnForzen','EF','U870')
insert into AA_FormButtonMenus_lang ([cFormCode],[localeid],[cButtonKey],[cMenuKey],[cCaption],[cToolTip],[cSubID],[cProjectNO])
values('EP0201','en-US','Print','preview','preview','','EF','U870')
insert into AA_FormButtonMenus_lang ([cFormCode],[localeid],[cButtonKey],[cMenuKey],[cCaption],[cToolTip],[cSubID],[cProjectNO])
values('EP0201','en-US','Print','print','print','','EF','U870')
insert into AA_FormButtonMenus_lang ([cFormCode],[localeid],[cButtonKey],[cMenuKey],[cCaption],[cToolTip],[cSubID],[cProjectNO])
values('EP0201','en-US','save','line1','-','-','EF','U870')
insert into AA_FormButtonMenus_lang ([cFormCode],[localeid],[cButtonKey],[cMenuKey],[cCaption],[cToolTip],[cSubID],[cProjectNO])
values('EP0201','en-US','save','save','save','','EF','U870')
insert into AA_FormButtonMenus_lang ([cFormCode],[localeid],[cButtonKey],[cMenuKey],[cCaption],[cToolTip],[cSubID],[cProjectNO])
values('EP0201','en-US','save','savedraft','save draft','','EF','U870')
insert into AA_FormButtonMenus_lang ([cFormCode],[localeid],[cButtonKey],[cMenuKey],[cCaption],[cToolTip],[cSubID],[cProjectNO])
values('EP0201','en-US','save','savenew','save and new','save and new','EF','U870')
insert into AA_FormButtonMenus_lang ([cFormCode],[localeid],[cButtonKey],[cMenuKey],[cCaption],[cToolTip],[cSubID],[cProjectNO])
values('EP0201','en-US','save','savetemplate','save template','','EF','U870')
insert into AA_FormButtonMenus_lang ([cFormCode],[localeid],[cButtonKey],[cMenuKey],[cCaption],[cToolTip],[cSubID],[cProjectNO])
values('EP0201','en-US','SortLocate','SortLocate[@@]Ascending','Ascending','Ascending','EF','U870')
insert into AA_FormButtonMenus_lang ([cFormCode],[localeid],[cButtonKey],[cMenuKey],[cCaption],[cToolTip],[cSubID],[cProjectNO])
values('EP0201','en-US','SortLocate','SortLocate[@@]Descending','Descending','Descending','EF','U870')
insert into AA_FormButtonMenus_lang ([cFormCode],[localeid],[cButtonKey],[cMenuKey],[cCaption],[cToolTip],[cSubID],[cProjectNO])
values('EP0201','en-US','SortLocate','SortLocate[@@]Locate','Location','Location','EF','U870')
insert into AA_FormButtonMenus_lang ([cFormCode],[localeid],[cButtonKey],[cMenuKey],[cCaption],[cToolTip],[cSubID],[cProjectNO])
values('EP0201','en-US','SortLocate','SortLocate[@@]Spliter0','-','','EF','U870')
insert into AA_FormButtonMenus_lang ([cFormCode],[localeid],[cButtonKey],[cMenuKey],[cCaption],[cToolTip],[cSubID],[cProjectNO])
values('EP0201','en-US','SortLocate','SortLocate[@@]UnSort','UnSort','UnSort','EF','U870')
insert into AA_FormButtonMenus_lang ([cFormCode],[localeid],[cButtonKey],[cMenuKey],[cCaption],[cToolTip],[cSubID],[cProjectNO])
values('EP0201','en-US','SortLocate','SortLocate[@@]UserDefineSort','UserDefineSort','UserDefineSort','EF','U870')
insert into AA_FormButtonMenus_lang ([cFormCode],[localeid],[cButtonKey],[cMenuKey],[cCaption],[cToolTip],[cSubID],[cProjectNO])
values('EP0201','zh-CN','add','add','空白单据','空白单据','EF','U870')
insert into AA_FormButtonMenus_lang ([cFormCode],[localeid],[cButtonKey],[cMenuKey],[cCaption],[cToolTip],[cSubID],[cProjectNO])
values('EP0201','zh-CN','add','templates','模板','模板','EF','U870')
insert into AA_FormButtonMenus_lang ([cFormCode],[localeid],[cButtonKey],[cMenuKey],[cCaption],[cToolTip],[cSubID],[cProjectNO])
values('EP0201','zh-CN','copy','copyvoucher','复制单据(Ctrl+F5)','','EF','U870')
insert into AA_FormButtonMenus_lang ([cFormCode],[localeid],[cButtonKey],[cMenuKey],[cCaption],[cToolTip],[cSubID],[cProjectNO])
values('EP0201','zh-CN','displayFormat','displayFormat[@@]Aggregate','合并显示','合并显示','EF','U870')
insert into AA_FormButtonMenus_lang ([cFormCode],[localeid],[cButtonKey],[cMenuKey],[cCaption],[cToolTip],[cSubID],[cProjectNO])
values('EP0201','zh-CN','displayFormat','displayFormat[@@]AutoWrap','自动折行','自动折行','EF','U870')
insert into AA_FormButtonMenus_lang ([cFormCode],[localeid],[cButtonKey],[cMenuKey],[cCaption],[cToolTip],[cSubID],[cProjectNO])
values('EP0201','zh-CN','displayFormat','displayFormat[@@]ForzenCol','冻结列','冻结列','EF','U870')
insert into AA_FormButtonMenus_lang ([cFormCode],[localeid],[cButtonKey],[cMenuKey],[cCaption],[cToolTip],[cSubID],[cProjectNO])
values('EP0201','zh-CN','displayFormat','displayFormat[@@]SetAggregateRule','设置合并规则','设置合并规则','EF','U870')
insert into AA_FormButtonMenus_lang ([cFormCode],[localeid],[cButtonKey],[cMenuKey],[cCaption],[cToolTip],[cSubID],[cProjectNO])
values('EP0201','zh-CN','displayFormat','displayFormat[@@]Spliter0','-','','EF','U870')
insert into AA_FormButtonMenus_lang ([cFormCode],[localeid],[cButtonKey],[cMenuKey],[cCaption],[cToolTip],[cSubID],[cProjectNO])
values('EP0201','zh-CN','displayFormat','displayFormat[@@]Spliter1','-','','EF','U870')
insert into AA_FormButtonMenus_lang ([cFormCode],[localeid],[cButtonKey],[cMenuKey],[cCaption],[cToolTip],[cSubID],[cProjectNO])
values('EP0201','zh-CN','displayFormat','displayFormat[@@]UnAggregate','取消合并','取消合并','EF','U870')
insert into AA_FormButtonMenus_lang ([cFormCode],[localeid],[cButtonKey],[cMenuKey],[cCaption],[cToolTip],[cSubID],[cProjectNO])
values('EP0201','zh-CN','displayFormat','displayFormat[@@]UnForzen','取消冻结','取消冻结','EF','U870')
insert into AA_FormButtonMenus_lang ([cFormCode],[localeid],[cButtonKey],[cMenuKey],[cCaption],[cToolTip],[cSubID],[cProjectNO])
values('EP0201','zh-CN','Print','preview','预览','','EF','U870')
insert into AA_FormButtonMenus_lang ([cFormCode],[localeid],[cButtonKey],[cMenuKey],[cCaption],[cToolTip],[cSubID],[cProjectNO])
values('EP0201','zh-CN','Print','print','打印','','EF','U870')
insert into AA_FormButtonMenus_lang ([cFormCode],[localeid],[cButtonKey],[cMenuKey],[cCaption],[cToolTip],[cSubID],[cProjectNO])
values('EP0201','zh-CN','save','line1','-','-','EF','U870')
insert into AA_FormButtonMenus_lang ([cFormCode],[localeid],[cButtonKey],[cMenuKey],[cCaption],[cToolTip],[cSubID],[cProjectNO])
values('EP0201','zh-CN','save','save','保存','','EF','U870')
insert into AA_FormButtonMenus_lang ([cFormCode],[localeid],[cButtonKey],[cMenuKey],[cCaption],[cToolTip],[cSubID],[cProjectNO])
values('EP0201','zh-CN','save','savedraft','保存为草稿','','EF','U870')
insert into AA_FormButtonMenus_lang ([cFormCode],[localeid],[cButtonKey],[cMenuKey],[cCaption],[cToolTip],[cSubID],[cProjectNO])
values('EP0201','zh-CN','save','savenew','保存并新增','','EF','U870')
insert into AA_FormButtonMenus_lang ([cFormCode],[localeid],[cButtonKey],[cMenuKey],[cCaption],[cToolTip],[cSubID],[cProjectNO])
values('EP0201','zh-CN','save','savetemplate','保存为模板','','EF','U870')
insert into AA_FormButtonMenus_lang ([cFormCode],[localeid],[cButtonKey],[cMenuKey],[cCaption],[cToolTip],[cSubID],[cProjectNO])
values('EP0201','zh-CN','SortLocate','SortLocate[@@]Ascending','升序','升序','EF','U870')
insert into AA_FormButtonMenus_lang ([cFormCode],[localeid],[cButtonKey],[cMenuKey],[cCaption],[cToolTip],[cSubID],[cProjectNO])
values('EP0201','zh-CN','SortLocate','SortLocate[@@]Descending','降序','降序','EF','U870')
insert into AA_FormButtonMenus_lang ([cFormCode],[localeid],[cButtonKey],[cMenuKey],[cCaption],[cToolTip],[cSubID],[cProjectNO])
values('EP0201','zh-CN','SortLocate','SortLocate[@@]Locate','定位','定位','EF','U870')
insert into AA_FormButtonMenus_lang ([cFormCode],[localeid],[cButtonKey],[cMenuKey],[cCaption],[cToolTip],[cSubID],[cProjectNO])
values('EP0201','zh-CN','SortLocate','SortLocate[@@]Spliter0','-','','EF','U870')
insert into AA_FormButtonMenus_lang ([cFormCode],[localeid],[cButtonKey],[cMenuKey],[cCaption],[cToolTip],[cSubID],[cProjectNO])
values('EP0201','zh-CN','SortLocate','SortLocate[@@]UnSort','取消排序','取消排序','EF','U870')
insert into AA_FormButtonMenus_lang ([cFormCode],[localeid],[cButtonKey],[cMenuKey],[cCaption],[cToolTip],[cSubID],[cProjectNO])
values('EP0201','zh-CN','SortLocate','SortLocate[@@]UserDefineSort','自定义排序','自定义排序','EF','U870')
insert into AA_FormButtonMenus_lang ([cFormCode],[localeid],[cButtonKey],[cMenuKey],[cCaption],[cToolTip],[cSubID],[cProjectNO])
values('EP0201','zh-TW','add','add','空白','空白','EF','U870')
insert into AA_FormButtonMenus_lang ([cFormCode],[localeid],[cButtonKey],[cMenuKey],[cCaption],[cToolTip],[cSubID],[cProjectNO])
values('EP0201','zh-TW','add','templates','本','本','EF','U870')
insert into AA_FormButtonMenus_lang ([cFormCode],[localeid],[cButtonKey],[cMenuKey],[cCaption],[cToolTip],[cSubID],[cProjectNO])
values('EP0201','zh-TW','copy','copyvoucher','复制单据(Ctrl+F5)','','EF','U870')
insert into AA_FormButtonMenus_lang ([cFormCode],[localeid],[cButtonKey],[cMenuKey],[cCaption],[cToolTip],[cSubID],[cProjectNO])
values('EP0201','zh-TW','displayFormat','displayFormat[@@]Aggregate','合泔@示','合泔@示','EF','U870')
insert into AA_FormButtonMenus_lang ([cFormCode],[localeid],[cButtonKey],[cMenuKey],[cCaption],[cToolTip],[cSubID],[cProjectNO])
values('EP0201','zh-TW','displayFormat','displayFormat[@@]AutoWrap','自诱坌','自诱坌','EF','U870')
insert into AA_FormButtonMenus_lang ([cFormCode],[localeid],[cButtonKey],[cMenuKey],[cCaption],[cToolTip],[cSubID],[cProjectNO])
values('EP0201','zh-TW','displayFormat','displayFormat[@@]ForzenCol','鼋Y列','鼋Y列','EF','U870')
insert into AA_FormButtonMenus_lang ([cFormCode],[localeid],[cButtonKey],[cMenuKey],[cCaption],[cToolTip],[cSubID],[cProjectNO])
values('EP0201','zh-TW','displayFormat','displayFormat[@@]SetAggregateRule','O置合阋t','O置合阋t','EF','U870')
insert into AA_FormButtonMenus_lang ([cFormCode],[localeid],[cButtonKey],[cMenuKey],[cCaption],[cToolTip],[cSubID],[cProjectNO])
values('EP0201','zh-TW','displayFormat','displayFormat[@@]Spliter0','-','','EF','U870')
insert into AA_FormButtonMenus_lang ([cFormCode],[localeid],[cButtonKey],[cMenuKey],[cCaption],[cToolTip],[cSubID],[cProjectNO])
values('EP0201','zh-TW','displayFormat','displayFormat[@@]Spliter1','-','','EF','U870')
insert into AA_FormButtonMenus_lang ([cFormCode],[localeid],[cButtonKey],[cMenuKey],[cCaption],[cToolTip],[cSubID],[cProjectNO])
values('EP0201','zh-TW','displayFormat','displayFormat[@@]UnAggregate','取消合','取消合','EF','U870')
insert into AA_FormButtonMenus_lang ([cFormCode],[localeid],[cButtonKey],[cMenuKey],[cCaption],[cToolTip],[cSubID],[cProjectNO])
values('EP0201','zh-TW','displayFormat','displayFormat[@@]UnForzen','取消鼋Y','取消鼋Y','EF','U870')
insert into AA_FormButtonMenus_lang ([cFormCode],[localeid],[cButtonKey],[cMenuKey],[cCaption],[cToolTip],[cSubID],[cProjectNO])
values('EP0201','zh-TW','Print','preview','A[','','EF','U870')
insert into AA_FormButtonMenus_lang ([cFormCode],[localeid],[cButtonKey],[cMenuKey],[cCaption],[cToolTip],[cSubID],[cProjectNO])
values('EP0201','zh-TW','Print','print','列印','','EF','U870')
insert into AA_FormButtonMenus_lang ([cFormCode],[localeid],[cButtonKey],[cMenuKey],[cCaption],[cToolTip],[cSubID],[cProjectNO])
values('EP0201','zh-TW','save','line1','-','-','EF','U870')
insert into AA_FormButtonMenus_lang ([cFormCode],[localeid],[cButtonKey],[cMenuKey],[cCaption],[cToolTip],[cSubID],[cProjectNO])
values('EP0201','zh-TW','save','save','保存','','EF','U870')
insert into AA_FormButtonMenus_lang ([cFormCode],[localeid],[cButtonKey],[cMenuKey],[cCaption],[cToolTip],[cSubID],[cProjectNO])
values('EP0201','zh-TW','save','savedraft','保存椴莞','','EF','U870')
insert into AA_FormButtonMenus_lang ([cFormCode],[localeid],[cButtonKey],[cMenuKey],[cCaption],[cToolTip],[cSubID],[cProjectNO])
values('EP0201','zh-TW','save','savenew','保存并新增','','EF','U870')
insert into AA_FormButtonMenus_lang ([cFormCode],[localeid],[cButtonKey],[cMenuKey],[cCaption],[cToolTip],[cSubID],[cProjectNO])
values('EP0201','zh-TW','save','savetemplate','保存楣本','','EF','U870')
insert into AA_FormButtonMenus_lang ([cFormCode],[localeid],[cButtonKey],[cMenuKey],[cCaption],[cToolTip],[cSubID],[cProjectNO])
values('EP0201','zh-TW','SortLocate','SortLocate[@@]Ascending','N','N','EF','U870')
insert into AA_FormButtonMenus_lang ([cFormCode],[localeid],[cButtonKey],[cMenuKey],[cCaption],[cToolTip],[cSubID],[cProjectNO])
values('EP0201','zh-TW','SortLocate','SortLocate[@@]Descending','降','降','EF','U870')
insert into AA_FormButtonMenus_lang ([cFormCode],[localeid],[cButtonKey],[cMenuKey],[cCaption],[cToolTip],[cSubID],[cProjectNO])
values('EP0201','zh-TW','SortLocate','SortLocate[@@]Locate','定位','定位','EF','U870')
insert into AA_FormButtonMenus_lang ([cFormCode],[localeid],[cButtonKey],[cMenuKey],[cCaption],[cToolTip],[cSubID],[cProjectNO])
values('EP0201','zh-TW','SortLocate','SortLocate[@@]Spliter0','-','','EF','U870')
insert into AA_FormButtonMenus_lang ([cFormCode],[localeid],[cButtonKey],[cMenuKey],[cCaption],[cToolTip],[cSubID],[cProjectNO])
values('EP0201','zh-TW','SortLocate','SortLocate[@@]UnSort','取消排序','取消排序','EF','U870')
insert into AA_FormButtonMenus_lang ([cFormCode],[localeid],[cButtonKey],[cMenuKey],[cCaption],[cToolTip],[cSubID],[cProjectNO])
values('EP0201','zh-TW','SortLocate','SortLocate[@@]UserDefineSort','自排序','自排序','EF','U870')

GO
insert into AA_FormButtonAuths ([cFormCode],[cButtonKey],[cSubID],[cProjectNO],[cMenuKey],[cAuthid])
values('EP0201','add','EF','U870','','EP020102')
insert into AA_FormButtonAuths ([cFormCode],[cButtonKey],[cSubID],[cProjectNO],[cMenuKey],[cAuthid])
values('EP0201','copy','EF','U870','','EP020102')
insert into AA_FormButtonAuths ([cFormCode],[cButtonKey],[cSubID],[cProjectNO],[cMenuKey],[cAuthid])
values('EP0201','delete','EF','U870','','EP020105')
insert into AA_FormButtonAuths ([cFormCode],[cButtonKey],[cSubID],[cProjectNO],[cMenuKey],[cAuthid])
values('EP0201','modify','EF','U870','','EP020103')
insert into AA_FormButtonAuths ([cFormCode],[cButtonKey],[cSubID],[cProjectNO],[cMenuKey],[cAuthid])
values('EP0201','output','EF','U870','','EP020109')
insert into AA_FormButtonAuths ([cFormCode],[cButtonKey],[cSubID],[cProjectNO],[cMenuKey],[cAuthid])
values('EP0201','print','EF','U870','','EP020108')
insert into AA_FormButtonAuths ([cFormCode],[cButtonKey],[cSubID],[cProjectNO],[cMenuKey],[cAuthid])
values('EP0201','save','EF','U870','','EP020104')
insert into AA_FormButtonAuths ([cFormCode],[cButtonKey],[cSubID],[cProjectNO],[cMenuKey],[cAuthid])
values('EP0201','submit','EF','U870','','EP020110')
insert into AA_FormButtonAuths ([cFormCode],[cButtonKey],[cSubID],[cProjectNO],[cMenuKey],[cAuthid])
values('EP0201','unsubmit','EF','U870','','EP020111')
insert into AA_FormButtonAuths ([cFormCode],[cButtonKey],[cSubID],[cProjectNO],[cMenuKey],[cAuthid])
values('EP0201','unverify','EF','U870','','EP020107')
insert into AA_FormButtonAuths ([cFormCode],[cButtonKey],[cSubID],[cProjectNO],[cMenuKey],[cAuthid])
values('EP0201','verify','EF','U870','','EP020106')

GO
-- select * from AA_Forms_base Where cFormCode =N'EP0201_list'
-- select * from AA_Forms_lang Where cFormCode =N'EP0201_list'
-- select * from AA_FormButtons_base Where cFormCode =N'EP0201_list'
-- select * from AA_FormButtons_lang Where cFormCode =N'EP0201_list'
-- select * from AA_FormButtonMenus_base Where cFormCode =N'EP0201_list'
-- select * from AA_FormButtonMenus_lang Where cFormCode =N'EP0201_list'
-- select * from AA_FormButtonAuths Where cFormCode =N'EP0201_list' 
Delete from AA_Forms_base Where cFormCode =N'EP0201_list'
GO
Delete from AA_Forms_lang Where cFormCode =N'EP0201_list'
GO
Delete from AA_FormButtons_base Where cFormCode =N'EP0201_list'
GO
Delete from AA_FormButtons_lang Where cFormCode =N'EP0201_list'
GO
Delete from AA_FormButtonMenus_base Where cFormCode =N'EP0201_list'
GO
Delete from AA_FormButtonMenus_lang Where cFormCode =N'EP0201_list'
GO
Delete from AA_FormButtonAuths Where cFormCode =N'EP0201_list' 
GO

GO
insert into AA_Forms_base ([cFormCode],[cSubID],[iFormType],[cMemo],[cProjectNO],[bSmallbutton])
values('EP0201_list','EF',0,'项目需求计划单列表','U870',0)

GO
insert into AA_Forms_lang ([cFormCode],[localeid],[cFormCaption],[cFormDesc],[cSubID],[cProjectNO])
values('EP0201_list','en-US','项目需求计划单列表','','EF','U870')
insert into AA_Forms_lang ([cFormCode],[localeid],[cFormCaption],[cFormDesc],[cSubID],[cProjectNO])
values('EP0201_list','zh-CN','项目需求计划单列表','','EF','U870')
insert into AA_Forms_lang ([cFormCode],[localeid],[cFormCaption],[cFormDesc],[cSubID],[cProjectNO])
values('EP0201_list','zh-TW','项目需求计划单列表','','EF','U870')

GO
insert into AA_FormButtons_base ([cFormCode],[cButtonKey],[cGroup],[cPic],[cToolBarType],[iToolBarStyle],[iOrder],[iheightRow],[cHotKey],[cAuthid],[iVoucherCtlIndex],[ctoolbarPosIndex],[cResID],[cTipResID],[cSubID],[cProjectNO],[cForegroundColor],[cBackgroundColor],[cSetGroup],[iSetGroupRow],[ProcessObjectName],[FunctionKey])
values('EP0201_list','autofold','PF_List_7','auto break row','PortalToolbar',0,190,1,'','',0,'P','','','EF','U870',Null,Null,'PF_List_7_2',3,'U8VouchListCommon.clsToolbarCommon','autowrap')
insert into AA_FormButtons_base ([cFormCode],[cButtonKey],[cGroup],[cPic],[cToolBarType],[iToolBarStyle],[iOrder],[iheightRow],[cHotKey],[cAuthid],[iVoucherCtlIndex],[ctoolbarPosIndex],[cResID],[cTipResID],[cSubID],[cProjectNO],[cForegroundColor],[cBackgroundColor],[cSetGroup],[iSetGroupRow],[ProcessObjectName],[FunctionKey])
values('EP0201_list','closebatch','PF_List_5','close','PortalToolbar',0,140,1,'Alt+C','',0,'P','','','EF','U870',Null,Null,'PF_List_5_1',2,Null,Null)
insert into AA_FormButtons_base ([cFormCode],[cButtonKey],[cGroup],[cPic],[cToolBarType],[iToolBarStyle],[iOrder],[iheightRow],[cHotKey],[cAuthid],[iVoucherCtlIndex],[ctoolbarPosIndex],[cResID],[cTipResID],[cSubID],[cProjectNO],[cForegroundColor],[cBackgroundColor],[cSetGroup],[iSetGroupRow],[ProcessObjectName],[FunctionKey])
values('EP0201_list','columnset','PF_List_7','Column','PortalToolbar',0,180,1,'Ctrl+F6',Null,0,'P','','','EF','U870',Null,Null,'PF_List_7_2',3,Null,Null)
insert into AA_FormButtons_base ([cFormCode],[cButtonKey],[cGroup],[cPic],[cToolBarType],[iToolBarStyle],[iOrder],[iheightRow],[cHotKey],[cAuthid],[iVoucherCtlIndex],[ctoolbarPosIndex],[cResID],[cTipResID],[cSubID],[cProjectNO],[cForegroundColor],[cBackgroundColor],[cSetGroup],[iSetGroupRow],[ProcessObjectName],[FunctionKey])
values('EP0201_list','ConditionFormat','PF_List_7','ConditionFormat','PortalToolbar',128,200,3,'','',0,'P','','','EF','U870',Null,Null,'PF_List_7_3',1,'U8VouchListCommon.clsToolbarCommon','ConditionFormat')
insert into AA_FormButtons_base ([cFormCode],[cButtonKey],[cGroup],[cPic],[cToolBarType],[iToolBarStyle],[iOrder],[iheightRow],[cHotKey],[cAuthid],[iVoucherCtlIndex],[ctoolbarPosIndex],[cResID],[cTipResID],[cSubID],[cProjectNO],[cForegroundColor],[cBackgroundColor],[cSetGroup],[iSetGroupRow],[ProcessObjectName],[FunctionKey])
values('EP0201_list','filter','PF_List_2','Query','PortalToolbar',128,30,3,'',Null,0,'P','','','EF','U870',Null,Null,'PF_List_2_1',1,'U8VouchListCommon.clsToolbarCommon','Query')
insert into AA_FormButtons_base ([cFormCode],[cButtonKey],[cGroup],[cPic],[cToolBarType],[iToolBarStyle],[iOrder],[iheightRow],[cHotKey],[cAuthid],[iVoucherCtlIndex],[ctoolbarPosIndex],[cResID],[cTipResID],[cSubID],[cProjectNO],[cForegroundColor],[cBackgroundColor],[cSetGroup],[iSetGroupRow],[ProcessObjectName],[FunctionKey])
values('EP0201_list','filtration','PF_List_2','Filter','PortalToolbar',0,50,1,'','',0,'P','','','EF','U870',Null,Null,'PF_List_2_2',2,'U8VouchListCommon.clsToolbarCommon','Flt')
insert into AA_FormButtons_base ([cFormCode],[cButtonKey],[cGroup],[cPic],[cToolBarType],[iToolBarStyle],[iOrder],[iheightRow],[cHotKey],[cAuthid],[iVoucherCtlIndex],[ctoolbarPosIndex],[cResID],[cTipResID],[cSubID],[cProjectNO],[cForegroundColor],[cBackgroundColor],[cSetGroup],[iSetGroupRow],[ProcessObjectName],[FunctionKey])
values('EP0201_list','layout','PF_List_7','layout','PortalToolbar',128,170,3,'','',0,'P','','','EF','U870',Null,Null,'PF_List_7_1',1,'U8VouchListCommon.clsToolbarCommon','LayOut')
insert into AA_FormButtons_base ([cFormCode],[cButtonKey],[cGroup],[cPic],[cToolBarType],[iToolBarStyle],[iOrder],[iheightRow],[cHotKey],[cAuthid],[iVoucherCtlIndex],[ctoolbarPosIndex],[cResID],[cTipResID],[cSubID],[cProjectNO],[cForegroundColor],[cBackgroundColor],[cSetGroup],[iSetGroupRow],[ProcessObjectName],[FunctionKey])
values('EP0201_list','locate','PF_List_2','Location','PortalToolbar',0,40,1,'Ctrl+F3',Null,0,'P','','','EF','U870',Null,Null,'PF_List_2_2',2,Null,Null)
insert into AA_FormButtons_base ([cFormCode],[cButtonKey],[cGroup],[cPic],[cToolBarType],[iToolBarStyle],[iOrder],[iheightRow],[cHotKey],[cAuthid],[iVoucherCtlIndex],[ctoolbarPosIndex],[cResID],[cTipResID],[cSubID],[cProjectNO],[cForegroundColor],[cBackgroundColor],[cSetGroup],[iSetGroupRow],[ProcessObjectName],[FunctionKey])
values('EP0201_list','openbatch','PF_List_5','open','PortalToolbar',0,150,1,'Alt+O','',0,'P','','','EF','U870',Null,Null,'PF_List_5_1',2,Null,Null)
insert into AA_FormButtons_base ([cFormCode],[cButtonKey],[cGroup],[cPic],[cToolBarType],[iToolBarStyle],[iOrder],[iheightRow],[cHotKey],[cAuthid],[iVoucherCtlIndex],[ctoolbarPosIndex],[cResID],[cTipResID],[cSubID],[cProjectNO],[cForegroundColor],[cBackgroundColor],[cSetGroup],[iSetGroupRow],[ProcessObjectName],[FunctionKey])
values('EP0201_list','output','PF_List_1','Output','PortalToolbar',0,20,1,'ALT+E','',0,'P','','','EF','U870',Null,Null,'PF_List_1_1',2,Null,Null)
insert into AA_FormButtons_base ([cFormCode],[cButtonKey],[cGroup],[cPic],[cToolBarType],[iToolBarStyle],[iOrder],[iheightRow],[cHotKey],[cAuthid],[iVoucherCtlIndex],[ctoolbarPosIndex],[cResID],[cTipResID],[cSubID],[cProjectNO],[cForegroundColor],[cBackgroundColor],[cSetGroup],[iSetGroupRow],[ProcessObjectName],[FunctionKey])
values('EP0201_list','print','PF_List_1','Print','PortalToolbar',5,10,1,'Ctrl+P','',0,'P','','','EF','U870',Null,Null,'PF_List_1_1',2,Null,Null)
insert into AA_FormButtons_base ([cFormCode],[cButtonKey],[cGroup],[cPic],[cToolBarType],[iToolBarStyle],[iOrder],[iheightRow],[cHotKey],[cAuthid],[iVoucherCtlIndex],[ctoolbarPosIndex],[cResID],[cTipResID],[cSubID],[cProjectNO],[cForegroundColor],[cBackgroundColor],[cSetGroup],[iSetGroupRow],[ProcessObjectName],[FunctionKey])
values('EP0201_list','search','PF_List_6','Relate query','PortalToolbar',0,160,3,'',Null,0,'P','','','EF','U870',Null,Null,'PF_List_6_1',1,Null,Null)
insert into AA_FormButtons_base ([cFormCode],[cButtonKey],[cGroup],[cPic],[cToolBarType],[iToolBarStyle],[iOrder],[iheightRow],[cHotKey],[cAuthid],[iVoucherCtlIndex],[ctoolbarPosIndex],[cResID],[cTipResID],[cSubID],[cProjectNO],[cForegroundColor],[cBackgroundColor],[cSetGroup],[iSetGroupRow],[ProcessObjectName],[FunctionKey])
values('EP0201_list','unverifybatch','PF_List_3','Unapprove','PortalToolbar',0,100,1,'Alt+U','',0,'P','','','EF','U870',Null,Null,'PF_List_3_3',2,Null,Null)
insert into AA_FormButtons_base ([cFormCode],[cButtonKey],[cGroup],[cPic],[cToolBarType],[iToolBarStyle],[iOrder],[iheightRow],[cHotKey],[cAuthid],[iVoucherCtlIndex],[ctoolbarPosIndex],[cResID],[cTipResID],[cSubID],[cProjectNO],[cForegroundColor],[cBackgroundColor],[cSetGroup],[iSetGroupRow],[ProcessObjectName],[FunctionKey])
values('EP0201_list','verifybatch','PF_List_3','Approve','PortalToolbar',0,80,3,'Ctrl+U','',0,'P','','','EF','U870',Null,Null,'PF_List_3_2',1,Null,Null)

GO
insert into AA_FormButtons_lang ([cFormCode],[localeid],[cButtonKey],[cCaption],[cToolTip],[cSubID],[cProjectNO])
values('EP0201_list','en-US','autofold','autofold','autofold','EF','U870')
insert into AA_FormButtons_lang ([cFormCode],[localeid],[cButtonKey],[cCaption],[cToolTip],[cSubID],[cProjectNO])
values('EP0201_list','en-US','closebatch','Batch close','Batch closing refreshing','EF','U870')
insert into AA_FormButtons_lang ([cFormCode],[localeid],[cButtonKey],[cCaption],[cToolTip],[cSubID],[cProjectNO])
values('EP0201_list','en-US','columnset','Column','Column','EF','U870')
insert into AA_FormButtons_lang ([cFormCode],[localeid],[cButtonKey],[cCaption],[cToolTip],[cSubID],[cProjectNO])
values('EP0201_list','en-US','ConditionFormat','conditonl formatting','conditonl formatting','EF','U870')
insert into AA_FormButtons_lang ([cFormCode],[localeid],[cButtonKey],[cCaption],[cToolTip],[cSubID],[cProjectNO])
values('EP0201_list','en-US','filter','Query','Query','EF','U870')
insert into AA_FormButtons_lang ([cFormCode],[localeid],[cButtonKey],[cCaption],[cToolTip],[cSubID],[cProjectNO])
values('EP0201_list','en-US','filtration','Filter','Filter','EF','U870')
insert into AA_FormButtons_lang ([cFormCode],[localeid],[cButtonKey],[cCaption],[cToolTip],[cSubID],[cProjectNO])
values('EP0201_list','en-US','layout','layout','layout','EF','U870')
insert into AA_FormButtons_lang ([cFormCode],[localeid],[cButtonKey],[cCaption],[cToolTip],[cSubID],[cProjectNO])
values('EP0201_list','en-US','locate','Location','Location','EF','U870')
insert into AA_FormButtons_lang ([cFormCode],[localeid],[cButtonKey],[cCaption],[cToolTip],[cSubID],[cProjectNO])
values('EP0201_list','en-US','openbatch','Batch open','Batch open','EF','U870')
insert into AA_FormButtons_lang ([cFormCode],[localeid],[cButtonKey],[cCaption],[cToolTip],[cSubID],[cProjectNO])
values('EP0201_list','en-US','output','output','output','EF','U870')
insert into AA_FormButtons_lang ([cFormCode],[localeid],[cButtonKey],[cCaption],[cToolTip],[cSubID],[cProjectNO])
values('EP0201_list','en-US','print','Print','Print','EF','U870')
insert into AA_FormButtons_lang ([cFormCode],[localeid],[cButtonKey],[cCaption],[cToolTip],[cSubID],[cProjectNO])
values('EP0201_list','en-US','search','Query jointly','Query jointly','EF','U870')
insert into AA_FormButtons_lang ([cFormCode],[localeid],[cButtonKey],[cCaption],[cToolTip],[cSubID],[cProjectNO])
values('EP0201_list','en-US','unverifybatch','Batch cancel','Batch removing refreshing','EF','U870')
insert into AA_FormButtons_lang ([cFormCode],[localeid],[cButtonKey],[cCaption],[cToolTip],[cSubID],[cProjectNO])
values('EP0201_list','en-US','verifybatch','Mass approve','Mass approve','EF','U870')
insert into AA_FormButtons_lang ([cFormCode],[localeid],[cButtonKey],[cCaption],[cToolTip],[cSubID],[cProjectNO])
values('EP0201_list','zh-CN','autofold','自动折行','自动折行','EF','U870')
insert into AA_FormButtons_lang ([cFormCode],[localeid],[cButtonKey],[cCaption],[cToolTip],[cSubID],[cProjectNO])
values('EP0201_list','zh-CN','closebatch','关闭','关闭','EF','U870')
insert into AA_FormButtons_lang ([cFormCode],[localeid],[cButtonKey],[cCaption],[cToolTip],[cSubID],[cProjectNO])
values('EP0201_list','zh-CN','columnset','栏目设置','栏目设置','EF','U870')
insert into AA_FormButtons_lang ([cFormCode],[localeid],[cButtonKey],[cCaption],[cToolTip],[cSubID],[cProjectNO])
values('EP0201_list','zh-CN','ConditionFormat','条件格式','条件格式','EF','U870')
insert into AA_FormButtons_lang ([cFormCode],[localeid],[cButtonKey],[cCaption],[cToolTip],[cSubID],[cProjectNO])
values('EP0201_list','zh-CN','filter','查询','查询','EF','U870')
insert into AA_FormButtons_lang ([cFormCode],[localeid],[cButtonKey],[cCaption],[cToolTip],[cSubID],[cProjectNO])
values('EP0201_list','zh-CN','filtration','筛选','筛选','EF','U870')
insert into AA_FormButtons_lang ([cFormCode],[localeid],[cButtonKey],[cCaption],[cToolTip],[cSubID],[cProjectNO])
values('EP0201_list','zh-CN','layout','布局','布局','EF','U870')
insert into AA_FormButtons_lang ([cFormCode],[localeid],[cButtonKey],[cCaption],[cToolTip],[cSubID],[cProjectNO])
values('EP0201_list','zh-CN','locate','定位','定位','EF','U870')
insert into AA_FormButtons_lang ([cFormCode],[localeid],[cButtonKey],[cCaption],[cToolTip],[cSubID],[cProjectNO])
values('EP0201_list','zh-CN','openbatch','打开','打开','EF','U870')
insert into AA_FormButtons_lang ([cFormCode],[localeid],[cButtonKey],[cCaption],[cToolTip],[cSubID],[cProjectNO])
values('EP0201_list','zh-CN','output','输出','输出','EF','U870')
insert into AA_FormButtons_lang ([cFormCode],[localeid],[cButtonKey],[cCaption],[cToolTip],[cSubID],[cProjectNO])
values('EP0201_list','zh-CN','print','打印','打印','EF','U870')
insert into AA_FormButtons_lang ([cFormCode],[localeid],[cButtonKey],[cCaption],[cToolTip],[cSubID],[cProjectNO])
values('EP0201_list','zh-CN','search','联查','联查','EF','U870')
insert into AA_FormButtons_lang ([cFormCode],[localeid],[cButtonKey],[cCaption],[cToolTip],[cSubID],[cProjectNO])
values('EP0201_list','zh-CN','unverifybatch','弃审','弃审','EF','U870')
insert into AA_FormButtons_lang ([cFormCode],[localeid],[cButtonKey],[cCaption],[cToolTip],[cSubID],[cProjectNO])
values('EP0201_list','zh-CN','verifybatch','审核','审核','EF','U870')
insert into AA_FormButtons_lang ([cFormCode],[localeid],[cButtonKey],[cCaption],[cToolTip],[cSubID],[cProjectNO])
values('EP0201_list','zh-TW','autofold','自诱坌','自诱坌','EF','U870')
insert into AA_FormButtons_lang ([cFormCode],[localeid],[cButtonKey],[cCaption],[cToolTip],[cSubID],[cProjectNO])
values('EP0201_list','zh-TW','closebatch','P]','P]','EF','U870')
insert into AA_FormButtons_lang ([cFormCode],[localeid],[cButtonKey],[cCaption],[cToolTip],[cSubID],[cProjectNO])
values('EP0201_list','zh-TW','columnset','谀吭O置','谀吭O置','EF','U870')
insert into AA_FormButtons_lang ([cFormCode],[localeid],[cButtonKey],[cCaption],[cToolTip],[cSubID],[cProjectNO])
values('EP0201_list','zh-TW','ConditionFormat','l件格式','l件格式','EF','U870')
insert into AA_FormButtons_lang ([cFormCode],[localeid],[cButtonKey],[cCaption],[cToolTip],[cSubID],[cProjectNO])
values('EP0201_list','zh-TW','filter','查','查','EF','U870')
insert into AA_FormButtons_lang ([cFormCode],[localeid],[cButtonKey],[cCaption],[cToolTip],[cSubID],[cProjectNO])
values('EP0201_list','zh-TW','filtration','Yx','Yx','EF','U870')
insert into AA_FormButtons_lang ([cFormCode],[localeid],[cButtonKey],[cCaption],[cToolTip],[cSubID],[cProjectNO])
values('EP0201_list','zh-TW','layout','布局','布局','EF','U870')
insert into AA_FormButtons_lang ([cFormCode],[localeid],[cButtonKey],[cCaption],[cToolTip],[cSubID],[cProjectNO])
values('EP0201_list','zh-TW','locate','定位','定位','EF','U870')
insert into AA_FormButtons_lang ([cFormCode],[localeid],[cButtonKey],[cCaption],[cToolTip],[cSubID],[cProjectNO])
values('EP0201_list','zh-TW','openbatch','打_','打_','EF','U870')
insert into AA_FormButtons_lang ([cFormCode],[localeid],[cButtonKey],[cCaption],[cToolTip],[cSubID],[cProjectNO])
values('EP0201_list','zh-TW','output','出','出','EF','U870')
insert into AA_FormButtons_lang ([cFormCode],[localeid],[cButtonKey],[cCaption],[cToolTip],[cSubID],[cProjectNO])
values('EP0201_list','zh-TW','print','列印','列印','EF','U870')
insert into AA_FormButtons_lang ([cFormCode],[localeid],[cButtonKey],[cCaption],[cToolTip],[cSubID],[cProjectNO])
values('EP0201_list','zh-TW','search','查','查','EF','U870')
insert into AA_FormButtons_lang ([cFormCode],[localeid],[cButtonKey],[cCaption],[cToolTip],[cSubID],[cProjectNO])
values('EP0201_list','zh-TW','unverifybatch','','','EF','U870')
insert into AA_FormButtons_lang ([cFormCode],[localeid],[cButtonKey],[cCaption],[cToolTip],[cSubID],[cProjectNO])
values('EP0201_list','zh-TW','verifybatch','核','核','EF','U870')

GO
insert into AA_FormButtonMenus_base ([cFormCode],[cButtonKey],[cMenuKey],[iOrder],[cParentKey],[igrade],[cAuthid],[cResID],[cSubID],[cProjectNO],[cForegroundColor],[cBackgroundColor],[iMenuType],[ProcessObjectName],[FunctionKey])
values('EP0201_list','ConditionFormat','ConditionFormat[@@]Between',3,'',0,'','','EF','U870',Null,Null,0,'U8VouchListCommon.clsToolbarCommon','Between')
insert into AA_FormButtonMenus_base ([cFormCode],[cButtonKey],[cMenuKey],[iOrder],[cParentKey],[igrade],[cAuthid],[cResID],[cSubID],[cProjectNO],[cForegroundColor],[cBackgroundColor],[iMenuType],[ProcessObjectName],[FunctionKey])
values('EP0201_list','ConditionFormat','ConditionFormat[@@]Contain',5,'',0,'','','EF','U870',Null,Null,0,'U8VouchListCommon.clsToolbarCommon','Contain')
insert into AA_FormButtonMenus_base ([cFormCode],[cButtonKey],[cMenuKey],[iOrder],[cParentKey],[igrade],[cAuthid],[cResID],[cSubID],[cProjectNO],[cForegroundColor],[cBackgroundColor],[iMenuType],[ProcessObjectName],[FunctionKey])
values('EP0201_list','ConditionFormat','ConditionFormat[@@]DisplayRules',6,'',0,'','','EF','U870',Null,Null,0,'U8VouchListCommon.clsToolbarCommon','DisplayRules')
insert into AA_FormButtonMenus_base ([cFormCode],[cButtonKey],[cMenuKey],[iOrder],[cParentKey],[igrade],[cAuthid],[cResID],[cSubID],[cProjectNO],[cForegroundColor],[cBackgroundColor],[iMenuType],[ProcessObjectName],[FunctionKey])
values('EP0201_list','ConditionFormat','ConditionFormat[@@]Equal',4,'',0,'','','EF','U870',Null,Null,0,'U8VouchListCommon.clsToolbarCommon','Equal')
insert into AA_FormButtonMenus_base ([cFormCode],[cButtonKey],[cMenuKey],[iOrder],[cParentKey],[igrade],[cAuthid],[cResID],[cSubID],[cProjectNO],[cForegroundColor],[cBackgroundColor],[iMenuType],[ProcessObjectName],[FunctionKey])
values('EP0201_list','ConditionFormat','ConditionFormat[@@]Greate',1,'',0,'','','EF','U870',Null,Null,0,'U8VouchListCommon.clsToolbarCommon','Greate')
insert into AA_FormButtonMenus_base ([cFormCode],[cButtonKey],[cMenuKey],[iOrder],[cParentKey],[igrade],[cAuthid],[cResID],[cSubID],[cProjectNO],[cForegroundColor],[cBackgroundColor],[iMenuType],[ProcessObjectName],[FunctionKey])
values('EP0201_list','ConditionFormat','ConditionFormat[@@]Less',2,'',0,'','','EF','U870',Null,Null,0,'U8VouchListCommon.clsToolbarCommon','Less')
insert into AA_FormButtonMenus_base ([cFormCode],[cButtonKey],[cMenuKey],[iOrder],[cParentKey],[igrade],[cAuthid],[cResID],[cSubID],[cProjectNO],[cForegroundColor],[cBackgroundColor],[iMenuType],[ProcessObjectName],[FunctionKey])
values('EP0201_list','layout','layout[@@]HorizontalLayout',2,'',0,'','','EF','U870',Null,Null,1,'U8VouchListCommon.clsToolbarCommon','HorizontalLayout')
insert into AA_FormButtonMenus_base ([cFormCode],[cButtonKey],[cMenuKey],[iOrder],[cParentKey],[igrade],[cAuthid],[cResID],[cSubID],[cProjectNO],[cForegroundColor],[cBackgroundColor],[iMenuType],[ProcessObjectName],[FunctionKey])
values('EP0201_list','layout','layout[@@]mnubar0',3,'',0,'','','EF','U870',Null,Null,0,'U8VouchListCommon.clsToolbarCommon','mnubar0')
insert into AA_FormButtonMenus_base ([cFormCode],[cButtonKey],[cMenuKey],[iOrder],[cParentKey],[igrade],[cAuthid],[cResID],[cSubID],[cProjectNO],[cForegroundColor],[cBackgroundColor],[iMenuType],[ProcessObjectName],[FunctionKey])
values('EP0201_list','layout','layout[@@]QueryCondition',4,'',0,'','','EF','U870',Null,Null,1,'U8VouchListCommon.clsToolbarCommon','QueryCondition')
insert into AA_FormButtonMenus_base ([cFormCode],[cButtonKey],[cMenuKey],[iOrder],[cParentKey],[igrade],[cAuthid],[cResID],[cSubID],[cProjectNO],[cForegroundColor],[cBackgroundColor],[iMenuType],[ProcessObjectName],[FunctionKey])
values('EP0201_list','layout','layout[@@]QueryconSolution',5,'',0,'','','EF','U870',Null,Null,1,'U8VouchListCommon.clsToolbarCommon','QueryconSolution')
insert into AA_FormButtonMenus_base ([cFormCode],[cButtonKey],[cMenuKey],[iOrder],[cParentKey],[igrade],[cAuthid],[cResID],[cSubID],[cProjectNO],[cForegroundColor],[cBackgroundColor],[iMenuType],[ProcessObjectName],[FunctionKey])
values('EP0201_list','layout','layout[@@]VerticalLayout',1,'',0,'','','EF','U870',Null,Null,1,'U8VouchListCommon.clsToolbarCommon','VerticalLayout')
insert into AA_FormButtonMenus_base ([cFormCode],[cButtonKey],[cMenuKey],[iOrder],[cParentKey],[igrade],[cAuthid],[cResID],[cSubID],[cProjectNO],[cForegroundColor],[cBackgroundColor],[iMenuType],[ProcessObjectName],[FunctionKey])
values('EP0201_list','Print','preview',2,'',0,'','','EF','U870',Null,Null,0,Null,Null)
insert into AA_FormButtonMenus_base ([cFormCode],[cButtonKey],[cMenuKey],[iOrder],[cParentKey],[igrade],[cAuthid],[cResID],[cSubID],[cProjectNO],[cForegroundColor],[cBackgroundColor],[iMenuType],[ProcessObjectName],[FunctionKey])
values('EP0201_list','Print','print',1,'',0,'','','EF','U870',Null,Null,0,Null,Null)

GO
insert into AA_FormButtonMenus_lang ([cFormCode],[localeid],[cButtonKey],[cMenuKey],[cCaption],[cToolTip],[cSubID],[cProjectNO])
values('EP0201_list','en-US','ConditionFormat','ConditionFormat[@@]Between','Between','Between','EF','U870')
insert into AA_FormButtonMenus_lang ([cFormCode],[localeid],[cButtonKey],[cMenuKey],[cCaption],[cToolTip],[cSubID],[cProjectNO])
values('EP0201_list','en-US','ConditionFormat','ConditionFormat[@@]Contain','Contain','Contain','EF','U870')
insert into AA_FormButtonMenus_lang ([cFormCode],[localeid],[cButtonKey],[cMenuKey],[cCaption],[cToolTip],[cSubID],[cProjectNO])
values('EP0201_list','en-US','ConditionFormat','ConditionFormat[@@]DisplayRules','UserDefineRule','UserDefineRule','EF','U870')
insert into AA_FormButtonMenus_lang ([cFormCode],[localeid],[cButtonKey],[cMenuKey],[cCaption],[cToolTip],[cSubID],[cProjectNO])
values('EP0201_list','en-US','ConditionFormat','ConditionFormat[@@]Equal','Equal','Equal','EF','U870')
insert into AA_FormButtonMenus_lang ([cFormCode],[localeid],[cButtonKey],[cMenuKey],[cCaption],[cToolTip],[cSubID],[cProjectNO])
values('EP0201_list','en-US','ConditionFormat','ConditionFormat[@@]Greate','Greate','Greate','EF','U870')
insert into AA_FormButtonMenus_lang ([cFormCode],[localeid],[cButtonKey],[cMenuKey],[cCaption],[cToolTip],[cSubID],[cProjectNO])
values('EP0201_list','en-US','ConditionFormat','ConditionFormat[@@]Less','Less','Less','EF','U870')
insert into AA_FormButtonMenus_lang ([cFormCode],[localeid],[cButtonKey],[cMenuKey],[cCaption],[cToolTip],[cSubID],[cProjectNO])
values('EP0201_list','en-US','layout','layout[@@]HorizontalLayout','HorizontalLayout','HorizontalLayout','EF','U870')
insert into AA_FormButtonMenus_lang ([cFormCode],[localeid],[cButtonKey],[cMenuKey],[cCaption],[cToolTip],[cSubID],[cProjectNO])
values('EP0201_list','en-US','layout','layout[@@]mnubar0','-','','EF','U870')
insert into AA_FormButtonMenus_lang ([cFormCode],[localeid],[cButtonKey],[cMenuKey],[cCaption],[cToolTip],[cSubID],[cProjectNO])
values('EP0201_list','en-US','layout','layout[@@]QueryCondition','QueryCondition','QueryCondition','EF','U870')
insert into AA_FormButtonMenus_lang ([cFormCode],[localeid],[cButtonKey],[cMenuKey],[cCaption],[cToolTip],[cSubID],[cProjectNO])
values('EP0201_list','en-US','layout','layout[@@]QueryconSolution','QueryconSolution','QueryconSolution','EF','U870')
insert into AA_FormButtonMenus_lang ([cFormCode],[localeid],[cButtonKey],[cMenuKey],[cCaption],[cToolTip],[cSubID],[cProjectNO])
values('EP0201_list','en-US','layout','layout[@@]VerticalLayout','VerticalLayout','VerticalLayout','EF','U870')
insert into AA_FormButtonMenus_lang ([cFormCode],[localeid],[cButtonKey],[cMenuKey],[cCaption],[cToolTip],[cSubID],[cProjectNO])
values('EP0201_list','en-US','Print','preview','preview','','EF','U870')
insert into AA_FormButtonMenus_lang ([cFormCode],[localeid],[cButtonKey],[cMenuKey],[cCaption],[cToolTip],[cSubID],[cProjectNO])
values('EP0201_list','en-US','Print','print','print','','EF','U870')
insert into AA_FormButtonMenus_lang ([cFormCode],[localeid],[cButtonKey],[cMenuKey],[cCaption],[cToolTip],[cSubID],[cProjectNO])
values('EP0201_list','zh-CN','ConditionFormat','ConditionFormat[@@]Between','介于','介于','EF','U870')
insert into AA_FormButtonMenus_lang ([cFormCode],[localeid],[cButtonKey],[cMenuKey],[cCaption],[cToolTip],[cSubID],[cProjectNO])
values('EP0201_list','zh-CN','ConditionFormat','ConditionFormat[@@]Contain','包含','包含','EF','U870')
insert into AA_FormButtonMenus_lang ([cFormCode],[localeid],[cButtonKey],[cMenuKey],[cCaption],[cToolTip],[cSubID],[cProjectNO])
values('EP0201_list','zh-CN','ConditionFormat','ConditionFormat[@@]DisplayRules','自定义规则','自定义规则','EF','U870')
insert into AA_FormButtonMenus_lang ([cFormCode],[localeid],[cButtonKey],[cMenuKey],[cCaption],[cToolTip],[cSubID],[cProjectNO])
values('EP0201_list','zh-CN','ConditionFormat','ConditionFormat[@@]Equal','等于','等于','EF','U870')
insert into AA_FormButtonMenus_lang ([cFormCode],[localeid],[cButtonKey],[cMenuKey],[cCaption],[cToolTip],[cSubID],[cProjectNO])
values('EP0201_list','zh-CN','ConditionFormat','ConditionFormat[@@]Greate','大于','大于','EF','U870')
insert into AA_FormButtonMenus_lang ([cFormCode],[localeid],[cButtonKey],[cMenuKey],[cCaption],[cToolTip],[cSubID],[cProjectNO])
values('EP0201_list','zh-CN','ConditionFormat','ConditionFormat[@@]Less','小于','小于','EF','U870')
insert into AA_FormButtonMenus_lang ([cFormCode],[localeid],[cButtonKey],[cMenuKey],[cCaption],[cToolTip],[cSubID],[cProjectNO])
values('EP0201_list','zh-CN','layout','layout[@@]HorizontalLayout','上下布局','上下布局','EF','U870')
insert into AA_FormButtonMenus_lang ([cFormCode],[localeid],[cButtonKey],[cMenuKey],[cCaption],[cToolTip],[cSubID],[cProjectNO])
values('EP0201_list','zh-CN','layout','layout[@@]mnubar0','-','','EF','U870')
insert into AA_FormButtonMenus_lang ([cFormCode],[localeid],[cButtonKey],[cMenuKey],[cCaption],[cToolTip],[cSubID],[cProjectNO])
values('EP0201_list','zh-CN','layout','layout[@@]QueryCondition','显示查询条件','显示查询条件','EF','U870')
insert into AA_FormButtonMenus_lang ([cFormCode],[localeid],[cButtonKey],[cMenuKey],[cCaption],[cToolTip],[cSubID],[cProjectNO])
values('EP0201_list','zh-CN','layout','layout[@@]QueryconSolution','显示查询方案','显示查询方案','EF','U870')
insert into AA_FormButtonMenus_lang ([cFormCode],[localeid],[cButtonKey],[cMenuKey],[cCaption],[cToolTip],[cSubID],[cProjectNO])
values('EP0201_list','zh-CN','layout','layout[@@]VerticalLayout','左右布局','左右布局','EF','U870')
insert into AA_FormButtonMenus_lang ([cFormCode],[localeid],[cButtonKey],[cMenuKey],[cCaption],[cToolTip],[cSubID],[cProjectNO])
values('EP0201_list','zh-CN','Print','preview','预览','','EF','U870')
insert into AA_FormButtonMenus_lang ([cFormCode],[localeid],[cButtonKey],[cMenuKey],[cCaption],[cToolTip],[cSubID],[cProjectNO])
values('EP0201_list','zh-CN','Print','print','打印','','EF','U870')
insert into AA_FormButtonMenus_lang ([cFormCode],[localeid],[cButtonKey],[cMenuKey],[cCaption],[cToolTip],[cSubID],[cProjectNO])
values('EP0201_list','zh-TW','ConditionFormat','ConditionFormat[@@]Between','介於','介於','EF','U870')
insert into AA_FormButtonMenus_lang ([cFormCode],[localeid],[cButtonKey],[cMenuKey],[cCaption],[cToolTip],[cSubID],[cProjectNO])
values('EP0201_list','zh-TW','ConditionFormat','ConditionFormat[@@]Contain','包含','包含','EF','U870')
insert into AA_FormButtonMenus_lang ([cFormCode],[localeid],[cButtonKey],[cMenuKey],[cCaption],[cToolTip],[cSubID],[cProjectNO])
values('EP0201_list','zh-TW','ConditionFormat','ConditionFormat[@@]DisplayRules','自t','自t','EF','U870')
insert into AA_FormButtonMenus_lang ([cFormCode],[localeid],[cButtonKey],[cMenuKey],[cCaption],[cToolTip],[cSubID],[cProjectNO])
values('EP0201_list','zh-TW','ConditionFormat','ConditionFormat[@@]Equal','等於','等於','EF','U870')
insert into AA_FormButtonMenus_lang ([cFormCode],[localeid],[cButtonKey],[cMenuKey],[cCaption],[cToolTip],[cSubID],[cProjectNO])
values('EP0201_list','zh-TW','ConditionFormat','ConditionFormat[@@]Greate','大於','大於','EF','U870')
insert into AA_FormButtonMenus_lang ([cFormCode],[localeid],[cButtonKey],[cMenuKey],[cCaption],[cToolTip],[cSubID],[cProjectNO])
values('EP0201_list','zh-TW','ConditionFormat','ConditionFormat[@@]Less','小於','小於','EF','U870')
insert into AA_FormButtonMenus_lang ([cFormCode],[localeid],[cButtonKey],[cMenuKey],[cCaption],[cToolTip],[cSubID],[cProjectNO])
values('EP0201_list','zh-TW','layout','layout[@@]HorizontalLayout','上下丫','上下丫','EF','U870')
insert into AA_FormButtonMenus_lang ([cFormCode],[localeid],[cButtonKey],[cMenuKey],[cCaption],[cToolTip],[cSubID],[cProjectNO])
values('EP0201_list','zh-TW','layout','layout[@@]mnubar0','-','','EF','U870')
insert into AA_FormButtonMenus_lang ([cFormCode],[localeid],[cButtonKey],[cMenuKey],[cCaption],[cToolTip],[cSubID],[cProjectNO])
values('EP0201_list','zh-TW','layout','layout[@@]QueryCondition','@示查l件','@示查l件','EF','U870')
insert into AA_FormButtonMenus_lang ([cFormCode],[localeid],[cButtonKey],[cMenuKey],[cCaption],[cToolTip],[cSubID],[cProjectNO])
values('EP0201_list','zh-TW','layout','layout[@@]QueryconSolution','@示查方案','@示查方案','EF','U870')
insert into AA_FormButtonMenus_lang ([cFormCode],[localeid],[cButtonKey],[cMenuKey],[cCaption],[cToolTip],[cSubID],[cProjectNO])
values('EP0201_list','zh-TW','layout','layout[@@]VerticalLayout','左右丫','左右丫','EF','U870')
insert into AA_FormButtonMenus_lang ([cFormCode],[localeid],[cButtonKey],[cMenuKey],[cCaption],[cToolTip],[cSubID],[cProjectNO])
values('EP0201_list','zh-TW','Print','preview','A[','','EF','U870')
insert into AA_FormButtonMenus_lang ([cFormCode],[localeid],[cButtonKey],[cMenuKey],[cCaption],[cToolTip],[cSubID],[cProjectNO])
values('EP0201_list','zh-TW','Print','print','列印','','EF','U870')

GO

GO

GO
---------begin
--select * from flt_definemeta_base where filterid=N'EP0201'
--select * from flt_definemeta_lang where filterid=N'EP0201'
--select * from flt_definemeta_cache where filterid=N'EP0201'

delete from flt_definemeta_base where filterid='EP0201'
delete from flt_definemeta_lang where filterid='EP0201'
delete from flt_definemeta_cache where filterid='EP0201'
------基础过滤SQL语句!------
insert into flt_definemeta_base(FilterID,ProjectNO,XMLExpression,SubNO,FilterName,FilterDesc,IsUpgrade,bLocked,cLockedBy)  values(N'EP0201',N'U8CUSTDEF',N'<root canceladvanceitemlist="" title="" behaviorclass="" hasgroupby="0" hasadvance="1" cancelseconddev="0"><filter>
<items>
<item position= "10" name="auxunitcode" caption="辅计量单位编码" reftype="1" refid="" rangeinput="1" commonlogic="eq" multselect="0"  fieldname="auxunitcode" returnfield="sys__ReturnFieldCode" iscommon="0" allowupdatecomparelogic="1"  commoncaption="辅计量单位编码" mustinput="0" defaultvalue="" descvalue="[####]" groupnum="" orlogic="0" projectno="U8CUSTDEF" pointbit="-1" showstyle="0" format="" ispara="0" fieldclass="" displayinportalview="0" autodisplaytext="0" isfacilitycondition="0" isjoinfulltextquery="0"/>
<item position= "20" name="auxunitname" caption="辅计量单位" reftype="1" refid="" rangeinput="1" commonlogic="eq" multselect="0"  fieldname="auxunitname" returnfield="sys__ReturnFieldCode" iscommon="0" allowupdatecomparelogic="1"  commoncaption="辅计量单位" mustinput="0" defaultvalue="" descvalue="[####]" groupnum="" orlogic="0" projectno="U8CUSTDEF" pointbit="-1" showstyle="0" format="" ispara="0" fieldclass="" displayinportalview="0" autodisplaytext="0" isfacilitycondition="0" isjoinfulltextquery="0"/>
<item position= "30" name="b_ccomunitname" caption="主计量单位" reftype="1" refid="" rangeinput="1" commonlogic="eq" multselect="0"  fieldname="b_ccomunitname" returnfield="sys__ReturnFieldCode" iscommon="1" allowupdatecomparelogic="1"  commoncaption="主计量单位" mustinput="0" defaultvalue="" descvalue="[####]" groupnum="" orlogic="0" projectno="U8CUSTDEF" pointbit="-1" showstyle="0" format="" ispara="0" fieldclass="" displayinportalview="0" autodisplaytext="0" isfacilitycondition="0" isjoinfulltextquery="0"/>
<item position= "40" name="b_ccuscode" caption="客户编码" reftype="1" refid="customer_sa" rangeinput="1" commonlogic="eq" multselect="0"  fieldname="b_ccuscode" returnfield="sys__ReturnFieldCode" iscommon="0" allowupdatecomparelogic="1"  commoncaption="客户编码" mustinput="0" defaultvalue="" descvalue="[####]" groupnum="" orlogic="0" projectno="U8CUSTDEF" pointbit="-1" showstyle="0" format="" ispara="0" fieldclass="" displayinportalview="0" autodisplaytext="0" isfacilitycondition="0" isjoinfulltextquery="0"/>
<item position= "50" name="b_ccusname" caption="客户名称" reftype="1" refid="customer_sa" rangeinput="1" commonlogic="eq" multselect="0"  fieldname="b_ccusname" returnfield="sys__ReturnFieldCode" iscommon="0" allowupdatecomparelogic="1"  commoncaption="客户名称" mustinput="0" defaultvalue="" descvalue="[####]" groupnum="" orlogic="0" projectno="U8CUSTDEF" pointbit="-1" showstyle="0" format="" ispara="0" fieldclass="" displayinportalview="0" autodisplaytext="0" isfacilitycondition="0" isjoinfulltextquery="0"/>
<item position= "60" name="b_cdepcode" caption="部门编码" reftype="1" refid="department_aa" rangeinput="1" commonlogic="eq" multselect="0"  fieldname="b_cdepcode" returnfield="sys__ReturnFieldCode" iscommon="0" allowupdatecomparelogic="1"  commoncaption="部门编码" mustinput="0" defaultvalue="" descvalue="[####]" groupnum="" orlogic="0" projectno="U8CUSTDEF" pointbit="-1" showstyle="0" format="" ispara="0" fieldclass="" displayinportalview="0" autodisplaytext="0" isfacilitycondition="0" isjoinfulltextquery="0"/>
<item position= "70" name="b_cdepname" caption="部门名称" reftype="1" refid="department_aa" rangeinput="1" commonlogic="eq" multselect="0"  fieldname="b_cdepname" returnfield="sys__ReturnFieldCode" iscommon="0" allowupdatecomparelogic="1"  commoncaption="部门名称" mustinput="0" defaultvalue="" descvalue="[####]" groupnum="" orlogic="0" projectno="U8CUSTDEF" pointbit="-1" showstyle="0" format="" ispara="0" fieldclass="" displayinportalview="0" autodisplaytext="0" isfacilitycondition="0" isjoinfulltextquery="0"/>
<item position= "80" name="b_cfree1" caption="表体存货自由项1" reftype="1" refid="" rangeinput="1" commonlogic="eq" multselect="0"  fieldname="b_cfree1" returnfield="sys__ReturnFieldCode" iscommon="0" allowupdatecomparelogic="1"  commoncaption="表体存货自由项1" mustinput="0" defaultvalue="" descvalue="[####]" groupnum="" orlogic="0" projectno="U8CUSTDEF" pointbit="-1" showstyle="0" format="" ispara="0" fieldclass="" displayinportalview="0" autodisplaytext="0" isfacilitycondition="0" isjoinfulltextquery="0"/>
<item position= "90" name="b_cfree10" caption="表体存货自由项10" reftype="1" refid="" rangeinput="1" commonlogic="eq" multselect="0"  fieldname="b_cfree10" returnfield="sys__ReturnFieldCode" iscommon="0" allowupdatecomparelogic="1"  commoncaption="表体存货自由项10" mustinput="0" defaultvalue="" descvalue="[####]" groupnum="" orlogic="0" projectno="U8CUSTDEF" pointbit="-1" showstyle="0" format="" ispara="0" fieldclass="" displayinportalview="0" autodisplaytext="0" isfacilitycondition="0" isjoinfulltextquery="0"/>
<item position= "100" name="b_cfree2" caption="表体存货自由项2" reftype="1" refid="" rangeinput="1" commonlogic="eq" multselect="0"  fieldname="b_cfree2" returnfield="sys__ReturnFieldCode" iscommon="0" allowupdatecomparelogic="1"  commoncaption="表体存货自由项2" mustinput="0" defaultvalue="" descvalue="[####]" groupnum="" orlogic="0" projectno="U8CUSTDEF" pointbit="-1" showstyle="0" format="" ispara="0" fieldclass="" displayinportalview="0" autodisplaytext="0" isfacilitycondition="0" isjoinfulltextquery="0"/>
<item position= "110" name="b_cfree3" caption="表体存货自由项3" reftype="1" refid="" rangeinput="1" commonlogic="eq" multselect="0"  fieldname="b_cfree3" returnfield="sys__ReturnFieldCode" iscommon="0" allowupdatecomparelogic="1"  commoncaption="表体存货自由项3" mustinput="0" defaultvalue="" descvalue="[####]" groupnum="" orlogic="0" projectno="U8CUSTDEF" pointbit="-1" showstyle="0" format="" ispara="0" fieldclass="" displayinportalview="0" autodisplaytext="0" isfacilitycondition="0" isjoinfulltextquery="0"/>
<item position= "120" name="b_cfree4" caption="表体存货自由项4" reftype="1" refid="" rangeinput="1" commonlogic="eq" multselect="0"  fieldname="b_cfree4" returnfield="sys__ReturnFieldCode" iscommon="0" allowupdatecomparelogic="1"  commoncaption="表体存货自由项4" mustinput="0" defaultvalue="" descvalue="[####]" groupnum="" orlogic="0" projectno="U8CUSTDEF" pointbit="-1" showstyle="0" format="" ispara="0" fieldclass="" displayinportalview="0" autodisplaytext="0" isfacilitycondition="0" isjoinfulltextquery="0"/>
<item position= "130" name="b_cfree5" caption="表体存货自由项5" reftype="1" refid="" rangeinput="1" commonlogic="eq" multselect="0"  fieldname="b_cfree5" returnfield="sys__ReturnFieldCode" iscommon="0" allowupdatecomparelogic="1"  commoncaption="表体存货自由项5" mustinput="0" defaultvalue="" descvalue="[####]" groupnum="" orlogic="0" projectno="U8CUSTDEF" pointbit="-1" showstyle="0" format="" ispara="0" fieldclass="" displayinportalview="0" autodisplaytext="0" isfacilitycondition="0" isjoinfulltextquery="0"/>
<item position= "140" name="b_cfree6" caption="表体存货自由项6" reftype="1" refid="" rangeinput="1" commonlogic="eq" multselect="0"  fieldname="b_cfree6" returnfield="sys__ReturnFieldCode" iscommon="0" allowupdatecomparelogic="1"  commoncaption="表体存货自由项6" mustinput="0" defaultvalue="" descvalue="[####]" groupnum="" orlogic="0" projectno="U8CUSTDEF" pointbit="-1" showstyle="0" format="" ispara="0" fieldclass="" displayinportalview="0" autodisplaytext="0" isfacilitycondition="0" isjoinfulltextquery="0"/>
<item position= "150" name="b_cfree7" caption="表体存货自由项7" reftype="1" refid="" rangeinput="1" commonlogic="eq" multselect="0"  fieldname="b_cfree7" returnfield="sys__ReturnFieldCode" iscommon="0" allowupdatecomparelogic="1"  commoncaption="表体存货自由项7" mustinput="0" defaultvalue="" descvalue="[####]" groupnum="" orlogic="0" projectno="U8CUSTDEF" pointbit="-1" showstyle="0" format="" ispara="0" fieldclass="" displayinportalview="0" autodisplaytext="0" isfacilitycondition="0" isjoinfulltextquery="0"/>
<item position= "160" name="b_cfree8" caption="表体存货自由项8" reftype="1" refid="" rangeinput="1" commonlogic="eq" multselect="0"  fieldname="b_cfree8" returnfield="sys__ReturnFieldCode" iscommon="0" allowupdatecomparelogic="1"  commoncaption="表体存货自由项8" mustinput="0" defaultvalue="" descvalue="[####]" groupnum="" orlogic="0" projectno="U8CUSTDEF" pointbit="-1" showstyle="0" format="" ispara="0" fieldclass="" displayinportalview="0" autodisplaytext="0" isfacilitycondition="0" isjoinfulltextquery="0"/>
<item position= "170" name="b_cfree9" caption="表体存货自由项9" reftype="1" refid="" rangeinput="1" commonlogic="eq" multselect="0"  fieldname="b_cfree9" returnfield="sys__ReturnFieldCode" iscommon="0" allowupdatecomparelogic="1"  commoncaption="表体存货自由项9" mustinput="0" defaultvalue="" descvalue="[####]" groupnum="" orlogic="0" projectno="U8CUSTDEF" pointbit="-1" showstyle="0" format="" ispara="0" fieldclass="" displayinportalview="0" autodisplaytext="0" isfacilitycondition="0" isjoinfulltextquery="0"/>
<item position= "180" name="b_cinvcode" caption="物料编码" reftype="1" refid="inventory_aa" rangeinput="1" commonlogic="eq" multselect="0"  fieldname="b_cinvcode" returnfield="sys__ReturnFieldCode" iscommon="1" allowupdatecomparelogic="1"  commoncaption="物料编码" mustinput="0" defaultvalue="" descvalue="[####]" groupnum="" orlogic="0" projectno="U8CUSTDEF" pointbit="-1" showstyle="0" format="" ispara="0" fieldclass="" displayinportalview="0" autodisplaytext="0" isfacilitycondition="0" isjoinfulltextquery="0"/>
<item position= "190" name="b_cinvname" caption="存货名称" reftype="1" refid="inventory_aa" rangeinput="1" commonlogic="eq" multselect="0"  fieldname="b_cinvname" returnfield="sys__ReturnFieldCode" iscommon="1" allowupdatecomparelogic="1"  commoncaption="存货名称" mustinput="0" defaultvalue="" descvalue="[####]" groupnum="" orlogic="0" projectno="U8CUSTDEF" pointbit="-1" showstyle="0" format="" ispara="0" fieldclass="" displayinportalview="0" autodisplaytext="0" isfacilitycondition="0" isjoinfulltextquery="0"/>
<item position= "200" name="b_cinvstd" caption="规格" reftype="1" refid="" rangeinput="1" commonlogic="eq" multselect="0"  fieldname="b_cinvstd" returnfield="sys__ReturnFieldCode" iscommon="1" allowupdatecomparelogic="1"  commoncaption="规格" mustinput="0" defaultvalue="" descvalue="[####]" groupnum="" orlogic="0" projectno="U8CUSTDEF" pointbit="-1" showstyle="0" format="" ispara="0" fieldclass="" displayinportalview="0" autodisplaytext="0" isfacilitycondition="0" isjoinfulltextquery="0"/>
<item position= "210" name="b_cpersoncode" caption="人员编码" reftype="1" refid="person_aa" rangeinput="1" commonlogic="eq" multselect="0"  fieldname="b_cpersoncode" returnfield="sys__ReturnFieldCode" iscommon="0" allowupdatecomparelogic="1"  commoncaption="人员编码" mustinput="0" defaultvalue="" descvalue="[####]" groupnum="" orlogic="0" projectno="U8CUSTDEF" pointbit="-1" showstyle="0" format="" ispara="0" fieldclass="" displayinportalview="0" autodisplaytext="0" isfacilitycondition="0" isjoinfulltextquery="0"/>
<item position= "220" name="b_cpersonname" caption="人员名称" reftype="1" refid="person_aa" rangeinput="1" commonlogic="eq" multselect="0"  fieldname="b_cpersonname" returnfield="sys__ReturnFieldCode" iscommon="0" allowupdatecomparelogic="1"  commoncaption="人员名称" mustinput="0" defaultvalue="" descvalue="[####]" groupnum="" orlogic="0" projectno="U8CUSTDEF" pointbit="-1" showstyle="0" format="" ispara="0" fieldclass="" displayinportalview="0" autodisplaytext="0" isfacilitycondition="0" isjoinfulltextquery="0"/>
<item position= "230" name="b_cvencode" caption="供应商编码" reftype="1" refid="vendor_aa" rangeinput="1" commonlogic="eq" multselect="0"  fieldname="b_cvencode" returnfield="sys__ReturnFieldCode" iscommon="0" allowupdatecomparelogic="1"  commoncaption="供应商编码" mustinput="0" defaultvalue="" descvalue="[####]" groupnum="" orlogic="0" projectno="U8CUSTDEF" pointbit="-1" showstyle="0" format="" ispara="0" fieldclass="" displayinportalview="0" autodisplaytext="0" isfacilitycondition="0" isjoinfulltextquery="0"/>
<item position= "240" name="b_cvenname" caption="供应商名称" reftype="1" refid="vendor_aa" rangeinput="1" commonlogic="eq" multselect="0"  fieldname="b_cvenname" returnfield="sys__ReturnFieldCode" iscommon="0" allowupdatecomparelogic="1"  commoncaption="供应商名称" mustinput="0" defaultvalue="" descvalue="[####]" groupnum="" orlogic="0" projectno="U8CUSTDEF" pointbit="-1" showstyle="0" format="" ispara="0" fieldclass="" displayinportalview="0" autodisplaytext="0" isfacilitycondition="0" isjoinfulltextquery="0"/>
<item position= "250" name="b_cwhcode" caption="仓库编码" reftype="1" refid="warehouse_aa" rangeinput="1" commonlogic="eq" multselect="0"  fieldname="b_cwhcode" returnfield="sys__ReturnFieldCode" iscommon="0" allowupdatecomparelogic="1"  commoncaption="仓库编码" mustinput="0" defaultvalue="" descvalue="[####]" groupnum="" orlogic="0" projectno="U8CUSTDEF" pointbit="-1" showstyle="0" format="" ispara="0" fieldclass="" displayinportalview="0" autodisplaytext="0" isfacilitycondition="0" isjoinfulltextquery="0"/>
<item position= "260" name="b_cwhname" caption="仓库名称" reftype="1" refid="warehouse_aa" rangeinput="1" commonlogic="eq" multselect="0"  fieldname="b_cwhname" returnfield="sys__ReturnFieldCode" iscommon="0" allowupdatecomparelogic="1"  commoncaption="仓库名称" mustinput="0" defaultvalue="" descvalue="[####]" groupnum="" orlogic="0" projectno="U8CUSTDEF" pointbit="-1" showstyle="0" format="" ispara="0" fieldclass="" displayinportalview="0" autodisplaytext="0" isfacilitycondition="0" isjoinfulltextquery="0"/>
<item position= "270" name="bzx" caption="执行状态" reftype="1" refid="" rangeinput="1" commonlogic="eq" multselect="0"  fieldname="bzx" returnfield="sys__ReturnFieldCode" iscommon="1" allowupdatecomparelogic="1"  commoncaption="执行状态" mustinput="0" defaultvalue="" descvalue="[####]" groupnum="" orlogic="0" projectno="U8CUSTDEF" pointbit="-1" showstyle="0" format="" ispara="0" fieldclass="" displayinportalview="0" autodisplaytext="0" isfacilitycondition="0" isjoinfulltextquery="0"/>
<item position= "280" name="cbclosedate" caption="关闭日期" reftype="1" refid="" rangeinput="1" commonlogic="eq" multselect="0"  fieldname="cbclosedate" returnfield="sys__ReturnFieldCode" iscommon="1" allowupdatecomparelogic="1"  commoncaption="关闭日期" mustinput="0" defaultvalue="" descvalue="[####]" groupnum="" orlogic="0" projectno="U8CUSTDEF" pointbit="-1" showstyle="0" format="" ispara="0" fieldclass="" displayinportalview="0" autodisplaytext="0" isfacilitycondition="0" isjoinfulltextquery="0"/>
<item position= "290" name="cbcloser" caption="关闭人" reftype="1" refid="" rangeinput="1" commonlogic="eq" multselect="0"  fieldname="cbcloser" returnfield="sys__ReturnFieldCode" iscommon="1" allowupdatecomparelogic="1"  commoncaption="关闭人" mustinput="0" defaultvalue="" descvalue="[####]" groupnum="" orlogic="0" projectno="U8CUSTDEF" pointbit="-1" showstyle="0" format="" ispara="0" fieldclass="" displayinportalview="0" autodisplaytext="0" isfacilitycondition="0" isjoinfulltextquery="0"/>
<item position= "300" name="cbmemo" caption="表体备注" reftype="1" refid="" rangeinput="1" commonlogic="eq" multselect="0"  fieldname="cbmemo" returnfield="sys__ReturnFieldCode" iscommon="1" allowupdatecomparelogic="1"  commoncaption="表体备注" mustinput="0" defaultvalue="" descvalue="[####]" groupnum="" orlogic="0" projectno="U8CUSTDEF" pointbit="-1" showstyle="0" format="" ispara="0" fieldclass="" displayinportalview="0" autodisplaytext="0" isfacilitycondition="0" isjoinfulltextquery="0"/>
<item position= "310" name="ccloser" caption="关闭人" reftype="0" refid="" rangeinput="1" commonlogic="eq" multselect="0"  fieldname="ccloser" iscommon="0" allowupdatecomparelogic="1"   commoncaption="关闭人" mustinput="0"  descvalue=""  orlogic="0" projectno="U8CUSTDEF" pointbit="-1" showstyle="0"  ispara="0" fieldclass="" displayinportalview="0" autodisplaytext="0" isfacilitycondition="0" isjoinfulltextquery="0"/>
<item position= "320" name="ccode" caption="清单编号" reftype="0" refid="" rangeinput="1" commonlogic="eq" multselect="0"  fieldname="ccode" iscommon="1" allowupdatecomparelogic="1"   commoncaption="清单编号" mustinput="0"  descvalue=""  orlogic="0" projectno="U8CUSTDEF" pointbit="-1" showstyle="0"  ispara="0" fieldclass="" displayinportalview="0" autodisplaytext="0" isfacilitycondition="0" isjoinfulltextquery="0"/>
<item position= "330" name="ccusname" caption="客户" reftype="1" refid="" rangeinput="1" commonlogic="eq" multselect="0"  fieldname="ccusname" returnfield="sys__ReturnFieldCode" iscommon="1" allowupdatecomparelogic="1"  commoncaption="客户" mustinput="0" defaultvalue="" descvalue="[####]" groupnum="" orlogic="0" projectno="U8CUSTDEF" pointbit="-1" showstyle="0" format="" ispara="0" fieldclass="" displayinportalview="0" autodisplaytext="0" isfacilitycondition="0" isjoinfulltextquery="0"/>
<item position= "340" name="cInvDefine1" caption="存货自定义项1" reftype="1" refid="" rangeinput="1" commonlogic="eq" multselect="0"  fieldname="cInvDefine1" returnfield="sys__ReturnFieldCode" iscommon="0" allowupdatecomparelogic="1"  commoncaption="存货自定义项1" mustinput="0" defaultvalue="" descvalue="[####]" groupnum="" orlogic="0" projectno="U8CUSTDEF" pointbit="-1" showstyle="0" format="" ispara="0" fieldclass="" displayinportalview="0" autodisplaytext="0" isfacilitycondition="0" isjoinfulltextquery="0"/>
<item position= "350" name="cInvDefine10" caption="存货自定义项10" reftype="1" refid="" rangeinput="1" commonlogic="eq" multselect="0"  fieldname="cInvDefine10" returnfield="sys__ReturnFieldCode" iscommon="0" allowupdatecomparelogic="1"  commoncaption="存货自定义项10" mustinput="0" defaultvalue="" descvalue="[####]" groupnum="" orlogic="0" projectno="U8CUSTDEF" pointbit="-1" showstyle="0" format="" ispara="0" fieldclass="" displayinportalview="0" autodisplaytext="0" isfacilitycondition="0" isjoinfulltextquery="0"/>
<item position= "360" name="cInvDefine11" caption="存货自定义项11" reftype="1" refid="" rangeinput="1" commonlogic="eq" multselect="0"  fieldname="cInvDefine11" returnfield="sys__ReturnFieldCode" iscommon="0" allowupdatecomparelogic="1"  commoncaption="存货自定义项11" mustinput="0" defaultvalue="" descvalue="[####]" groupnum="" orlogic="0" projectno="U8CUSTDEF" pointbit="-1" showstyle="0" format="" ispara="0" fieldclass="" displayinportalview="0" autodisplaytext="0" isfacilitycondition="0" isjoinfulltextquery="0"/>
<item position= "370" name="cInvDefine12" caption="存货自定义项12" reftype="1" refid="" rangeinput="1" commonlogic="eq" multselect="0"  fieldname="cInvDefine12" returnfield="sys__ReturnFieldCode" iscommon="0" allowupdatecomparelogic="1"  commoncaption="存货自定义项12" mustinput="0" defaultvalue="" descvalue="[####]" groupnum="" orlogic="0" projectno="U8CUSTDEF" pointbit="-1" showstyle="0" format="" ispara="0" fieldclass="" displayinportalview="0" autodisplaytext="0" isfacilitycondition="0" isjoinfulltextquery="0"/>
<item position= "380" name="cInvDefine13" caption="存货自定义项13" reftype="1" refid="" rangeinput="1" commonlogic="eq" multselect="0"  fieldname="cInvDefine13" returnfield="sys__ReturnFieldCode" iscommon="1" allowupdatecomparelogic="1"  commoncaption="存货自定义项13" mustinput="0" defaultvalue="" descvalue="[####]" groupnum="" orlogic="0" projectno="U8CUSTDEF" pointbit="-1" showstyle="0" format="" ispara="0" fieldclass="" displayinportalview="0" autodisplaytext="0" isfacilitycondition="0" isjoinfulltextquery="0"/>
<item position= "390" name="cInvDefine14" caption="存货自定义项14" reftype="1" refid="" rangeinput="1" commonlogic="eq" multselect="0"  fieldname="cInvDefine14" returnfield="sys__ReturnFieldCode" iscommon="0" allowupdatecomparelogic="1"  commoncaption="存货自定义项14" mustinput="0" defaultvalue="" descvalue="[####]" groupnum="" orlogic="0" projectno="U8CUSTDEF" pointbit="-1" showstyle="0" format="" ispara="0" fieldclass="" displayinportalview="0" autodisplaytext="0" isfacilitycondition="0" isjoinfulltextquery="0"/>
<item position= "400" name="cInvDefine15" caption="存货自定义项15" reftype="1" refid="" rangeinput="1" commonlogic="eq" multselect="0"  fieldname="cInvDefine15" returnfield="sys__ReturnFieldCode" iscommon="0" allowupdatecomparelogic="1"  commoncaption="存货自定义项15" mustinput="0" defaultvalue="" descvalue="[####]" groupnum="" orlogic="0" projectno="U8CUSTDEF" pointbit="-1" showstyle="0" format="" ispara="0" fieldclass="" displayinportalview="0" autodisplaytext="0" isfacilitycondition="0" isjoinfulltextquery="0"/>
<item position= "410" name="cInvDefine16" caption="存货自定义项16" reftype="1" refid="" rangeinput="1" commonlogic="eq" multselect="0"  fieldname="cInvDefine16" returnfield="sys__ReturnFieldCode" iscommon="0" allowupdatecomparelogic="1"  commoncaption="存货自定义项16" mustinput="0" defaultvalue="" descvalue="[####]" groupnum="" orlogic="0" projectno="U8CUSTDEF" pointbit="-1" showstyle="0" format="" ispara="0" fieldclass="" displayinportalview="0" autodisplaytext="0" isfacilitycondition="0" isjoinfulltextquery="0"/>
<item position= "420" name="cInvDefine2" caption="存货自定义项2" reftype="1" refid="" rangeinput="1" commonlogic="eq" multselect="0"  fieldname="cInvDefine2" returnfield="sys__ReturnFieldCode" iscommon="0" allowupdatecomparelogic="1"  commoncaption="存货自定义项2" mustinput="0" defaultvalue="" descvalue="[####]" groupnum="" orlogic="0" projectno="U8CUSTDEF" pointbit="-1" showstyle="0" format="" ispara="0" fieldclass="" displayinportalview="0" autodisplaytext="0" isfacilitycondition="0" isjoinfulltextquery="0"/>
<item position= "430" name="cInvDefine3" caption="存货自定义项3" reftype="1" refid="" rangeinput="1" commonlogic="eq" multselect="0"  fieldname="cInvDefine3" returnfield="sys__ReturnFieldCode" iscommon="0" allowupdatecomparelogic="1"  commoncaption="存货自定义项3" mustinput="0" defaultvalue="" descvalue="[####]" groupnum="" orlogic="0" projectno="U8CUSTDEF" pointbit="-1" showstyle="0" format="" ispara="0" fieldclass="" displayinportalview="0" autodisplaytext="0" isfacilitycondition="0" isjoinfulltextquery="0"/>
<item position= "440" name="cInvDefine4" caption="存货自定义项4" reftype="1" refid="" rangeinput="1" commonlogic="eq" multselect="0"  fieldname="cInvDefine4" returnfield="sys__ReturnFieldCode" iscommon="0" allowupdatecomparelogic="1"  commoncaption="存货自定义项4" mustinput="0" defaultvalue="" descvalue="[####]" groupnum="" orlogic="0" projectno="U8CUSTDEF" pointbit="-1" showstyle="0" format="" ispara="0" fieldclass="" displayinportalview="0" autodisplaytext="0" isfacilitycondition="0" isjoinfulltextquery="0"/>
<item position= "450" name="cInvDefine5" caption="存货自定义项5" reftype="1" refid="" rangeinput="1" commonlogic="eq" multselect="0"  fieldname="cInvDefine5" returnfield="sys__ReturnFieldCode" iscommon="0" allowupdatecomparelogic="1"  commoncaption="存货自定义项5" mustinput="0" defaultvalue="" descvalue="[####]" groupnum="" orlogic="0" projectno="U8CUSTDEF" pointbit="-1" showstyle="0" format="" ispara="0" fieldclass="" displayinportalview="0" autodisplaytext="0" isfacilitycondition="0" isjoinfulltextquery="0"/>
<item position= "460" name="cInvDefine6" caption="存货自定义项6" reftype="1" refid="" rangeinput="1" commonlogic="eq" multselect="0"  fieldname="cInvDefine6" returnfield="sys__ReturnFieldCode" iscommon="0" allowupdatecomparelogic="1"  commoncaption="存货自定义项6" mustinput="0" defaultvalue="" descvalue="[####]" groupnum="" orlogic="0" projectno="U8CUSTDEF" pointbit="-1" showstyle="0" format="" ispara="0" fieldclass="" displayinportalview="0" autodisplaytext="0" isfacilitycondition="0" isjoinfulltextquery="0"/>
<item position= "470" name="cInvDefine7" caption="存货自定义项7" reftype="1" refid="" rangeinput="1" commonlogic="eq" multselect="0"  fieldname="cInvDefine7" returnfield="sys__ReturnFieldCode" iscommon="0" allowupdatecomparelogic="1"  commoncaption="存货自定义项7" mustinput="0" defaultvalue="" descvalue="[####]" groupnum="" orlogic="0" projectno="U8CUSTDEF" pointbit="-1" showstyle="0" format="" ispara="0" fieldclass="" displayinportalview="0" autodisplaytext="0" isfacilitycondition="0" isjoinfulltextquery="0"/>
<item position= "480" name="cInvDefine8" caption="存货自定义项8" reftype="1" refid="" rangeinput="1" commonlogic="eq" multselect="0"  fieldname="cInvDefine8" returnfield="sys__ReturnFieldCode" iscommon="0" allowupdatecomparelogic="1"  commoncaption="存货自定义项8" mustinput="0" defaultvalue="" descvalue="[####]" groupnum="" orlogic="0" projectno="U8CUSTDEF" pointbit="-1" showstyle="0" format="" ispara="0" fieldclass="" displayinportalview="0" autodisplaytext="0" isfacilitycondition="0" isjoinfulltextquery="0"/>
<item position= "490" name="cInvDefine9" caption="存货自定义项9" reftype="1" refid="" rangeinput="1" commonlogic="eq" multselect="0"  fieldname="cInvDefine9" returnfield="sys__ReturnFieldCode" iscommon="0" allowupdatecomparelogic="1"  commoncaption="存货自定义项9" mustinput="0" defaultvalue="" descvalue="[####]" groupnum="" orlogic="0" projectno="U8CUSTDEF" pointbit="-1" showstyle="0" format="" ispara="0" fieldclass="" displayinportalview="0" autodisplaytext="0" isfacilitycondition="0" isjoinfulltextquery="0"/>
<item position= "500" name="cinvname_cad" caption="名称/规格" reftype="1" refid="" rangeinput="1" commonlogic="eq" multselect="0"  fieldname="cinvname_cad" returnfield="sys__ReturnFieldCode" iscommon="1" allowupdatecomparelogic="1"  commoncaption="名称/规格" mustinput="0" defaultvalue="" descvalue="[####]" groupnum="" orlogic="0" projectno="U8CUSTDEF" pointbit="-1" showstyle="0" format="" ispara="0" fieldclass="" displayinportalview="0" autodisplaytext="0" isfacilitycondition="0" isjoinfulltextquery="0"/>
<item position= "510" name="citem_class" caption="项目大类编码" reftype="1" refid="" rangeinput="1" commonlogic="eq" multselect="0"  fieldname="citem_class" returnfield="sys__ReturnFieldCode" iscommon="1" allowupdatecomparelogic="1"  commoncaption="项目大类编码" mustinput="0" defaultvalue="" descvalue="[####]" groupnum="" orlogic="0" projectno="U8CUSTDEF" pointbit="-1" showstyle="0" format="" ispara="0" fieldclass="" displayinportalview="0" autodisplaytext="0" isfacilitycondition="0" isjoinfulltextquery="0"/>
<item position= "520" name="citem_cname" caption="项目大类" reftype="1" refid="" rangeinput="1" commonlogic="eq" multselect="0"  fieldname="citem_cname" returnfield="sys__ReturnFieldCode" iscommon="1" allowupdatecomparelogic="1"  commoncaption="项目大类" mustinput="0" defaultvalue="" descvalue="[####]" groupnum="" orlogic="0" projectno="U8CUSTDEF" pointbit="-1" showstyle="0" format="" ispara="0" fieldclass="" displayinportalview="0" autodisplaytext="0" isfacilitycondition="0" isjoinfulltextquery="0"/>
<item position= "530" name="citemcode" caption="项目编码" reftype="1" refid="" rangeinput="1" commonlogic="eq" multselect="0"  fieldname="citemcode" returnfield="sys__ReturnFieldCode" iscommon="1" allowupdatecomparelogic="1"  commoncaption="项目编码" mustinput="0" defaultvalue="" descvalue="[####]" groupnum="" orlogic="0" projectno="U8CUSTDEF" pointbit="-1" showstyle="0" format="" ispara="0" fieldclass="" displayinportalview="0" autodisplaytext="0" isfacilitycondition="0" isjoinfulltextquery="0"/>
<item position= "540" name="citemgg" caption="产品规格" reftype="1" refid="" rangeinput="1" commonlogic="eq" multselect="0"  fieldname="citemgg" returnfield="sys__ReturnFieldCode" iscommon="1" allowupdatecomparelogic="1"  commoncaption="产品规格" mustinput="0" defaultvalue="" descvalue="[####]" groupnum="" orlogic="0" projectno="U8CUSTDEF" pointbit="-1" showstyle="0" format="" ispara="0" fieldclass="" displayinportalview="0" autodisplaytext="0" isfacilitycondition="0" isjoinfulltextquery="0"/>
<item position= "550" name="citemname" caption="项目" reftype="1" refid="" rangeinput="1" commonlogic="eq" multselect="0"  fieldname="citemname" returnfield="sys__ReturnFieldCode" iscommon="1" allowupdatecomparelogic="1"  commoncaption="项目" mustinput="0" defaultvalue="" descvalue="[####]" groupnum="" orlogic="0" projectno="U8CUSTDEF" pointbit="-1" showstyle="0" format="" ispara="0" fieldclass="" displayinportalview="0" autodisplaytext="0" isfacilitycondition="0" isjoinfulltextquery="0"/>
<item position= "560" name="citemth" caption="产品图号" reftype="1" refid="" rangeinput="1" commonlogic="eq" multselect="0"  fieldname="citemth" returnfield="sys__ReturnFieldCode" iscommon="1" allowupdatecomparelogic="1"  commoncaption="产品图号" mustinput="0" defaultvalue="" descvalue="[####]" groupnum="" orlogic="0" projectno="U8CUSTDEF" pointbit="-1" showstyle="0" format="" ispara="0" fieldclass="" displayinportalview="0" autodisplaytext="0" isfacilitycondition="0" isjoinfulltextquery="0"/>
<item position= "570" name="cmaker" caption="制单人" reftype="0" refid="" rangeinput="1" commonlogic="eq" multselect="0"  fieldname="cmaker" iscommon="1" allowupdatecomparelogic="1"   commoncaption="制单人" mustinput="0"  descvalue=""  orlogic="0" projectno="U8CUSTDEF" pointbit="-1" showstyle="0"  ispara="0" fieldclass="" displayinportalview="0" autodisplaytext="0" isfacilitycondition="0" isjoinfulltextquery="0"/>
<item position= "580" name="cmakerddate" caption="制单日期" reftype="2" refid="" rangeinput="1" commonlogic="eq" multselect="0"  fieldname="cmakerddate" iscommon="1" allowupdatecomparelogic="1"   commoncaption="制单日期" mustinput="0"  descvalue=""  orlogic="0" projectno="U8CUSTDEF" pointbit="-1" showstyle="0"  ispara="0" fieldclass="" displayinportalview="0" autodisplaytext="0" isfacilitycondition="0" isjoinfulltextquery="0"/>
<item position= "590" name="cmemo" caption="备注" reftype="1" refid="" rangeinput="1" commonlogic="eq" multselect="0"  fieldname="cmemo" returnfield="sys__ReturnFieldCode" iscommon="1" allowupdatecomparelogic="1"  commoncaption="备注" mustinput="0" defaultvalue="" descvalue="[####]" groupnum="" orlogic="0" projectno="U8CUSTDEF" pointbit="-1" showstyle="0" format="" ispara="0" fieldclass="" displayinportalview="0" autodisplaytext="0" isfacilitycondition="0" isjoinfulltextquery="0"/>
<item position= "600" name="cmodifer" caption="变更人" reftype="0" refid="" rangeinput="1" commonlogic="eq" multselect="0"  fieldname="cmodifer" iscommon="0" allowupdatecomparelogic="1"   commoncaption="变更人" mustinput="0"  descvalue=""  orlogic="0" projectno="U8CUSTDEF" pointbit="-1" showstyle="0"  ispara="0" fieldclass="" displayinportalview="0" autodisplaytext="0" isfacilitycondition="0" isjoinfulltextquery="0"/>
<item position= "610" name="cmodiferDate" caption="变更日期" reftype="2" refid="" rangeinput="1" commonlogic="eq" multselect="0"  fieldname="cmodiferDate" iscommon="0" allowupdatecomparelogic="1"   commoncaption="变更日期" mustinput="0"  descvalue=""  orlogic="0" projectno="U8CUSTDEF" pointbit="-1" showstyle="0"  ispara="0" fieldclass="" displayinportalview="0" autodisplaytext="0" isfacilitycondition="0" isjoinfulltextquery="0"/>
<item position= "620" name="cmodifier" caption="修改人" reftype="1" refid="" rangeinput="1" commonlogic="eq" multselect="0"  fieldname="cmodifier" returnfield="sys__ReturnFieldCode" iscommon="1" allowupdatecomparelogic="1"  commoncaption="修改人" mustinput="0" defaultvalue="" descvalue="[####]" groupnum="" orlogic="0" projectno="U8CUSTDEF" pointbit="-1" showstyle="0" format="" ispara="0" fieldclass="" displayinportalview="0" autodisplaytext="0" isfacilitycondition="0" isjoinfulltextquery="0"/>
<item position= "630" name="coutsourced" caption="外协外购" reftype="4" refid="" rangeinput="0" commonlogic="eq" multselect="0"  fieldname="coutsourced" returnfield="" iscommon="1" allowupdatecomparelogic="1"  commoncaption="外协外购" mustinput="0" defaultvalue="" descvalue="[####]"><enum enumtype="ep0201.coutsourced" enumtype2="" expression=""></enum>  groupnum="" orlogic="0" projectno="U8CUSTDEF" pointbit="-1" showstyle="0" format="" ispara="0" fieldclass="" displayinportalview="0" autodisplaytext="0" isfacilitycondition="0" isjoinfulltextquery="0" </item>
<item position= "640" name="cpart" caption="产品部件" reftype="1" refid="" rangeinput="1" commonlogic="eq" multselect="0"  fieldname="cpart" returnfield="sys__ReturnFieldCode" iscommon="1" allowupdatecomparelogic="1"  commoncaption="产品部件" mustinput="0" defaultvalue="" descvalue="[####]" groupnum="" orlogic="0" projectno="U8CUSTDEF" pointbit="-1" showstyle="0" format="" ispara="0" fieldclass="" displayinportalview="0" autodisplaytext="0" isfacilitycondition="0" isjoinfulltextquery="0"/>
<item position= "650" name="cperform" caption="材质/性能" reftype="1" refid="" rangeinput="1" commonlogic="eq" multselect="0"  fieldname="cperform" returnfield="sys__ReturnFieldCode" iscommon="1" allowupdatecomparelogic="1"  commoncaption="材质/性能" mustinput="0" defaultvalue="" descvalue="[####]" groupnum="" orlogic="0" projectno="U8CUSTDEF" pointbit="-1" showstyle="0" format="" ispara="0" fieldclass="" displayinportalview="0" autodisplaytext="0" isfacilitycondition="0" isjoinfulltextquery="0"/>
<item position= "660" name="cppcode" caption="采购计划单号" reftype="1" refid="" rangeinput="1" commonlogic="eq" multselect="0"  fieldname="cppcode" returnfield="sys__ReturnFieldCode" iscommon="0" allowupdatecomparelogic="1"  commoncaption="采购计划单号" mustinput="0" defaultvalue="" descvalue="[####]" groupnum="" orlogic="0" projectno="U8CUSTDEF" pointbit="-1" showstyle="0" format="" ispara="0" fieldclass="" displayinportalview="0" autodisplaytext="0" isfacilitycondition="0" isjoinfulltextquery="0"/>
<item position= "670" name="cverifier" caption="审核人" reftype="0" refid="" rangeinput="1" commonlogic="eq" multselect="0"  fieldname="cverifier" iscommon="1" allowupdatecomparelogic="1"   commoncaption="审核人" mustinput="0"  descvalue=""  orlogic="0" projectno="U8CUSTDEF" pointbit="-1" showstyle="0"  ispara="0" fieldclass="" displayinportalview="0" autodisplaytext="0" isfacilitycondition="0" isjoinfulltextquery="0"/>
<item position= "680" name="dcloserdate" caption="关闭日期" reftype="2" refid="" rangeinput="1" commonlogic="eq" multselect="0"  fieldname="dcloserdate" iscommon="0" allowupdatecomparelogic="1"   commoncaption="关闭日期" mustinput="0"  descvalue=""  orlogic="0" projectno="U8CUSTDEF" pointbit="-1" showstyle="0"  ispara="0" fieldclass="" displayinportalview="0" autodisplaytext="0" isfacilitycondition="0" isjoinfulltextquery="0"/>
<item position= "690" name="ddate" caption="单据日期" reftype="2" refid="" rangeinput="1" commonlogic="eq" multselect="0"  fieldname="ddate" returnfield="sys__ReturnFieldName" iscommon="1" allowupdatecomparelogic="1"   commoncaption="单据日期" mustinput="0" defaultvalue="" descvalue="" groupnum="" orlogic="0" projectno="U8CUSTDEF" pointbit="-1" showstyle="0" format="" ispara="0" fieldclass="" displayinportalview="0" autodisplaytext="0" isfacilitycondition="0" isjoinfulltextquery="0"/>
<item position= "700" name="define1" caption="define1" reftype="0" refid="" rangeinput="1" commonlogic="eq" multselect="0"  fieldname="define1" iscommon="0" allowupdatecomparelogic="1"   commoncaption="define1" mustinput="0"  descvalue=""  orlogic="0" projectno="U8CUSTDEF" pointbit="-1" showstyle="0"  ispara="0" fieldclass="" displayinportalview="0" autodisplaytext="0" isfacilitycondition="0" isjoinfulltextquery="0"/>
<item position= "710" name="define10" caption="define10" reftype="0" refid="" rangeinput="1" commonlogic="eq" multselect="0"  fieldname="define10" iscommon="0" allowupdatecomparelogic="1"   commoncaption="define10" mustinput="0"  descvalue=""  orlogic="0" projectno="U8CUSTDEF" pointbit="-1" showstyle="0"  ispara="0" fieldclass="" displayinportalview="0" autodisplaytext="0" isfacilitycondition="0" isjoinfulltextquery="0"/>
<item position= "720" name="define11" caption="define11" reftype="0" refid="" rangeinput="1" commonlogic="eq" multselect="0"  fieldname="define11" iscommon="0" allowupdatecomparelogic="1"   commoncaption="define11" mustinput="0"  descvalue=""  orlogic="0" projectno="U8CUSTDEF" pointbit="-1" showstyle="0"  ispara="0" fieldclass="" displayinportalview="0" autodisplaytext="0" isfacilitycondition="0" isjoinfulltextquery="0"/>
<item position= "730" name="define12" caption="define12" reftype="0" refid="" rangeinput="1" commonlogic="eq" multselect="0"  fieldname="define12" iscommon="0" allowupdatecomparelogic="1"   commoncaption="define12" mustinput="0"  descvalue=""  orlogic="0" projectno="U8CUSTDEF" pointbit="-1" showstyle="0"  ispara="0" fieldclass="" displayinportalview="0" autodisplaytext="0" isfacilitycondition="0" isjoinfulltextquery="0"/>
<item position= "740" name="define13" caption="define13" reftype="0" refid="" rangeinput="1" commonlogic="eq" multselect="0"  fieldname="define13" iscommon="0" allowupdatecomparelogic="1"   commoncaption="define13" mustinput="0"  descvalue=""  orlogic="0" projectno="U8CUSTDEF" pointbit="-1" showstyle="0"  ispara="0" fieldclass="" displayinportalview="0" autodisplaytext="0" isfacilitycondition="0" isjoinfulltextquery="0"/>
<item position= "750" name="define14" caption="define14" reftype="0" refid="" rangeinput="1" commonlogic="eq" multselect="0"  fieldname="define14" iscommon="0" allowupdatecomparelogic="1"   commoncaption="define14" mustinput="0"  descvalue=""  orlogic="0" projectno="U8CUSTDEF" pointbit="-1" showstyle="0"  ispara="0" fieldclass="" displayinportalview="0" autodisplaytext="0" isfacilitycondition="0" isjoinfulltextquery="0"/>
<item position= "760" name="define15" caption="define15" reftype="3" refid="" rangeinput="1" commonlogic="eq" multselect="0"  fieldname="define15"  iscommon="0" allowupdatecomparelogic="1"  commoncaption="define15" mustinput="0" defaultvalue="" descvalue="[####]"  orlogic="0" projectno="U8CUSTDEF" pointbit="-1" showstyle="0"  ispara="0" fieldclass="" displayinportalview="0" autodisplaytext="0" isfacilitycondition="0" isjoinfulltextquery="0"/>
<item position= "770" name="define16" caption="define16" reftype="3" refid="" rangeinput="1" commonlogic="eq" multselect="0"  fieldname="define16"  iscommon="0" allowupdatecomparelogic="1"  commoncaption="define16" mustinput="0" defaultvalue="" descvalue="[####]"  orlogic="0" projectno="U8CUSTDEF" pointbit="-1" showstyle="0"  ispara="0" fieldclass="" displayinportalview="0" autodisplaytext="0" isfacilitycondition="0" isjoinfulltextquery="0"/>
<item position= "780" name="define2" caption="define2" reftype="0" refid="" rangeinput="1" commonlogic="eq" multselect="0"  fieldname="define2" iscommon="0" allowupdatecomparelogic="1"   commoncaption="define2" mustinput="0"  descvalue=""  orlogic="0" projectno="U8CUSTDEF" pointbit="-1" showstyle="0"  ispara="0" fieldclass="" displayinportalview="0" autodisplaytext="0" isfacilitycondition="0" isjoinfulltextquery="0"/>
<item position= "790" name="define22" caption="define22" reftype="0" refid="" rangeinput="1" commonlogic="eq" multselect="0"  fieldname="define22" iscommon="0" allowupdatecomparelogic="1"   commoncaption="define22" mustinput="0"  descvalue=""  orlogic="0" projectno="U8CUSTDEF" pointbit="-1" showstyle="0"  ispara="0" fieldclass="" displayinportalview="0" autodisplaytext="0" isfacilitycondition="0" isjoinfulltextquery="0"/>
<item position= "800" name="define23" caption="define23" reftype="0" refid="" rangeinput="1" commonlogic="eq" multselect="0"  fieldname="define23" iscommon="0" allowupdatecomparelogic="1"   commoncaption="define23" mustinput="0"  descvalue=""  orlogic="0" projectno="U8CUSTDEF" pointbit="-1" showstyle="0"  ispara="0" fieldclass="" displayinportalview="0" autodisplaytext="0" isfacilitycondition="0" isjoinfulltextquery="0"/>
<item position= "810" name="define24" caption="define24" reftype="0" refid="" rangeinput="1" commonlogic="eq" multselect="0"  fieldname="define24" iscommon="0" allowupdatecomparelogic="1"   commoncaption="define24" mustinput="0"  descvalue=""  orlogic="0" projectno="U8CUSTDEF" pointbit="-1" showstyle="0"  ispara="0" fieldclass="" displayinportalview="0" autodisplaytext="0" isfacilitycondition="0" isjoinfulltextquery="0"/>
<item position= "820" name="define25" caption="define25" reftype="2" refid="" rangeinput="1" commonlogic="eq" multselect="0"  fieldname="define25" returnfield="sys__ReturnFieldName" iscommon="0" allowupdatecomparelogic="1"   commoncaption="define25" mustinput="0" defaultvalue="" descvalue="" groupnum="" orlogic="0" projectno="U8CUSTDEF" pointbit="-1" showstyle="0" format="" ispara="0" fieldclass="" displayinportalview="0" autodisplaytext="0" isfacilitycondition="0" isjoinfulltextquery="0"/>
<item position= "830" name="define26" caption="define26" reftype="3" refid="" rangeinput="1" commonlogic="eq" multselect="0"  fieldname="define26"  iscommon="0" allowupdatecomparelogic="1"  commoncaption="define26" mustinput="0" defaultvalue="" descvalue="[####]"  orlogic="0" projectno="U8CUSTDEF" pointbit="-1" showstyle="0"  ispara="0" fieldclass="" displayinportalview="0" autodisplaytext="0" isfacilitycondition="0" isjoinfulltextquery="0"/>
<item position= "840" name="define27" caption="define27" reftype="2" refid="" rangeinput="1" commonlogic="eq" multselect="0"  fieldname="define27" returnfield="sys__ReturnFieldName" iscommon="0" allowupdatecomparelogic="1"   commoncaption="define27" mustinput="0" defaultvalue="" descvalue="" groupnum="" orlogic="0" projectno="U8CUSTDEF" pointbit="-1" showstyle="0" format="" ispara="0" fieldclass="" displayinportalview="0" autodisplaytext="0" isfacilitycondition="0" isjoinfulltextquery="0"/>
<item position= "850" name="define28" caption="define28" reftype="3" refid="" rangeinput="1" commonlogic="eq" multselect="0"  fieldname="define28"  iscommon="0" allowupdatecomparelogic="1"  commoncaption="define28" mustinput="0" defaultvalue="" descvalue="[####]"  orlogic="0" projectno="U8CUSTDEF" pointbit="-1" showstyle="0"  ispara="0" fieldclass="" displayinportalview="0" autodisplaytext="0" isfacilitycondition="0" isjoinfulltextquery="0"/>
<item position= "860" name="define29" caption="define29" reftype="0" refid="" rangeinput="1" commonlogic="eq" multselect="0"  fieldname="define29" iscommon="0" allowupdatecomparelogic="1"   commoncaption="define29" mustinput="0"  descvalue=""  orlogic="0" projectno="U8CUSTDEF" pointbit="-1" showstyle="0"  ispara="0" fieldclass="" displayinportalview="0" autodisplaytext="0" isfacilitycondition="0" isjoinfulltextquery="0"/>
<item position= "870" name="define3" caption="define3" reftype="0" refid="" rangeinput="1" commonlogic="eq" multselect="0"  fieldname="define3" iscommon="0" allowupdatecomparelogic="1"   commoncaption="define3" mustinput="0"  descvalue=""  orlogic="0" projectno="U8CUSTDEF" pointbit="-1" showstyle="0"  ispara="0" fieldclass="" displayinportalview="0" autodisplaytext="0" isfacilitycondition="0" isjoinfulltextquery="0"/>
<item position= "880" name="define30" caption="define30" reftype="0" refid="" rangeinput="1" commonlogic="eq" multselect="0"  fieldname="define30" iscommon="0" allowupdatecomparelogic="1"   commoncaption="define30" mustinput="0"  descvalue=""  orlogic="0" projectno="U8CUSTDEF" pointbit="-1" showstyle="0"  ispara="0" fieldclass="" displayinportalview="0" autodisplaytext="0" isfacilitycondition="0" isjoinfulltextquery="0"/>
<item position= "890" name="define31" caption="项目清单号" reftype="0" refid="" rangeinput="1" commonlogic="eq" multselect="0"  fieldname="define31" iscommon="0" allowupdatecomparelogic="1"   commoncaption="项目清单号" mustinput="0"  descvalue=""  orlogic="0" projectno="U8CUSTDEF" pointbit="-1" showstyle="0"  ispara="0" fieldclass="" displayinportalview="0" autodisplaytext="0" isfacilitycondition="0" isjoinfulltextquery="0"/>
<item position= "900" name="define32" caption="采购计划单号" reftype="0" refid="" rangeinput="1" commonlogic="eq" multselect="0"  fieldname="define32" iscommon="0" allowupdatecomparelogic="1"   commoncaption="采购计划单号" mustinput="0"  descvalue=""  orlogic="0" projectno="U8CUSTDEF" pointbit="-1" showstyle="0"  ispara="0" fieldclass="" displayinportalview="0" autodisplaytext="0" isfacilitycondition="0" isjoinfulltextquery="0"/>
<item position= "910" name="define33" caption="define33" reftype="0" refid="" rangeinput="1" commonlogic="eq" multselect="0"  fieldname="define33" iscommon="0" allowupdatecomparelogic="1"   commoncaption="define33" mustinput="0"  descvalue=""  orlogic="0" projectno="U8CUSTDEF" pointbit="-1" showstyle="0"  ispara="0" fieldclass="" displayinportalview="0" autodisplaytext="0" isfacilitycondition="0" isjoinfulltextquery="0"/>
<item position= "920" name="define34" caption="define34" reftype="0" refid="" rangeinput="1" commonlogic="eq" multselect="0"  fieldname="define34" iscommon="0" allowupdatecomparelogic="1"   commoncaption="define34" mustinput="0"  descvalue=""  orlogic="0" projectno="U8CUSTDEF" pointbit="-1" showstyle="0"  ispara="0" fieldclass="" displayinportalview="0" autodisplaytext="0" isfacilitycondition="0" isjoinfulltextquery="0"/>
<item position= "930" name="define35" caption="define35" reftype="0" refid="" rangeinput="1" commonlogic="eq" multselect="0"  fieldname="define35" iscommon="0" allowupdatecomparelogic="1"   commoncaption="define35" mustinput="0"  descvalue=""  orlogic="0" projectno="U8CUSTDEF" pointbit="-1" showstyle="0"  ispara="0" fieldclass="" displayinportalview="0" autodisplaytext="0" isfacilitycondition="0" isjoinfulltextquery="0"/>
<item position= "940" name="define36" caption="define36" reftype="3" refid="" rangeinput="1" commonlogic="eq" multselect="0"  fieldname="define36"  iscommon="0" allowupdatecomparelogic="1"  commoncaption="define36" mustinput="0" defaultvalue="" descvalue="[####]"  orlogic="0" projectno="U8CUSTDEF" pointbit="-1" showstyle="0"  ispara="0" fieldclass="" displayinportalview="0" autodisplaytext="0" isfacilitycondition="0" isjoinfulltextquery="0"/>
<item position= "950" name="define37" caption="define37" reftype="3" refid="" rangeinput="1" commonlogic="eq" multselect="0"  fieldname="define37"  iscommon="0" allowupdatecomparelogic="1"  commoncaption="define37" mustinput="0" defaultvalue="" descvalue="[####]"  orlogic="0" projectno="U8CUSTDEF" pointbit="-1" showstyle="0"  ispara="0" fieldclass="" displayinportalview="0" autodisplaytext="0" isfacilitycondition="0" isjoinfulltextquery="0"/>
<item position= "960" name="define4" caption="define4" reftype="2" refid="" rangeinput="1" commonlogic="eq" multselect="0"  fieldname="define4" returnfield="sys__ReturnFieldName" iscommon="0" allowupdatecomparelogic="1"   commoncaption="define4" mustinput="0" defaultvalue="" descvalue="" groupnum="" orlogic="0" projectno="U8CUSTDEF" pointbit="-1" showstyle="0" format="" ispara="0" fieldclass="" displayinportalview="0" autodisplaytext="0" isfacilitycondition="0" isjoinfulltextquery="0"/>
<item position= "970" name="define5" caption="define5" reftype="3" refid="" rangeinput="1" commonlogic="eq" multselect="0"  fieldname="define5"  iscommon="0" allowupdatecomparelogic="1"  commoncaption="define5" mustinput="0" defaultvalue="" descvalue="[####]"  orlogic="0" projectno="U8CUSTDEF" pointbit="-1" showstyle="0"  ispara="0" fieldclass="" displayinportalview="0" autodisplaytext="0" isfacilitycondition="0" isjoinfulltextquery="0"/>
<item position= "980" name="define6" caption="define6" reftype="2" refid="" rangeinput="1" commonlogic="eq" multselect="0"  fieldname="define6" returnfield="sys__ReturnFieldName" iscommon="0" allowupdatecomparelogic="1"   commoncaption="define6" mustinput="0" defaultvalue="" descvalue="" groupnum="" orlogic="0" projectno="U8CUSTDEF" pointbit="-1" showstyle="0" format="" ispara="0" fieldclass="" displayinportalview="0" autodisplaytext="0" isfacilitycondition="0" isjoinfulltextquery="0"/>
<item position= "990" name="define7" caption="define7" reftype="3" refid="" rangeinput="1" commonlogic="eq" multselect="0"  fieldname="define7"  iscommon="0" allowupdatecomparelogic="1"  commoncaption="define7" mustinput="0" defaultvalue="" descvalue="[####]"  orlogic="0" projectno="U8CUSTDEF" pointbit="-1" showstyle="0"  ispara="0" fieldclass="" displayinportalview="0" autodisplaytext="0" isfacilitycondition="0" isjoinfulltextquery="0"/>
<item position= "1000" name="define8" caption="define8" reftype="0" refid="" rangeinput="1" commonlogic="eq" multselect="0"  fieldname="define8" iscommon="0" allowupdatecomparelogic="1"   commoncaption="define8" mustinput="0"  descvalue=""  orlogic="0" projectno="U8CUSTDEF" pointbit="-1" showstyle="0"  ispara="0" fieldclass="" displayinportalview="0" autodisplaytext="0" isfacilitycondition="0" isjoinfulltextquery="0"/>
<item position= "1010" name="define9" caption="define9" reftype="0" refid="" rangeinput="1" commonlogic="eq" multselect="0"  fieldname="define9" iscommon="0" allowupdatecomparelogic="1"   commoncaption="define9" mustinput="0"  descvalue=""  orlogic="0" projectno="U8CUSTDEF" pointbit="-1" showstyle="0"  ispara="0" fieldclass="" displayinportalview="0" autodisplaytext="0" isfacilitycondition="0" isjoinfulltextquery="0"/>
<item position= "1020" name="dmoddate" caption="修改日期" reftype="1" refid="" rangeinput="1" commonlogic="eq" multselect="0"  fieldname="dmoddate" returnfield="sys__ReturnFieldCode" iscommon="1" allowupdatecomparelogic="1"  commoncaption="修改日期" mustinput="0" defaultvalue="" descvalue="[####]" groupnum="" orlogic="0" projectno="U8CUSTDEF" pointbit="-1" showstyle="0" format="" ispara="0" fieldclass="" displayinportalview="0" autodisplaytext="0" isfacilitycondition="0" isjoinfulltextquery="0"/>
<item position= "1030" name="dmodifysystime" caption="修改时间" reftype="0" refid="" rangeinput="1" commonlogic="eq" multselect="0"  fieldname="dmodifysystime" iscommon="1" allowupdatecomparelogic="1"   commoncaption="修改时间" mustinput="0"  descvalue=""  orlogic="0" projectno="U8CUSTDEF" pointbit="-1" showstyle="0"  ispara="0" fieldclass="" displayinportalview="0" autodisplaytext="0" isfacilitycondition="0" isjoinfulltextquery="0"/>
<item position= "1040" name="dnverifytime" caption="审核时间" reftype="0" refid="" rangeinput="1" commonlogic="eq" multselect="0"  fieldname="dnverifytime" iscommon="1" allowupdatecomparelogic="1"   commoncaption="审核时间" mustinput="0"  descvalue=""  orlogic="0" projectno="U8CUSTDEF" pointbit="-1" showstyle="0"  ispara="0" fieldclass="" displayinportalview="0" autodisplaytext="0" isfacilitycondition="0" isjoinfulltextquery="0"/>
<item position= "1050" name="dverifydate" caption="审核日期" reftype="2" refid="" rangeinput="1" commonlogic="eq" multselect="0"  fieldname="dverifydate" iscommon="1" allowupdatecomparelogic="1"   commoncaption="审核日期" mustinput="0"  descvalue=""  orlogic="0" projectno="U8CUSTDEF" pointbit="-1" showstyle="0"  ispara="0" fieldclass="" displayinportalview="0" autodisplaytext="0" isfacilitycondition="0" isjoinfulltextquery="0"/>
<item position= "1060" name="iinvexchrate" caption="换算率" reftype="1" refid="" rangeinput="1" commonlogic="eq" multselect="0"  fieldname="iinvexchrate" returnfield="sys__ReturnFieldCode" iscommon="0" allowupdatecomparelogic="1"  commoncaption="换算率" mustinput="0" defaultvalue="" descvalue="[####]" groupnum="" orlogic="0" projectno="U8CUSTDEF" pointbit="-1" showstyle="0" format="" ispara="0" fieldclass="" displayinportalview="0" autodisplaytext="0" isfacilitycondition="0" isjoinfulltextquery="0"/>
<item position= "1070" name="illqty" caption="累计领料量" reftype="1" refid="" rangeinput="1" commonlogic="eq" multselect="0"  fieldname="illqty" returnfield="sys__ReturnFieldCode" iscommon="1" allowupdatecomparelogic="1"  commoncaption="累计领料量" mustinput="0" defaultvalue="" descvalue="[####]" groupnum="" orlogic="0" projectno="U8CUSTDEF" pointbit="-1" showstyle="0" format="" ispara="0" fieldclass="" displayinportalview="0" autodisplaytext="0" isfacilitycondition="0" isjoinfulltextquery="0"/>
<item position= "1080" name="ipqty" caption="产量" reftype="1" refid="" rangeinput="1" commonlogic="eq" multselect="0"  fieldname="ipqty" returnfield="sys__ReturnFieldCode" iscommon="1" allowupdatecomparelogic="1"  commoncaption="产量" mustinput="0" defaultvalue="" descvalue="[####]" groupnum="" orlogic="0" projectno="U8CUSTDEF" pointbit="-1" showstyle="0" format="" ispara="0" fieldclass="" displayinportalview="0" autodisplaytext="0" isfacilitycondition="0" isjoinfulltextquery="0"/>
<item position= "1090" name="iprintcount" caption="打印次数" reftype="1" refid="" rangeinput="1" commonlogic="eq" multselect="0"  fieldname="iprintcount" returnfield="sys__ReturnFieldCode" iscommon="1" allowupdatecomparelogic="1"  commoncaption="打印次数" mustinput="0" defaultvalue="" descvalue="[####]" groupnum="" orlogic="0" projectno="U8CUSTDEF" pointbit="-1" showstyle="0" format="" ispara="0" fieldclass="" displayinportalview="0" autodisplaytext="0" isfacilitycondition="0" isjoinfulltextquery="0"/>
<item position= "1100" name="iqty" caption="总数（重）量" reftype="1" refid="" rangeinput="1" commonlogic="eq" multselect="0"  fieldname="iqty" returnfield="sys__ReturnFieldCode" iscommon="1" allowupdatecomparelogic="1"  commoncaption="总数（重）量" mustinput="0" defaultvalue="" descvalue="[####]" groupnum="" orlogic="0" projectno="U8CUSTDEF" pointbit="-1" showstyle="0" format="" ispara="0" fieldclass="" displayinportalview="0" autodisplaytext="0" isfacilitycondition="0" isjoinfulltextquery="0"/>
<item position= "1110" name="irowno" caption="行号" reftype="0" refid="" rangeinput="1" commonlogic="eq" multselect="0"  fieldname="irowno" iscommon="1" allowupdatecomparelogic="1"   commoncaption="行号" mustinput="0"  descvalue=""  orlogic="0" projectno="U8CUSTDEF" pointbit="-1" showstyle="0"  ispara="0" fieldclass="" displayinportalview="0" autodisplaytext="0" isfacilitycondition="0" isjoinfulltextquery="0"/>
<item position= "1120" name="iunitqty" caption="单台用量" reftype="1" refid="" rangeinput="1" commonlogic="eq" multselect="0"  fieldname="iunitqty" returnfield="sys__ReturnFieldCode" iscommon="1" allowupdatecomparelogic="1"  commoncaption="单台用量" mustinput="0" defaultvalue="" descvalue="[####]" groupnum="" orlogic="0" projectno="U8CUSTDEF" pointbit="-1" showstyle="0" format="" ispara="0" fieldclass="" displayinportalview="0" autodisplaytext="0" isfacilitycondition="0" isjoinfulltextquery="0"/>
<item position= "1130" name="iwlyqty" caption="未领料量" reftype="1" refid="" rangeinput="1" commonlogic="eq" multselect="0"  fieldname="iwlyqty" returnfield="sys__ReturnFieldCode" iscommon="1" allowupdatecomparelogic="1"  commoncaption="未领料量" mustinput="0" defaultvalue="" descvalue="[####]" groupnum="" orlogic="0" projectno="U8CUSTDEF" pointbit="-1" showstyle="0" format="" ispara="0" fieldclass="" displayinportalview="0" autodisplaytext="0" isfacilitycondition="0" isjoinfulltextquery="0"/>
<item position= "1140" name="t_ccuscode" caption="客户编码" reftype="1" refid="customer_sa" rangeinput="1" commonlogic="eq" multselect="0"  fieldname="t_ccuscode" returnfield="sys__ReturnFieldCode" iscommon="0" allowupdatecomparelogic="1"  commoncaption="客户编码" mustinput="0" defaultvalue="" descvalue="[####]" groupnum="" orlogic="0" projectno="U8CUSTDEF" pointbit="-1" showstyle="0" format="" ispara="0" fieldclass="" displayinportalview="0" autodisplaytext="0" isfacilitycondition="0" isjoinfulltextquery="0"/>
<item position= "1150" name="t_ccusname" caption="客户名称" reftype="1" refid="customer_sa" rangeinput="1" commonlogic="eq" multselect="0"  fieldname="t_ccusname" returnfield="sys__ReturnFieldCode" iscommon="0" allowupdatecomparelogic="1"  commoncaption="客户名称" mustinput="0" defaultvalue="" descvalue="[####]" groupnum="" orlogic="0" projectno="U8CUSTDEF" pointbit="-1" showstyle="0" format="" ispara="0" fieldclass="" displayinportalview="0" autodisplaytext="0" isfacilitycondition="0" isjoinfulltextquery="0"/>
<item position= "1160" name="t_cdepcode" caption="部门编码" reftype="1" refid="department_aa" rangeinput="1" commonlogic="eq" multselect="0"  fieldname="t_cdepcode" returnfield="sys__ReturnFieldCode" iscommon="1" allowupdatecomparelogic="1"  commoncaption="部门编码" mustinput="0" defaultvalue="" descvalue="[####]" groupnum="" orlogic="0" projectno="U8CUSTDEF" pointbit="-1" showstyle="0" format="" ispara="0" fieldclass="" displayinportalview="0" autodisplaytext="0" isfacilitycondition="0" isjoinfulltextquery="0"/>
<item position= "1170" name="t_cdepname" caption="部门名称" reftype="1" refid="department_aa" rangeinput="1" commonlogic="eq" multselect="0"  fieldname="t_cdepname" returnfield="sys__ReturnFieldCode" iscommon="1" allowupdatecomparelogic="1"  commoncaption="部门名称" mustinput="0" defaultvalue="" descvalue="[####]" groupnum="" orlogic="0" projectno="U8CUSTDEF" pointbit="-1" showstyle="0" format="" ispara="0" fieldclass="" displayinportalview="0" autodisplaytext="0" isfacilitycondition="0" isjoinfulltextquery="0"/>
<item position= "1180" name="t_cfree1" caption="表头存货自由项1" reftype="1" refid="" rangeinput="1" commonlogic="eq" multselect="0"  fieldname="t_cfree1" returnfield="sys__ReturnFieldCode" iscommon="0" allowupdatecomparelogic="1"  commoncaption="表头存货自由项1" mustinput="0" defaultvalue="" descvalue="[####]" groupnum="" orlogic="0" projectno="U8CUSTDEF" pointbit="-1" showstyle="0" format="" ispara="0" fieldclass="" displayinportalview="0" autodisplaytext="0" isfacilitycondition="0" isjoinfulltextquery="0"/>
<item position= "1190" name="t_cfree10" caption="表头存货自由项10" reftype="1" refid="" rangeinput="1" commonlogic="eq" multselect="0"  fieldname="t_cfree10" returnfield="sys__ReturnFieldCode" iscommon="0" allowupdatecomparelogic="1"  commoncaption="表头存货自由项10" mustinput="0" defaultvalue="" descvalue="[####]" groupnum="" orlogic="0" projectno="U8CUSTDEF" pointbit="-1" showstyle="0" format="" ispara="0" fieldclass="" displayinportalview="0" autodisplaytext="0" isfacilitycondition="0" isjoinfulltextquery="0"/>
<item position= "1200" name="t_cfree2" caption="表头存货自由项2" reftype="1" refid="" rangeinput="1" commonlogic="eq" multselect="0"  fieldname="t_cfree2" returnfield="sys__ReturnFieldCode" iscommon="0" allowupdatecomparelogic="1"  commoncaption="表头存货自由项2" mustinput="0" defaultvalue="" descvalue="[####]" groupnum="" orlogic="0" projectno="U8CUSTDEF" pointbit="-1" showstyle="0" format="" ispara="0" fieldclass="" displayinportalview="0" autodisplaytext="0" isfacilitycondition="0" isjoinfulltextquery="0"/>
<item position= "1210" name="t_cfree3" caption="表头存货自由项3" reftype="1" refid="" rangeinput="1" commonlogic="eq" multselect="0"  fieldname="t_cfree3" returnfield="sys__ReturnFieldCode" iscommon="0" allowupdatecomparelogic="1"  commoncaption="表头存货自由项3" mustinput="0" defaultvalue="" descvalue="[####]" groupnum="" orlogic="0" projectno="U8CUSTDEF" pointbit="-1" showstyle="0" format="" ispara="0" fieldclass="" displayinportalview="0" autodisplaytext="0" isfacilitycondition="0" isjoinfulltextquery="0"/>
<item position= "1220" name="t_cfree4" caption="表头存货自由项4" reftype="1" refid="" rangeinput="1" commonlogic="eq" multselect="0"  fieldname="t_cfree4" returnfield="sys__ReturnFieldCode" iscommon="0" allowupdatecomparelogic="1"  commoncaption="表头存货自由项4" mustinput="0" defaultvalue="" descvalue="[####]" groupnum="" orlogic="0" projectno="U8CUSTDEF" pointbit="-1" showstyle="0" format="" ispara="0" fieldclass="" displayinportalview="0" autodisplaytext="0" isfacilitycondition="0" isjoinfulltextquery="0"/>
<item position= "1230" name="t_cfree5" caption="表头存货自由项5" reftype="1" refid="" rangeinput="1" commonlogic="eq" multselect="0"  fieldname="t_cfree5" returnfield="sys__ReturnFieldCode" iscommon="0" allowupdatecomparelogic="1"  commoncaption="表头存货自由项5" mustinput="0" defaultvalue="" descvalue="[####]" groupnum="" orlogic="0" projectno="U8CUSTDEF" pointbit="-1" showstyle="0" format="" ispara="0" fieldclass="" displayinportalview="0" autodisplaytext="0" isfacilitycondition="0" isjoinfulltextquery="0"/>
<item position= "1240" name="t_cfree6" caption="表头存货自由项6" reftype="1" refid="" rangeinput="1" commonlogic="eq" multselect="0"  fieldname="t_cfree6" returnfield="sys__ReturnFieldCode" iscommon="0" allowupdatecomparelogic="1"  commoncaption="表头存货自由项6" mustinput="0" defaultvalue="" descvalue="[####]" groupnum="" orlogic="0" projectno="U8CUSTDEF" pointbit="-1" showstyle="0" format="" ispara="0" fieldclass="" displayinportalview="0" autodisplaytext="0" isfacilitycondition="0" isjoinfulltextquery="0"/>
<item position= "1250" name="t_cfree7" caption="表头存货自由项7" reftype="1" refid="" rangeinput="1" commonlogic="eq" multselect="0"  fieldname="t_cfree7" returnfield="sys__ReturnFieldCode" iscommon="0" allowupdatecomparelogic="1"  commoncaption="表头存货自由项7" mustinput="0" defaultvalue="" descvalue="[####]" groupnum="" orlogic="0" projectno="U8CUSTDEF" pointbit="-1" showstyle="0" format="" ispara="0" fieldclass="" displayinportalview="0" autodisplaytext="0" isfacilitycondition="0" isjoinfulltextquery="0"/>
<item position= "1260" name="t_cfree8" caption="表头存货自由项8" reftype="1" refid="" rangeinput="1" commonlogic="eq" multselect="0"  fieldname="t_cfree8" returnfield="sys__ReturnFieldCode" iscommon="0" allowupdatecomparelogic="1"  commoncaption="表头存货自由项8" mustinput="0" defaultvalue="" descvalue="[####]" groupnum="" orlogic="0" projectno="U8CUSTDEF" pointbit="-1" showstyle="0" format="" ispara="0" fieldclass="" displayinportalview="0" autodisplaytext="0" isfacilitycondition="0" isjoinfulltextquery="0"/>
<item position= "1270" name="t_cfree9" caption="表头存货自由项9" reftype="1" refid="" rangeinput="1" commonlogic="eq" multselect="0"  fieldname="t_cfree9" returnfield="sys__ReturnFieldCode" iscommon="0" allowupdatecomparelogic="1"  commoncaption="表头存货自由项9" mustinput="0" defaultvalue="" descvalue="[####]" groupnum="" orlogic="0" projectno="U8CUSTDEF" pointbit="-1" showstyle="0" format="" ispara="0" fieldclass="" displayinportalview="0" autodisplaytext="0" isfacilitycondition="0" isjoinfulltextquery="0"/>
<item position= "1280" name="t_cinvcode" caption="存货编码" reftype="1" refid="inventory_aa" rangeinput="1" commonlogic="eq" multselect="0"  fieldname="t_cinvcode" returnfield="sys__ReturnFieldCode" iscommon="0" allowupdatecomparelogic="1"  commoncaption="存货编码" mustinput="0" defaultvalue="" descvalue="[####]" groupnum="" orlogic="0" projectno="U8CUSTDEF" pointbit="-1" showstyle="0" format="" ispara="0" fieldclass="" displayinportalview="0" autodisplaytext="0" isfacilitycondition="0" isjoinfulltextquery="0"/>
<item position= "1290" name="t_cinvname" caption="存货名称" reftype="1" refid="inventory_aa" rangeinput="1" commonlogic="eq" multselect="0"  fieldname="t_cinvname" returnfield="sys__ReturnFieldCode" iscommon="0" allowupdatecomparelogic="1"  commoncaption="存货名称" mustinput="0" defaultvalue="" descvalue="[####]" groupnum="" orlogic="0" projectno="U8CUSTDEF" pointbit="-1" showstyle="0" format="" ispara="0" fieldclass="" displayinportalview="0" autodisplaytext="0" isfacilitycondition="0" isjoinfulltextquery="0"/>
<item position= "1300" name="t_cpersoncode" caption="人员编码" reftype="1" refid="person_aa" rangeinput="1" commonlogic="eq" multselect="0"  fieldname="t_cpersoncode" returnfield="sys__ReturnFieldCode" iscommon="0" allowupdatecomparelogic="1"  commoncaption="人员编码" mustinput="0" defaultvalue="" descvalue="[####]" groupnum="" orlogic="0" projectno="U8CUSTDEF" pointbit="-1" showstyle="0" format="" ispara="0" fieldclass="" displayinportalview="0" autodisplaytext="0" isfacilitycondition="0" isjoinfulltextquery="0"/>
<item position= "1310" name="t_cpersonname" caption="人员名称" reftype="1" refid="person_aa" rangeinput="1" commonlogic="eq" multselect="0"  fieldname="t_cpersonname" returnfield="sys__ReturnFieldCode" iscommon="0" allowupdatecomparelogic="1"  commoncaption="人员名称" mustinput="0" defaultvalue="" descvalue="[####]" groupnum="" orlogic="0" projectno="U8CUSTDEF" pointbit="-1" showstyle="0" format="" ispara="0" fieldclass="" displayinportalview="0" autodisplaytext="0" isfacilitycondition="0" isjoinfulltextquery="0"/>
<item position= "1320" name="t_cvencode" caption="供应商编码" reftype="1" refid="vendor_aa" rangeinput="1" commonlogic="eq" multselect="0"  fieldname="t_cvencode" returnfield="sys__ReturnFieldCode" iscommon="0" allowupdatecomparelogic="1"  commoncaption="供应商编码" mustinput="0" defaultvalue="" descvalue="[####]" groupnum="" orlogic="0" projectno="U8CUSTDEF" pointbit="-1" showstyle="0" format="" ispara="0" fieldclass="" displayinportalview="0" autodisplaytext="0" isfacilitycondition="0" isjoinfulltextquery="0"/>
<item position= "1330" name="t_cvenname" caption="供应商名称" reftype="1" refid="vendor_aa" rangeinput="1" commonlogic="eq" multselect="0"  fieldname="t_cvenname" returnfield="sys__ReturnFieldCode" iscommon="0" allowupdatecomparelogic="1"  commoncaption="供应商名称" mustinput="0" defaultvalue="" descvalue="[####]" groupnum="" orlogic="0" projectno="U8CUSTDEF" pointbit="-1" showstyle="0" format="" ispara="0" fieldclass="" displayinportalview="0" autodisplaytext="0" isfacilitycondition="0" isjoinfulltextquery="0"/>
<item position= "1340" name="t_cwhcode" caption="仓库编码" reftype="1" refid="warehouse_aa" rangeinput="1" commonlogic="eq" multselect="0"  fieldname="t_cwhcode" returnfield="sys__ReturnFieldCode" iscommon="0" allowupdatecomparelogic="1"  commoncaption="仓库编码" mustinput="0" defaultvalue="" descvalue="[####]" groupnum="" orlogic="0" projectno="U8CUSTDEF" pointbit="-1" showstyle="0" format="" ispara="0" fieldclass="" displayinportalview="0" autodisplaytext="0" isfacilitycondition="0" isjoinfulltextquery="0"/>
<item position= "1350" name="t_cwhname" caption="仓库名称" reftype="1" refid="warehouse_aa" rangeinput="1" commonlogic="eq" multselect="0"  fieldname="t_cwhname" returnfield="sys__ReturnFieldCode" iscommon="0" allowupdatecomparelogic="1"  commoncaption="仓库名称" mustinput="0" defaultvalue="" descvalue="[####]" groupnum="" orlogic="0" projectno="U8CUSTDEF" pointbit="-1" showstyle="0" format="" ispara="0" fieldclass="" displayinportalview="0" autodisplaytext="0" isfacilitycondition="0" isjoinfulltextquery="0"/>
<item position= "1360" name="VoucherCode" caption="VoucherCode" reftype="0" refid="" rangeinput="1" commonlogic="eq" multselect="0"  fieldname="VoucherCode" iscommon="0" allowupdatecomparelogic="1"   commoncaption="VoucherCode" mustinput="0"  descvalue=""  orlogic="0" projectno="U8CUSTDEF" pointbit="-1" showstyle="0"  ispara="0" fieldclass="" displayinportalview="0" autodisplaytext="0" isfacilitycondition="0" isjoinfulltextquery="0"/>
<item position= "1370" name="VoucherId" caption="VoucherId" reftype="0" refid="" rangeinput="1" commonlogic="eq" multselect="0"  fieldname="VoucherId" iscommon="0" allowupdatecomparelogic="1"   commoncaption="VoucherId" mustinput="0"  descvalue=""  orlogic="0" projectno="U8CUSTDEF" pointbit="-1" showstyle="0"  ispara="0" fieldclass="" displayinportalview="0" autodisplaytext="0" isfacilitycondition="0" isjoinfulltextquery="0"/>
<item position= "1380" name="VoucherType" caption="VoucherType" reftype="0" refid="" rangeinput="1" commonlogic="eq" multselect="0"  fieldname="VoucherType" iscommon="0" allowupdatecomparelogic="1"   commoncaption="VoucherType" mustinput="0"  descvalue=""  orlogic="0" projectno="U8CUSTDEF" pointbit="-1" showstyle="0"  ispara="0" fieldclass="" displayinportalview="0" autodisplaytext="0" isfacilitycondition="0" isjoinfulltextquery="0"/>
</items></filter></root>',N'','项目需求计划单列表','项目需求计划单列表',0,null,null)

insert into flt_definemeta_lang ([FilterID],[LocaleID],[XMLExpression],[SubNO],[ProjectNO],[Title])
values('EP0201','zh-cn','<root><items><item name="auxunitcode" caption="辅计量单位编码" columncaption="" /> 
<item name="auxunitname" caption="辅计量单位" columncaption="" /> 
<item name="b_ccomunitname" caption="主计量单位" columncaption="" /> 
<item name="b_ccuscode" caption="客户编码" columncaption="" /> 
<item name="b_ccusname" caption="客户名称" columncaption="" /> 
<item name="b_cdepcode" caption="部门编码" columncaption="" /> 
<item name="b_cdepname" caption="部门名称" columncaption="" /> 
<item name="b_cfree1" caption="表体存货自由项1" columncaption="" /> 
<item name="b_cfree10" caption="表体存货自由项10" columncaption="" /> 
<item name="b_cfree2" caption="表体存货自由项2" columncaption="" /> 
<item name="b_cfree3" caption="表体存货自由项3" columncaption="" /> 
<item name="b_cfree4" caption="表体存货自由项4" columncaption="" /> 
<item name="b_cfree5" caption="表体存货自由项5" columncaption="" /> 
<item name="b_cfree6" caption="表体存货自由项6" columncaption="" /> 
<item name="b_cfree7" caption="表体存货自由项7" columncaption="" /> 
<item name="b_cfree8" caption="表体存货自由项8" columncaption="" /> 
<item name="b_cfree9" caption="表体存货自由项9" columncaption="" /> 
<item name="b_cinvcode" caption="物料编码" columncaption="" /> 
<item name="b_cinvname" caption="存货名称" columncaption="" /> 
<item name="b_cinvstd" caption="规格" columncaption="" /> 
<item name="b_cpersoncode" caption="人员编码" columncaption="" /> 
<item name="b_cpersonname" caption="人员名称" columncaption="" /> 
<item name="b_cvencode" caption="供应商编码" columncaption="" /> 
<item name="b_cvenname" caption="供应商名称" columncaption="" /> 
<item name="b_cwhcode" caption="仓库编码" columncaption="" /> 
<item name="b_cwhname" caption="仓库名称" columncaption="" /> 
<item name="bzx" caption="执行状态" columncaption="" /> 
<item name="cbclosedate" caption="关闭日期" columncaption="" /> 
<item name="cbcloser" caption="关闭人" columncaption="" /> 
<item name="cbmemo" caption="表体备注" columncaption="" /> 
<item name="ccloser" caption="关闭人" columncaption="" /> 
<item name="ccode" caption="清单编号" columncaption="" /> 
<item name="ccusname" caption="客户" columncaption="" /> 
<item name="cInvDefine1" caption="存货自定义项1" columncaption="" /> 
<item name="cInvDefine10" caption="存货自定义项10" columncaption="" /> 
<item name="cInvDefine11" caption="存货自定义项11" columncaption="" /> 
<item name="cInvDefine12" caption="存货自定义项12" columncaption="" /> 
<item name="cInvDefine13" caption="存货自定义项13" columncaption="" /> 
<item name="cInvDefine14" caption="存货自定义项14" columncaption="" /> 
<item name="cInvDefine15" caption="存货自定义项15" columncaption="" /> 
<item name="cInvDefine16" caption="存货自定义项16" columncaption="" /> 
<item name="cInvDefine2" caption="存货自定义项2" columncaption="" /> 
<item name="cInvDefine3" caption="存货自定义项3" columncaption="" /> 
<item name="cInvDefine4" caption="存货自定义项4" columncaption="" /> 
<item name="cInvDefine5" caption="存货自定义项5" columncaption="" /> 
<item name="cInvDefine6" caption="存货自定义项6" columncaption="" /> 
<item name="cInvDefine7" caption="存货自定义项7" columncaption="" /> 
<item name="cInvDefine8" caption="存货自定义项8" columncaption="" /> 
<item name="cInvDefine9" caption="存货自定义项9" columncaption="" /> 
<item name="cinvname_cad" caption="名称/规格" columncaption="" /> 
<item name="citem_class" caption="项目大类编码" columncaption="" /> 
<item name="citem_cname" caption="项目大类" columncaption="" /> 
<item name="citemcode" caption="项目编码" columncaption="" /> 
<item name="citemgg" caption="产品规格" columncaption="" /> 
<item name="citemname" caption="项目" columncaption="" /> 
<item name="citemth" caption="产品图号" columncaption="" /> 
<item name="cmaker" caption="制单人" columncaption="" /> 
<item name="cmakerddate" caption="制单日期" columncaption="" /> 
<item name="cmemo" caption="备注" columncaption="" /> 
<item name="cmodifer" caption="变更人" columncaption="" /> 
<item name="cmodiferDate" caption="变更日期" columncaption="" /> 
<item name="cmodifier" caption="修改人" columncaption="" /> 
<item name="coutsourced" caption="外协外购" columncaption="" /> 
<item name="cpart" caption="产品部件" columncaption="" /> 
<item name="cperform" caption="材质/性能" columncaption="" /> 
<item name="cppcode" caption="采购计划单号" columncaption="" /> 
<item name="cverifier" caption="审核人" columncaption="" /> 
<item name="dcloserdate" caption="关闭日期" columncaption="" /> 
<item name="ddate" caption="单据日期" columncaption="" /> 
<item name="define1" caption="define1" columncaption="" /> 
<item name="define10" caption="define10" columncaption="" /> 
<item name="define11" caption="define11" columncaption="" /> 
<item name="define12" caption="define12" columncaption="" /> 
<item name="define13" caption="define13" columncaption="" /> 
<item name="define14" caption="define14" columncaption="" /> 
<item name="define15" caption="define15" columncaption="" /> 
<item name="define16" caption="define16" columncaption="" /> 
<item name="define2" caption="define2" columncaption="" /> 
<item name="define22" caption="define22" columncaption="" /> 
<item name="define23" caption="define23" columncaption="" /> 
<item name="define24" caption="define24" columncaption="" /> 
<item name="define25" caption="define25" columncaption="" /> 
<item name="define26" caption="define26" columncaption="" /> 
<item name="define27" caption="define27" columncaption="" /> 
<item name="define28" caption="define28" columncaption="" /> 
<item name="define29" caption="define29" columncaption="" /> 
<item name="define3" caption="define3" columncaption="" /> 
<item name="define30" caption="define30" columncaption="" /> 
<item name="define31" caption="项目清单号" columncaption="" /> 
<item name="define32" caption="采购计划单号" columncaption="" /> 
<item name="define33" caption="define33" columncaption="" /> 
<item name="define34" caption="define34" columncaption="" /> 
<item name="define35" caption="define35" columncaption="" /> 
<item name="define36" caption="define36" columncaption="" /> 
<item name="define37" caption="define37" columncaption="" /> 
<item name="define4" caption="define4" columncaption="" /> 
<item name="define5" caption="define5" columncaption="" /> 
<item name="define6" caption="define6" columncaption="" /> 
<item name="define7" caption="define7" columncaption="" /> 
<item name="define8" caption="define8" columncaption="" /> 
<item name="define9" caption="define9" columncaption="" /> 
<item name="dmoddate" caption="修改日期" columncaption="" /> 
<item name="dmodifysystime" caption="修改时间" columncaption="" /> 
<item name="dnverifytime" caption="审核时间" columncaption="" /> 
<item name="dverifydate" caption="审核日期" columncaption="" /> 
<item name="iinvexchrate" caption="换算率" columncaption="" /> 
<item name="illqty" caption="累计领料量" columncaption="" /> 
<item name="ipqty" caption="产量" columncaption="" /> 
<item name="iprintcount" caption="打印次数" columncaption="" /> 
<item name="iqty" caption="总数（重）量" columncaption="" /> 
<item name="irowno" caption="行号" columncaption="" /> 
<item name="iunitqty" caption="单台用量" columncaption="" /> 
<item name="iwlyqty" caption="未领料量" columncaption="" /> 
<item name="t_ccuscode" caption="客户编码" columncaption="" /> 
<item name="t_ccusname" caption="客户名称" columncaption="" /> 
<item name="t_cdepcode" caption="部门编码" columncaption="" /> 
<item name="t_cdepname" caption="部门名称" columncaption="" /> 
<item name="t_cfree1" caption="表头存货自由项1" columncaption="" /> 
<item name="t_cfree10" caption="表头存货自由项10" columncaption="" /> 
<item name="t_cfree2" caption="表头存货自由项2" columncaption="" /> 
<item name="t_cfree3" caption="表头存货自由项3" columncaption="" /> 
<item name="t_cfree4" caption="表头存货自由项4" columncaption="" /> 
<item name="t_cfree5" caption="表头存货自由项5" columncaption="" /> 
<item name="t_cfree6" caption="表头存货自由项6" columncaption="" /> 
<item name="t_cfree7" caption="表头存货自由项7" columncaption="" /> 
<item name="t_cfree8" caption="表头存货自由项8" columncaption="" /> 
<item name="t_cfree9" caption="表头存货自由项9" columncaption="" /> 
<item name="t_cinvcode" caption="存货编码" columncaption="" /> 
<item name="t_cinvname" caption="存货名称" columncaption="" /> 
<item name="t_cpersoncode" caption="人员编码" columncaption="" /> 
<item name="t_cpersonname" caption="人员名称" columncaption="" /> 
<item name="t_cvencode" caption="供应商编码" columncaption="" /> 
<item name="t_cvenname" caption="供应商名称" columncaption="" /> 
<item name="t_cwhcode" caption="仓库编码" columncaption="" /> 
<item name="t_cwhname" caption="仓库名称" columncaption="" /> 
<item name="VoucherCode" caption="VoucherCode" columncaption="" /> 
<item name="VoucherId" caption="VoucherId" columncaption="" /> 
<item name="VoucherType" caption="VoucherType" columncaption="" /> 
</items> </root>','EF','U8CUSTDEF','项目需求计划单列表')

insert into flt_definemeta_lang ([FilterID],[LocaleID],[XMLExpression],[SubNO],[ProjectNO],[Title])
values('EP0201','en-us','<root><items><item name="auxunitcode" caption="辅计量单位编码" columncaption="" /> 
<item name="auxunitname" caption="辅计量单位" columncaption="" /> 
<item name="b_ccomunitname" caption="主计量单位" columncaption="" /> 
<item name="b_ccuscode" caption="客户编码" columncaption="" /> 
<item name="b_ccusname" caption="客户名称" columncaption="" /> 
<item name="b_cdepcode" caption="部门编码" columncaption="" /> 
<item name="b_cdepname" caption="部门名称" columncaption="" /> 
<item name="b_cfree1" caption="表体存货自由项1" columncaption="" /> 
<item name="b_cfree10" caption="表体存货自由项10" columncaption="" /> 
<item name="b_cfree2" caption="表体存货自由项2" columncaption="" /> 
<item name="b_cfree3" caption="表体存货自由项3" columncaption="" /> 
<item name="b_cfree4" caption="表体存货自由项4" columncaption="" /> 
<item name="b_cfree5" caption="表体存货自由项5" columncaption="" /> 
<item name="b_cfree6" caption="表体存货自由项6" columncaption="" /> 
<item name="b_cfree7" caption="表体存货自由项7" columncaption="" /> 
<item name="b_cfree8" caption="表体存货自由项8" columncaption="" /> 
<item name="b_cfree9" caption="表体存货自由项9" columncaption="" /> 
<item name="b_cinvcode" caption="物料编码" columncaption="" /> 
<item name="b_cinvname" caption="存货名称" columncaption="" /> 
<item name="b_cinvstd" caption="规格" columncaption="" /> 
<item name="b_cpersoncode" caption="人员编码" columncaption="" /> 
<item name="b_cpersonname" caption="人员名称" columncaption="" /> 
<item name="b_cvencode" caption="供应商编码" columncaption="" /> 
<item name="b_cvenname" caption="供应商名称" columncaption="" /> 
<item name="b_cwhcode" caption="仓库编码" columncaption="" /> 
<item name="b_cwhname" caption="仓库名称" columncaption="" /> 
<item name="bzx" caption="执行状态" columncaption="" /> 
<item name="cbclosedate" caption="关闭日期" columncaption="" /> 
<item name="cbcloser" caption="关闭人" columncaption="" /> 
<item name="cbmemo" caption="表体备注" columncaption="" /> 
<item name="ccloser" caption="关闭人" columncaption="" /> 
<item name="ccode" caption="清单编号" columncaption="" /> 
<item name="ccusname" caption="客户" columncaption="" /> 
<item name="cInvDefine1" caption="存货自定义项1" columncaption="" /> 
<item name="cInvDefine10" caption="存货自定义项10" columncaption="" /> 
<item name="cInvDefine11" caption="存货自定义项11" columncaption="" /> 
<item name="cInvDefine12" caption="存货自定义项12" columncaption="" /> 
<item name="cInvDefine13" caption="存货自定义项13" columncaption="" /> 
<item name="cInvDefine14" caption="存货自定义项14" columncaption="" /> 
<item name="cInvDefine15" caption="存货自定义项15" columncaption="" /> 
<item name="cInvDefine16" caption="存货自定义项16" columncaption="" /> 
<item name="cInvDefine2" caption="存货自定义项2" columncaption="" /> 
<item name="cInvDefine3" caption="存货自定义项3" columncaption="" /> 
<item name="cInvDefine4" caption="存货自定义项4" columncaption="" /> 
<item name="cInvDefine5" caption="存货自定义项5" columncaption="" /> 
<item name="cInvDefine6" caption="存货自定义项6" columncaption="" /> 
<item name="cInvDefine7" caption="存货自定义项7" columncaption="" /> 
<item name="cInvDefine8" caption="存货自定义项8" columncaption="" /> 
<item name="cInvDefine9" caption="存货自定义项9" columncaption="" /> 
<item name="cinvname_cad" caption="名称/规格" columncaption="" /> 
<item name="citem_class" caption="项目大类编码" columncaption="" /> 
<item name="citem_cname" caption="项目大类" columncaption="" /> 
<item name="citemcode" caption="项目编码" columncaption="" /> 
<item name="citemgg" caption="产品规格" columncaption="" /> 
<item name="citemname" caption="项目" columncaption="" /> 
<item name="citemth" caption="产品图号" columncaption="" /> 
<item name="cmaker" caption="制单人" columncaption="" /> 
<item name="cmakerddate" caption="制单日期" columncaption="" /> 
<item name="cmemo" caption="备注" columncaption="" /> 
<item name="cmodifer" caption="变更人" columncaption="" /> 
<item name="cmodiferDate" caption="变更日期" columncaption="" /> 
<item name="cmodifier" caption="修改人" columncaption="" /> 
<item name="coutsourced" caption="外协外购" columncaption="" /> 
<item name="cpart" caption="产品部件" columncaption="" /> 
<item name="cperform" caption="材质/性能" columncaption="" /> 
<item name="cppcode" caption="采购计划单号" columncaption="" /> 
<item name="cverifier" caption="审核人" columncaption="" /> 
<item name="dcloserdate" caption="关闭日期" columncaption="" /> 
<item name="ddate" caption="单据日期" columncaption="" /> 
<item name="define1" caption="define1" columncaption="" /> 
<item name="define10" caption="define10" columncaption="" /> 
<item name="define11" caption="define11" columncaption="" /> 
<item name="define12" caption="define12" columncaption="" /> 
<item name="define13" caption="define13" columncaption="" /> 
<item name="define14" caption="define14" columncaption="" /> 
<item name="define15" caption="define15" columncaption="" /> 
<item name="define16" caption="define16" columncaption="" /> 
<item name="define2" caption="define2" columncaption="" /> 
<item name="define22" caption="define22" columncaption="" /> 
<item name="define23" caption="define23" columncaption="" /> 
<item name="define24" caption="define24" columncaption="" /> 
<item name="define25" caption="define25" columncaption="" /> 
<item name="define26" caption="define26" columncaption="" /> 
<item name="define27" caption="define27" columncaption="" /> 
<item name="define28" caption="define28" columncaption="" /> 
<item name="define29" caption="define29" columncaption="" /> 
<item name="define3" caption="define3" columncaption="" /> 
<item name="define30" caption="define30" columncaption="" /> 
<item name="define31" caption="项目清单号" columncaption="" /> 
<item name="define32" caption="采购计划单号" columncaption="" /> 
<item name="define33" caption="define33" columncaption="" /> 
<item name="define34" caption="define34" columncaption="" /> 
<item name="define35" caption="define35" columncaption="" /> 
<item name="define36" caption="define36" columncaption="" /> 
<item name="define37" caption="define37" columncaption="" /> 
<item name="define4" caption="define4" columncaption="" /> 
<item name="define5" caption="define5" columncaption="" /> 
<item name="define6" caption="define6" columncaption="" /> 
<item name="define7" caption="define7" columncaption="" /> 
<item name="define8" caption="define8" columncaption="" /> 
<item name="define9" caption="define9" columncaption="" /> 
<item name="dmoddate" caption="修改日期" columncaption="" /> 
<item name="dmodifysystime" caption="修改时间" columncaption="" /> 
<item name="dnverifytime" caption="审核时间" columncaption="" /> 
<item name="dverifydate" caption="审核日期" columncaption="" /> 
<item name="iinvexchrate" caption="换算率" columncaption="" /> 
<item name="illqty" caption="累计领料量" columncaption="" /> 
<item name="ipqty" caption="产量" columncaption="" /> 
<item name="iprintcount" caption="打印次数" columncaption="" /> 
<item name="iqty" caption="总数（重）量" columncaption="" /> 
<item name="irowno" caption="行号" columncaption="" /> 
<item name="iunitqty" caption="单台用量" columncaption="" /> 
<item name="iwlyqty" caption="未领料量" columncaption="" /> 
<item name="t_ccuscode" caption="客户编码" columncaption="" /> 
<item name="t_ccusname" caption="客户名称" columncaption="" /> 
<item name="t_cdepcode" caption="部门编码" columncaption="" /> 
<item name="t_cdepname" caption="部门名称" columncaption="" /> 
<item name="t_cfree1" caption="表头存货自由项1" columncaption="" /> 
<item name="t_cfree10" caption="表头存货自由项10" columncaption="" /> 
<item name="t_cfree2" caption="表头存货自由项2" columncaption="" /> 
<item name="t_cfree3" caption="表头存货自由项3" columncaption="" /> 
<item name="t_cfree4" caption="表头存货自由项4" columncaption="" /> 
<item name="t_cfree5" caption="表头存货自由项5" columncaption="" /> 
<item name="t_cfree6" caption="表头存货自由项6" columncaption="" /> 
<item name="t_cfree7" caption="表头存货自由项7" columncaption="" /> 
<item name="t_cfree8" caption="表头存货自由项8" columncaption="" /> 
<item name="t_cfree9" caption="表头存货自由项9" columncaption="" /> 
<item name="t_cinvcode" caption="存货编码" columncaption="" /> 
<item name="t_cinvname" caption="存货名称" columncaption="" /> 
<item name="t_cpersoncode" caption="人员编码" columncaption="" /> 
<item name="t_cpersonname" caption="人员名称" columncaption="" /> 
<item name="t_cvencode" caption="供应商编码" columncaption="" /> 
<item name="t_cvenname" caption="供应商名称" columncaption="" /> 
<item name="t_cwhcode" caption="仓库编码" columncaption="" /> 
<item name="t_cwhname" caption="仓库名称" columncaption="" /> 
<item name="VoucherCode" caption="VoucherCode" columncaption="" /> 
<item name="VoucherId" caption="VoucherId" columncaption="" /> 
<item name="VoucherType" caption="VoucherType" columncaption="" /> 
</items> </root>','EF','U8CUSTDEF','项目需求计划单列表')

insert into flt_definemeta_lang ([FilterID],[LocaleID],[XMLExpression],[SubNO],[ProjectNO],[Title])
values('EP0201','zh-tw','<root><items><item name="auxunitcode" caption="辅计量单位编码" columncaption="" /> 
<item name="auxunitname" caption="辅计量单位" columncaption="" /> 
<item name="b_ccomunitname" caption="主计量单位" columncaption="" /> 
<item name="b_ccuscode" caption="客户编码" columncaption="" /> 
<item name="b_ccusname" caption="客户名称" columncaption="" /> 
<item name="b_cdepcode" caption="部门编码" columncaption="" /> 
<item name="b_cdepname" caption="部门名称" columncaption="" /> 
<item name="b_cfree1" caption="表体存货自由项1" columncaption="" /> 
<item name="b_cfree10" caption="表体存货自由项10" columncaption="" /> 
<item name="b_cfree2" caption="表体存货自由项2" columncaption="" /> 
<item name="b_cfree3" caption="表体存货自由项3" columncaption="" /> 
<item name="b_cfree4" caption="表体存货自由项4" columncaption="" /> 
<item name="b_cfree5" caption="表体存货自由项5" columncaption="" /> 
<item name="b_cfree6" caption="表体存货自由项6" columncaption="" /> 
<item name="b_cfree7" caption="表体存货自由项7" columncaption="" /> 
<item name="b_cfree8" caption="表体存货自由项8" columncaption="" /> 
<item name="b_cfree9" caption="表体存货自由项9" columncaption="" /> 
<item name="b_cinvcode" caption="物料编码" columncaption="" /> 
<item name="b_cinvname" caption="存货名称" columncaption="" /> 
<item name="b_cinvstd" caption="规格" columncaption="" /> 
<item name="b_cpersoncode" caption="人员编码" columncaption="" /> 
<item name="b_cpersonname" caption="人员名称" columncaption="" /> 
<item name="b_cvencode" caption="供应商编码" columncaption="" /> 
<item name="b_cvenname" caption="供应商名称" columncaption="" /> 
<item name="b_cwhcode" caption="仓库编码" columncaption="" /> 
<item name="b_cwhname" caption="仓库名称" columncaption="" /> 
<item name="bzx" caption="执行状态" columncaption="" /> 
<item name="cbclosedate" caption="关闭日期" columncaption="" /> 
<item name="cbcloser" caption="关闭人" columncaption="" /> 
<item name="cbmemo" caption="表体备注" columncaption="" /> 
<item name="ccloser" caption="关闭人" columncaption="" /> 
<item name="ccode" caption="清单编号" columncaption="" /> 
<item name="ccusname" caption="客户" columncaption="" /> 
<item name="cInvDefine1" caption="存货自定义项1" columncaption="" /> 
<item name="cInvDefine10" caption="存货自定义项10" columncaption="" /> 
<item name="cInvDefine11" caption="存货自定义项11" columncaption="" /> 
<item name="cInvDefine12" caption="存货自定义项12" columncaption="" /> 
<item name="cInvDefine13" caption="存货自定义项13" columncaption="" /> 
<item name="cInvDefine14" caption="存货自定义项14" columncaption="" /> 
<item name="cInvDefine15" caption="存货自定义项15" columncaption="" /> 
<item name="cInvDefine16" caption="存货自定义项16" columncaption="" /> 
<item name="cInvDefine2" caption="存货自定义项2" columncaption="" /> 
<item name="cInvDefine3" caption="存货自定义项3" columncaption="" /> 
<item name="cInvDefine4" caption="存货自定义项4" columncaption="" /> 
<item name="cInvDefine5" caption="存货自定义项5" columncaption="" /> 
<item name="cInvDefine6" caption="存货自定义项6" columncaption="" /> 
<item name="cInvDefine7" caption="存货自定义项7" columncaption="" /> 
<item name="cInvDefine8" caption="存货自定义项8" columncaption="" /> 
<item name="cInvDefine9" caption="存货自定义项9" columncaption="" /> 
<item name="cinvname_cad" caption="名称/规格" columncaption="" /> 
<item name="citem_class" caption="项目大类编码" columncaption="" /> 
<item name="citem_cname" caption="项目大类" columncaption="" /> 
<item name="citemcode" caption="项目编码" columncaption="" /> 
<item name="citemgg" caption="产品规格" columncaption="" /> 
<item name="citemname" caption="项目" columncaption="" /> 
<item name="citemth" caption="产品图号" columncaption="" /> 
<item name="cmaker" caption="制单人" columncaption="" /> 
<item name="cmakerddate" caption="制单日期" columncaption="" /> 
<item name="cmemo" caption="备注" columncaption="" /> 
<item name="cmodifer" caption="变更人" columncaption="" /> 
<item name="cmodiferDate" caption="变更日期" columncaption="" /> 
<item name="cmodifier" caption="修改人" columncaption="" /> 
<item name="coutsourced" caption="外协外购" columncaption="" /> 
<item name="cpart" caption="产品部件" columncaption="" /> 
<item name="cperform" caption="材质/性能" columncaption="" /> 
<item name="cppcode" caption="采购计划单号" columncaption="" /> 
<item name="cverifier" caption="审核人" columncaption="" /> 
<item name="dcloserdate" caption="关闭日期" columncaption="" /> 
<item name="ddate" caption="单据日期" columncaption="" /> 
<item name="define1" caption="define1" columncaption="" /> 
<item name="define10" caption="define10" columncaption="" /> 
<item name="define11" caption="define11" columncaption="" /> 
<item name="define12" caption="define12" columncaption="" /> 
<item name="define13" caption="define13" columncaption="" /> 
<item name="define14" caption="define14" columncaption="" /> 
<item name="define15" caption="define15" columncaption="" /> 
<item name="define16" caption="define16" columncaption="" /> 
<item name="define2" caption="define2" columncaption="" /> 
<item name="define22" caption="define22" columncaption="" /> 
<item name="define23" caption="define23" columncaption="" /> 
<item name="define24" caption="define24" columncaption="" /> 
<item name="define25" caption="define25" columncaption="" /> 
<item name="define26" caption="define26" columncaption="" /> 
<item name="define27" caption="define27" columncaption="" /> 
<item name="define28" caption="define28" columncaption="" /> 
<item name="define29" caption="define29" columncaption="" /> 
<item name="define3" caption="define3" columncaption="" /> 
<item name="define30" caption="define30" columncaption="" /> 
<item name="define31" caption="项目清单号" columncaption="" /> 
<item name="define32" caption="采购计划单号" columncaption="" /> 
<item name="define33" caption="define33" columncaption="" /> 
<item name="define34" caption="define34" columncaption="" /> 
<item name="define35" caption="define35" columncaption="" /> 
<item name="define36" caption="define36" columncaption="" /> 
<item name="define37" caption="define37" columncaption="" /> 
<item name="define4" caption="define4" columncaption="" /> 
<item name="define5" caption="define5" columncaption="" /> 
<item name="define6" caption="define6" columncaption="" /> 
<item name="define7" caption="define7" columncaption="" /> 
<item name="define8" caption="define8" columncaption="" /> 
<item name="define9" caption="define9" columncaption="" /> 
<item name="dmoddate" caption="修改日期" columncaption="" /> 
<item name="dmodifysystime" caption="修改时间" columncaption="" /> 
<item name="dnverifytime" caption="审核时间" columncaption="" /> 
<item name="dverifydate" caption="审核日期" columncaption="" /> 
<item name="iinvexchrate" caption="换算率" columncaption="" /> 
<item name="illqty" caption="累计领料量" columncaption="" /> 
<item name="ipqty" caption="产量" columncaption="" /> 
<item name="iprintcount" caption="打印次数" columncaption="" /> 
<item name="iqty" caption="总数（重）量" columncaption="" /> 
<item name="irowno" caption="行号" columncaption="" /> 
<item name="iunitqty" caption="单台用量" columncaption="" /> 
<item name="iwlyqty" caption="未领料量" columncaption="" /> 
<item name="t_ccuscode" caption="客户编码" columncaption="" /> 
<item name="t_ccusname" caption="客户名称" columncaption="" /> 
<item name="t_cdepcode" caption="部门编码" columncaption="" /> 
<item name="t_cdepname" caption="部门名称" columncaption="" /> 
<item name="t_cfree1" caption="表头存货自由项1" columncaption="" /> 
<item name="t_cfree10" caption="表头存货自由项10" columncaption="" /> 
<item name="t_cfree2" caption="表头存货自由项2" columncaption="" /> 
<item name="t_cfree3" caption="表头存货自由项3" columncaption="" /> 
<item name="t_cfree4" caption="表头存货自由项4" columncaption="" /> 
<item name="t_cfree5" caption="表头存货自由项5" columncaption="" /> 
<item name="t_cfree6" caption="表头存货自由项6" columncaption="" /> 
<item name="t_cfree7" caption="表头存货自由项7" columncaption="" /> 
<item name="t_cfree8" caption="表头存货自由项8" columncaption="" /> 
<item name="t_cfree9" caption="表头存货自由项9" columncaption="" /> 
<item name="t_cinvcode" caption="存货编码" columncaption="" /> 
<item name="t_cinvname" caption="存货名称" columncaption="" /> 
<item name="t_cpersoncode" caption="人员编码" columncaption="" /> 
<item name="t_cpersonname" caption="人员名称" columncaption="" /> 
<item name="t_cvencode" caption="供应商编码" columncaption="" /> 
<item name="t_cvenname" caption="供应商名称" columncaption="" /> 
<item name="t_cwhcode" caption="仓库编码" columncaption="" /> 
<item name="t_cwhname" caption="仓库名称" columncaption="" /> 
<item name="VoucherCode" caption="VoucherCode" columncaption="" /> 
<item name="VoucherId" caption="VoucherId" columncaption="" /> 
<item name="VoucherType" caption="VoucherType" columncaption="" /> 
</items> </root>','EF','U8CUSTDEF','项目需求计划单列表')

---------end
--------------------------------当前工具版本 V12.12.1   脚本创建时间:2018-05-30 10:06:41-----
-- select  *   from   aa_busobject_base where cbusobid  ='EP0203' 
-- select  *   from   aa_columnset_base where ckey ='EP0203'
-- select  *   from   aa_columndic_base where ckey ='EP0203'
--- 
delete  from aa_busobject_base where cbusobid  ='EP0203' 
GO
delete  from aa_columndic_base where ckey ='EP0203'
GO

GO
-----------------------------预置单据列表数据以下部分脚本为工具自动生成，不需要手工预置------------------------------

insert into aa_busobject_base ([cBusObId],[cBusObName],[iAuthType],[bAuthControl],[cSub_Id],[cMark],[iFuncType],[langid],[iOrder])
values('EP0203','项目需求计划变更单列表',2,'0','EP',Null,2,'zh-CN',4)
--
insert into aa_columndic_base ([cKey],[cFld],[cQryField],[iColPos],[cCaption],[cCaptionPar],[bFixed],[bDisp],[iColWidth],[iAlign],[cOrder],[bLock],[iMergeCols],[bMustSel],[bNeedSum],[LocaleID],[IsEnum],[EnumType],[EnumTypeString],[bFilter],[bMerge],[CanModify],[ReferType],[bHideInColSet],[cSumType],[cProjectNO])
values('EP0203','selcol','selcol',1,'选择',Null,'1','1',800,4,Null,'1',0,'1','0','zh-CN','0',Null,Null,'0','0','0',Null,'0',Null,'U870')
insert into aa_columndic_base  ([cKey],[cFld],[cQryField],[iColPos],[cCaption],[cCaptionPar],[bFixed],[bDisp],[iColWidth],[iAlign],[cOrder],[bLock],[iMergeCols],[bMustSel],[bNeedSum],[LocaleID],[IsEnum],[EnumType],[EnumTypeString],[bFilter],[bMerge],[CanModify],[ReferType],[bHideInColSet],[cSumType],[cProjectNO])
values('EP0203','id','id',2,'id','','0',0,1500,4,'','0','0',1,'0','zh-CN','','','','0','0','','','0','','U870')
insert into aa_columndic_base  ([cKey],[cFld],[cQryField],[iColPos],[cCaption],[cCaptionPar],[bFixed],[bDisp],[iColWidth],[iAlign],[cOrder],[bLock],[iMergeCols],[bMustSel],[bNeedSum],[LocaleID],[IsEnum],[EnumType],[EnumTypeString],[bFilter],[bMerge],[CanModify],[ReferType],[bHideInColSet],[cSumType],[cProjectNO])
values('EP0203','vt_id','vt_id',3,'vt_id','','0',0,1500,4,'','0','0',1,'0','zh-CN','','','','0','0','','','0','','U870')
insert into aa_columndic_base  ([cKey],[cFld],[cQryField],[iColPos],[cCaption],[cCaptionPar],[bFixed],[bDisp],[iColWidth],[iAlign],[cOrder],[bLock],[iMergeCols],[bMustSel],[bNeedSum],[LocaleID],[IsEnum],[EnumType],[EnumTypeString],[bFilter],[bMerge],[CanModify],[ReferType],[bHideInColSet],[cSumType],[cProjectNO])
values('EP0203','ufts','ufts',4,'ufts','','0',0,1500,1,'','0','0',1,'0','zh-CN','','','','0','0','','','0','','U870')
insert into aa_columndic_base  ([cKey],[cFld],[cQryField],[iColPos],[cCaption],[cCaptionPar],[bFixed],[bDisp],[iColWidth],[iAlign],[cOrder],[bLock],[iMergeCols],[bMustSel],[bNeedSum],[LocaleID],[IsEnum],[EnumType],[EnumTypeString],[bFilter],[bMerge],[CanModify],[ReferType],[bHideInColSet],[cSumType],[cProjectNO])
values('EP0203','cvouchtype','cvouchtype',5,'cvouchtype','','0',0,1500,1,'','0','0',1,'0','zh-CN','','','','0','0','','','0','','U870')
insert into aa_columndic_base  ([cKey],[cFld],[cQryField],[iColPos],[cCaption],[cCaptionPar],[bFixed],[bDisp],[iColWidth],[iAlign],[cOrder],[bLock],[iMergeCols],[bMustSel],[bNeedSum],[LocaleID],[IsEnum],[EnumType],[EnumTypeString],[bFilter],[bMerge],[CanModify],[ReferType],[bHideInColSet],[cSumType],[cProjectNO])
values('EP0203','ireturncount','ireturncount',6,'ireturncount','','0',0,1500,4,'','0','0',1,'0','zh-CN','','','','0','0','','','0','','U870')
insert into aa_columndic_base  ([cKey],[cFld],[cQryField],[iColPos],[cCaption],[cCaptionPar],[bFixed],[bDisp],[iColWidth],[iAlign],[cOrder],[bLock],[iMergeCols],[bMustSel],[bNeedSum],[LocaleID],[IsEnum],[EnumType],[EnumTypeString],[bFilter],[bMerge],[CanModify],[ReferType],[bHideInColSet],[cSumType],[cProjectNO])
values('EP0203','iswfcontrolled','iswfcontrolled',7,'iswfcontrolled','','0',0,1500,4,'','0','0',1,'0','zh-CN','','','','0','0','','','0','','U870')
insert into aa_columndic_base  ([cKey],[cFld],[cQryField],[iColPos],[cCaption],[cCaptionPar],[bFixed],[bDisp],[iColWidth],[iAlign],[cOrder],[bLock],[iMergeCols],[bMustSel],[bNeedSum],[LocaleID],[IsEnum],[EnumType],[EnumTypeString],[bFilter],[bMerge],[CanModify],[ReferType],[bHideInColSet],[cSumType],[cProjectNO])
values('EP0203','iverifystate','iverifystate',8,'iverifystate','','0',0,1500,4,'','0','0',1,'0','zh-CN','','','','0','0','','','0','','U870')
insert into aa_columndic_base  ([cKey],[cFld],[cQryField],[iColPos],[cCaption],[cCaptionPar],[bFixed],[bDisp],[iColWidth],[iAlign],[cOrder],[bLock],[iMergeCols],[bMustSel],[bNeedSum],[LocaleID],[IsEnum],[EnumType],[EnumTypeString],[bFilter],[bMerge],[CanModify],[ReferType],[bHideInColSet],[cSumType],[cProjectNO])
values('EP0203','VoucherId','VoucherId',9,'VoucherId','','0',0,1500,4,'','0','0',1,'0','zh-CN','','','','0','0','','','0','','U870')
insert into aa_columndic_base  ([cKey],[cFld],[cQryField],[iColPos],[cCaption],[cCaptionPar],[bFixed],[bDisp],[iColWidth],[iAlign],[cOrder],[bLock],[iMergeCols],[bMustSel],[bNeedSum],[LocaleID],[IsEnum],[EnumType],[EnumTypeString],[bFilter],[bMerge],[CanModify],[ReferType],[bHideInColSet],[cSumType],[cProjectNO])
values('EP0203','VoucherCode','VoucherCode',10,'VoucherCode','','0',0,1500,1,'','0','0',1,'0','zh-CN','','','','0','0','','','0','','U870')
insert into aa_columndic_base  ([cKey],[cFld],[cQryField],[iColPos],[cCaption],[cCaptionPar],[bFixed],[bDisp],[iColWidth],[iAlign],[cOrder],[bLock],[iMergeCols],[bMustSel],[bNeedSum],[LocaleID],[IsEnum],[EnumType],[EnumTypeString],[bFilter],[bMerge],[CanModify],[ReferType],[bHideInColSet],[cSumType],[cProjectNO])
values('EP0203','VoucherType','VoucherType',11,'VoucherType','','0',0,1500,1,'','0','0',1,'0','zh-CN','','','','0','0','','','0','','U870')
insert into aa_columndic_base  ([cKey],[cFld],[cQryField],[iColPos],[cCaption],[cCaptionPar],[bFixed],[bDisp],[iColWidth],[iAlign],[cOrder],[bLock],[iMergeCols],[bMustSel],[bNeedSum],[LocaleID],[IsEnum],[EnumType],[EnumTypeString],[bFilter],[bMerge],[CanModify],[ReferType],[bHideInColSet],[cSumType],[cProjectNO])
values('EP0203','define1','define1',12,'define1','','0',0,1500,1,'','0','0',0,'0','zh-CN','','','','0','0','','','0','','U870')
insert into aa_columndic_base  ([cKey],[cFld],[cQryField],[iColPos],[cCaption],[cCaptionPar],[bFixed],[bDisp],[iColWidth],[iAlign],[cOrder],[bLock],[iMergeCols],[bMustSel],[bNeedSum],[LocaleID],[IsEnum],[EnumType],[EnumTypeString],[bFilter],[bMerge],[CanModify],[ReferType],[bHideInColSet],[cSumType],[cProjectNO])
values('EP0203','define2','define2',13,'define2','','0',0,1500,1,'','0','0',0,'0','zh-CN','','','','0','0','','','0','','U870')
insert into aa_columndic_base  ([cKey],[cFld],[cQryField],[iColPos],[cCaption],[cCaptionPar],[bFixed],[bDisp],[iColWidth],[iAlign],[cOrder],[bLock],[iMergeCols],[bMustSel],[bNeedSum],[LocaleID],[IsEnum],[EnumType],[EnumTypeString],[bFilter],[bMerge],[CanModify],[ReferType],[bHideInColSet],[cSumType],[cProjectNO])
values('EP0203','define3','define3',14,'define3','','0',0,1500,1,'','0','0',0,'0','zh-CN','','','','0','0','','','0','','U870')
insert into aa_columndic_base  ([cKey],[cFld],[cQryField],[iColPos],[cCaption],[cCaptionPar],[bFixed],[bDisp],[iColWidth],[iAlign],[cOrder],[bLock],[iMergeCols],[bMustSel],[bNeedSum],[LocaleID],[IsEnum],[EnumType],[EnumTypeString],[bFilter],[bMerge],[CanModify],[ReferType],[bHideInColSet],[cSumType],[cProjectNO])
values('EP0203','define4','define4',15,'define4','','0',0,1500,1,'','0','0',0,'0','zh-CN','','','','0','0','','','0','','U870')
insert into aa_columndic_base  ([cKey],[cFld],[cQryField],[iColPos],[cCaption],[cCaptionPar],[bFixed],[bDisp],[iColWidth],[iAlign],[cOrder],[bLock],[iMergeCols],[bMustSel],[bNeedSum],[LocaleID],[IsEnum],[EnumType],[EnumTypeString],[bFilter],[bMerge],[CanModify],[ReferType],[bHideInColSet],[cSumType],[cProjectNO])
values('EP0203','define5','define5',16,'define5','','0',0,1500,7,'','0','0',0,'0','zh-CN','','','','0','0','','','0','','U870')
insert into aa_columndic_base  ([cKey],[cFld],[cQryField],[iColPos],[cCaption],[cCaptionPar],[bFixed],[bDisp],[iColWidth],[iAlign],[cOrder],[bLock],[iMergeCols],[bMustSel],[bNeedSum],[LocaleID],[IsEnum],[EnumType],[EnumTypeString],[bFilter],[bMerge],[CanModify],[ReferType],[bHideInColSet],[cSumType],[cProjectNO])
values('EP0203','define6','define6',17,'define6','','0',0,1500,1,'','0','0',0,'0','zh-CN','','','','0','0','','','0','','U870')
insert into aa_columndic_base  ([cKey],[cFld],[cQryField],[iColPos],[cCaption],[cCaptionPar],[bFixed],[bDisp],[iColWidth],[iAlign],[cOrder],[bLock],[iMergeCols],[bMustSel],[bNeedSum],[LocaleID],[IsEnum],[EnumType],[EnumTypeString],[bFilter],[bMerge],[CanModify],[ReferType],[bHideInColSet],[cSumType],[cProjectNO])
values('EP0203','define7','define7',18,'define7','','0',0,1500,7,'','0','0',0,'0','zh-CN','','','','0','0','','','0','','U870')
insert into aa_columndic_base  ([cKey],[cFld],[cQryField],[iColPos],[cCaption],[cCaptionPar],[bFixed],[bDisp],[iColWidth],[iAlign],[cOrder],[bLock],[iMergeCols],[bMustSel],[bNeedSum],[LocaleID],[IsEnum],[EnumType],[EnumTypeString],[bFilter],[bMerge],[CanModify],[ReferType],[bHideInColSet],[cSumType],[cProjectNO])
values('EP0203','define8','define8',19,'define8','','0',0,1500,1,'','0','0',0,'0','zh-CN','','','','0','0','','','0','','U870')
insert into aa_columndic_base  ([cKey],[cFld],[cQryField],[iColPos],[cCaption],[cCaptionPar],[bFixed],[bDisp],[iColWidth],[iAlign],[cOrder],[bLock],[iMergeCols],[bMustSel],[bNeedSum],[LocaleID],[IsEnum],[EnumType],[EnumTypeString],[bFilter],[bMerge],[CanModify],[ReferType],[bHideInColSet],[cSumType],[cProjectNO])
values('EP0203','define9','define9',20,'define9','','0',0,1500,1,'','0','0',0,'0','zh-CN','','','','0','0','','','0','','U870')
insert into aa_columndic_base  ([cKey],[cFld],[cQryField],[iColPos],[cCaption],[cCaptionPar],[bFixed],[bDisp],[iColWidth],[iAlign],[cOrder],[bLock],[iMergeCols],[bMustSel],[bNeedSum],[LocaleID],[IsEnum],[EnumType],[EnumTypeString],[bFilter],[bMerge],[CanModify],[ReferType],[bHideInColSet],[cSumType],[cProjectNO])
values('EP0203','define10','define10',21,'define10','','0',0,1500,1,'','0','0',0,'0','zh-CN','','','','0','0','','','0','','U870')
insert into aa_columndic_base  ([cKey],[cFld],[cQryField],[iColPos],[cCaption],[cCaptionPar],[bFixed],[bDisp],[iColWidth],[iAlign],[cOrder],[bLock],[iMergeCols],[bMustSel],[bNeedSum],[LocaleID],[IsEnum],[EnumType],[EnumTypeString],[bFilter],[bMerge],[CanModify],[ReferType],[bHideInColSet],[cSumType],[cProjectNO])
values('EP0203','define11','define11',22,'define11','','0',0,1500,1,'','0','0',0,'0','zh-CN','','','','0','0','','','0','','U870')
insert into aa_columndic_base  ([cKey],[cFld],[cQryField],[iColPos],[cCaption],[cCaptionPar],[bFixed],[bDisp],[iColWidth],[iAlign],[cOrder],[bLock],[iMergeCols],[bMustSel],[bNeedSum],[LocaleID],[IsEnum],[EnumType],[EnumTypeString],[bFilter],[bMerge],[CanModify],[ReferType],[bHideInColSet],[cSumType],[cProjectNO])
values('EP0203','define12','define12',23,'define12','','0',0,1500,1,'','0','0',0,'0','zh-CN','','','','0','0','','','0','','U870')
insert into aa_columndic_base  ([cKey],[cFld],[cQryField],[iColPos],[cCaption],[cCaptionPar],[bFixed],[bDisp],[iColWidth],[iAlign],[cOrder],[bLock],[iMergeCols],[bMustSel],[bNeedSum],[LocaleID],[IsEnum],[EnumType],[EnumTypeString],[bFilter],[bMerge],[CanModify],[ReferType],[bHideInColSet],[cSumType],[cProjectNO])
values('EP0203','define13','define13',24,'define13','','0',0,1500,1,'','0','0',0,'0','zh-CN','','','','0','0','','','0','','U870')
insert into aa_columndic_base  ([cKey],[cFld],[cQryField],[iColPos],[cCaption],[cCaptionPar],[bFixed],[bDisp],[iColWidth],[iAlign],[cOrder],[bLock],[iMergeCols],[bMustSel],[bNeedSum],[LocaleID],[IsEnum],[EnumType],[EnumTypeString],[bFilter],[bMerge],[CanModify],[ReferType],[bHideInColSet],[cSumType],[cProjectNO])
values('EP0203','define14','define14',25,'define14','','0',0,1500,1,'','0','0',0,'0','zh-CN','','','','0','0','','','0','','U870')
insert into aa_columndic_base  ([cKey],[cFld],[cQryField],[iColPos],[cCaption],[cCaptionPar],[bFixed],[bDisp],[iColWidth],[iAlign],[cOrder],[bLock],[iMergeCols],[bMustSel],[bNeedSum],[LocaleID],[IsEnum],[EnumType],[EnumTypeString],[bFilter],[bMerge],[CanModify],[ReferType],[bHideInColSet],[cSumType],[cProjectNO])
values('EP0203','define15','define15',26,'define15','','0',0,1500,7,'','0','0',0,'0','zh-CN','','','','0','0','','','0','','U870')
insert into aa_columndic_base  ([cKey],[cFld],[cQryField],[iColPos],[cCaption],[cCaptionPar],[bFixed],[bDisp],[iColWidth],[iAlign],[cOrder],[bLock],[iMergeCols],[bMustSel],[bNeedSum],[LocaleID],[IsEnum],[EnumType],[EnumTypeString],[bFilter],[bMerge],[CanModify],[ReferType],[bHideInColSet],[cSumType],[cProjectNO])
values('EP0203','define16','define16',27,'define16','','0',0,1500,7,'','0','0',0,'0','zh-CN','','','','0','0','','','0','','U870')
insert into aa_columndic_base  ([cKey],[cFld],[cQryField],[iColPos],[cCaption],[cCaptionPar],[bFixed],[bDisp],[iColWidth],[iAlign],[cOrder],[bLock],[iMergeCols],[bMustSel],[bNeedSum],[LocaleID],[IsEnum],[EnumType],[EnumTypeString],[bFilter],[bMerge],[CanModify],[ReferType],[bHideInColSet],[cSumType],[cProjectNO])
values('EP0203','ccode','ccode',28,'单据编号','','0',1,1500,1,'','0','0',0,'0','zh-CN','','','','0','0','','','0','','U870')
insert into aa_columndic_base  ([cKey],[cFld],[cQryField],[iColPos],[cCaption],[cCaptionPar],[bFixed],[bDisp],[iColWidth],[iAlign],[cOrder],[bLock],[iMergeCols],[bMustSel],[bNeedSum],[LocaleID],[IsEnum],[EnumType],[EnumTypeString],[bFilter],[bMerge],[CanModify],[ReferType],[bHideInColSet],[cSumType],[cProjectNO])
values('EP0203','ddate','ddate',29,'单据日期','','0',1,1500,1,'','0','0',0,'0','zh-CN','','','','0','0','','','0','','U870')
insert into aa_columndic_base  ([cKey],[cFld],[cQryField],[iColPos],[cCaption],[cCaptionPar],[bFixed],[bDisp],[iColWidth],[iAlign],[cOrder],[bLock],[iMergeCols],[bMustSel],[bNeedSum],[LocaleID],[IsEnum],[EnumType],[EnumTypeString],[bFilter],[bMerge],[CanModify],[ReferType],[bHideInColSet],[cSumType],[cProjectNO])
values('EP0203','dnverifytime','dnverifytime',30,'审核时间','','0',1,1500,1,'','0','0',0,'0','zh-CN','','','','0','0','','','0','','U870')
insert into aa_columndic_base  ([cKey],[cFld],[cQryField],[iColPos],[cCaption],[cCaptionPar],[bFixed],[bDisp],[iColWidth],[iAlign],[cOrder],[bLock],[iMergeCols],[bMustSel],[bNeedSum],[LocaleID],[IsEnum],[EnumType],[EnumTypeString],[bFilter],[bMerge],[CanModify],[ReferType],[bHideInColSet],[cSumType],[cProjectNO])
values('EP0203','t_cfree1','t_cfree1',31,'表头存货自由项1','','0',0,1500,1,'','0','0',0,'0','zh-CN','','','','0','0','','','0','','U870')
insert into aa_columndic_base  ([cKey],[cFld],[cQryField],[iColPos],[cCaption],[cCaptionPar],[bFixed],[bDisp],[iColWidth],[iAlign],[cOrder],[bLock],[iMergeCols],[bMustSel],[bNeedSum],[LocaleID],[IsEnum],[EnumType],[EnumTypeString],[bFilter],[bMerge],[CanModify],[ReferType],[bHideInColSet],[cSumType],[cProjectNO])
values('EP0203','t_cfree10','t_cfree10',32,'表头存货自由项10','','0',0,1500,1,'','0','0',0,'0','zh-CN','','','','0','0','','','0','','U870')
insert into aa_columndic_base  ([cKey],[cFld],[cQryField],[iColPos],[cCaption],[cCaptionPar],[bFixed],[bDisp],[iColWidth],[iAlign],[cOrder],[bLock],[iMergeCols],[bMustSel],[bNeedSum],[LocaleID],[IsEnum],[EnumType],[EnumTypeString],[bFilter],[bMerge],[CanModify],[ReferType],[bHideInColSet],[cSumType],[cProjectNO])
values('EP0203','t_cfree2','t_cfree2',33,'表头存货自由项2','','0',0,1500,1,'','0','0',0,'0','zh-CN','','','','0','0','','','0','','U870')
insert into aa_columndic_base  ([cKey],[cFld],[cQryField],[iColPos],[cCaption],[cCaptionPar],[bFixed],[bDisp],[iColWidth],[iAlign],[cOrder],[bLock],[iMergeCols],[bMustSel],[bNeedSum],[LocaleID],[IsEnum],[EnumType],[EnumTypeString],[bFilter],[bMerge],[CanModify],[ReferType],[bHideInColSet],[cSumType],[cProjectNO])
values('EP0203','t_cfree3','t_cfree3',34,'表头存货自由项3','','0',0,1500,1,'','0','0',0,'0','zh-CN','','','','0','0','','','0','','U870')
insert into aa_columndic_base  ([cKey],[cFld],[cQryField],[iColPos],[cCaption],[cCaptionPar],[bFixed],[bDisp],[iColWidth],[iAlign],[cOrder],[bLock],[iMergeCols],[bMustSel],[bNeedSum],[LocaleID],[IsEnum],[EnumType],[EnumTypeString],[bFilter],[bMerge],[CanModify],[ReferType],[bHideInColSet],[cSumType],[cProjectNO])
values('EP0203','t_cfree4','t_cfree4',35,'表头存货自由项4','','0',0,1500,1,'','0','0',0,'0','zh-CN','','','','0','0','','','0','','U870')
insert into aa_columndic_base  ([cKey],[cFld],[cQryField],[iColPos],[cCaption],[cCaptionPar],[bFixed],[bDisp],[iColWidth],[iAlign],[cOrder],[bLock],[iMergeCols],[bMustSel],[bNeedSum],[LocaleID],[IsEnum],[EnumType],[EnumTypeString],[bFilter],[bMerge],[CanModify],[ReferType],[bHideInColSet],[cSumType],[cProjectNO])
values('EP0203','t_cfree5','t_cfree5',36,'表头存货自由项5','','0',0,1500,1,'','0','0',0,'0','zh-CN','','','','0','0','','','0','','U870')
insert into aa_columndic_base  ([cKey],[cFld],[cQryField],[iColPos],[cCaption],[cCaptionPar],[bFixed],[bDisp],[iColWidth],[iAlign],[cOrder],[bLock],[iMergeCols],[bMustSel],[bNeedSum],[LocaleID],[IsEnum],[EnumType],[EnumTypeString],[bFilter],[bMerge],[CanModify],[ReferType],[bHideInColSet],[cSumType],[cProjectNO])
values('EP0203','t_cfree6','t_cfree6',37,'表头存货自由项6','','0',0,1500,1,'','0','0',0,'0','zh-CN','','','','0','0','','','0','','U870')
insert into aa_columndic_base  ([cKey],[cFld],[cQryField],[iColPos],[cCaption],[cCaptionPar],[bFixed],[bDisp],[iColWidth],[iAlign],[cOrder],[bLock],[iMergeCols],[bMustSel],[bNeedSum],[LocaleID],[IsEnum],[EnumType],[EnumTypeString],[bFilter],[bMerge],[CanModify],[ReferType],[bHideInColSet],[cSumType],[cProjectNO])
values('EP0203','t_cfree7','t_cfree7',38,'表头存货自由项7','','0',0,1500,1,'','0','0',0,'0','zh-CN','','','','0','0','','','0','','U870')
insert into aa_columndic_base  ([cKey],[cFld],[cQryField],[iColPos],[cCaption],[cCaptionPar],[bFixed],[bDisp],[iColWidth],[iAlign],[cOrder],[bLock],[iMergeCols],[bMustSel],[bNeedSum],[LocaleID],[IsEnum],[EnumType],[EnumTypeString],[bFilter],[bMerge],[CanModify],[ReferType],[bHideInColSet],[cSumType],[cProjectNO])
values('EP0203','t_cfree8','t_cfree8',39,'表头存货自由项8','','0',0,1500,1,'','0','0',0,'0','zh-CN','','','','0','0','','','0','','U870')
insert into aa_columndic_base  ([cKey],[cFld],[cQryField],[iColPos],[cCaption],[cCaptionPar],[bFixed],[bDisp],[iColWidth],[iAlign],[cOrder],[bLock],[iMergeCols],[bMustSel],[bNeedSum],[LocaleID],[IsEnum],[EnumType],[EnumTypeString],[bFilter],[bMerge],[CanModify],[ReferType],[bHideInColSet],[cSumType],[cProjectNO])
values('EP0203','t_cfree9','t_cfree9',40,'表头存货自由项9','','0',0,1500,1,'','0','0',0,'0','zh-CN','','','','0','0','','','0','','U870')
insert into aa_columndic_base  ([cKey],[cFld],[cQryField],[iColPos],[cCaption],[cCaptionPar],[bFixed],[bDisp],[iColWidth],[iAlign],[cOrder],[bLock],[iMergeCols],[bMustSel],[bNeedSum],[LocaleID],[IsEnum],[EnumType],[EnumTypeString],[bFilter],[bMerge],[CanModify],[ReferType],[bHideInColSet],[cSumType],[cProjectNO])
values('EP0203','t_cdepcode','t_cdepcode',41,'部门编码','','0',0,1500,1,'','0','0',0,'0','zh-CN','','','','0','0','','','0','','U870')
insert into aa_columndic_base  ([cKey],[cFld],[cQryField],[iColPos],[cCaption],[cCaptionPar],[bFixed],[bDisp],[iColWidth],[iAlign],[cOrder],[bLock],[iMergeCols],[bMustSel],[bNeedSum],[LocaleID],[IsEnum],[EnumType],[EnumTypeString],[bFilter],[bMerge],[CanModify],[ReferType],[bHideInColSet],[cSumType],[cProjectNO])
values('EP0203','t_cdepname','t_cdepname',42,'部门名称','','0',0,1500,1,'','0','0',0,'0','zh-CN','','','','0','0','','','0','','U870')
insert into aa_columndic_base  ([cKey],[cFld],[cQryField],[iColPos],[cCaption],[cCaptionPar],[bFixed],[bDisp],[iColWidth],[iAlign],[cOrder],[bLock],[iMergeCols],[bMustSel],[bNeedSum],[LocaleID],[IsEnum],[EnumType],[EnumTypeString],[bFilter],[bMerge],[CanModify],[ReferType],[bHideInColSet],[cSumType],[cProjectNO])
values('EP0203','cpmrpcode','cpmrpcode',43,'项目清单号','','0',1,1500,1,'','0','0',0,'0','zh-CN','','','','0','0','','','0','','U870')
insert into aa_columndic_base  ([cKey],[cFld],[cQryField],[iColPos],[cCaption],[cCaptionPar],[bFixed],[bDisp],[iColWidth],[iAlign],[cOrder],[bLock],[iMergeCols],[bMustSel],[bNeedSum],[LocaleID],[IsEnum],[EnumType],[EnumTypeString],[bFilter],[bMerge],[CanModify],[ReferType],[bHideInColSet],[cSumType],[cProjectNO])
values('EP0203','citem_class','citem_class',44,'项目大类编码','','0',1,1500,1,'','0','0',0,'0','zh-CN','','','','0','0','','','0','','U870')
insert into aa_columndic_base  ([cKey],[cFld],[cQryField],[iColPos],[cCaption],[cCaptionPar],[bFixed],[bDisp],[iColWidth],[iAlign],[cOrder],[bLock],[iMergeCols],[bMustSel],[bNeedSum],[LocaleID],[IsEnum],[EnumType],[EnumTypeString],[bFilter],[bMerge],[CanModify],[ReferType],[bHideInColSet],[cSumType],[cProjectNO])
values('EP0203','citem_cname','citem_cname',45,'项目大类','','0',1,1500,1,'','0','0',0,'0','zh-CN','','','','0','0','','','0','','U870')
insert into aa_columndic_base  ([cKey],[cFld],[cQryField],[iColPos],[cCaption],[cCaptionPar],[bFixed],[bDisp],[iColWidth],[iAlign],[cOrder],[bLock],[iMergeCols],[bMustSel],[bNeedSum],[LocaleID],[IsEnum],[EnumType],[EnumTypeString],[bFilter],[bMerge],[CanModify],[ReferType],[bHideInColSet],[cSumType],[cProjectNO])
values('EP0203','citemcode','citemcode',46,'项目编码','','0',1,1500,1,'','0','0',0,'0','zh-CN','','','','0','0','','','0','','U870')
insert into aa_columndic_base  ([cKey],[cFld],[cQryField],[iColPos],[cCaption],[cCaptionPar],[bFixed],[bDisp],[iColWidth],[iAlign],[cOrder],[bLock],[iMergeCols],[bMustSel],[bNeedSum],[LocaleID],[IsEnum],[EnumType],[EnumTypeString],[bFilter],[bMerge],[CanModify],[ReferType],[bHideInColSet],[cSumType],[cProjectNO])
values('EP0203','citemname','citemname',47,'项目','','0',1,1500,1,'','0','0',0,'0','zh-CN','','','','0','0','','','0','','U870')
insert into aa_columndic_base  ([cKey],[cFld],[cQryField],[iColPos],[cCaption],[cCaptionPar],[bFixed],[bDisp],[iColWidth],[iAlign],[cOrder],[bLock],[iMergeCols],[bMustSel],[bNeedSum],[LocaleID],[IsEnum],[EnumType],[EnumTypeString],[bFilter],[bMerge],[CanModify],[ReferType],[bHideInColSet],[cSumType],[cProjectNO])
values('EP0203','t_cpersoncode','t_cpersoncode',48,'人员编码','','0',0,1500,1,'','0','0',0,'0','zh-CN','','','','0','0','','','0','','U870')
insert into aa_columndic_base  ([cKey],[cFld],[cQryField],[iColPos],[cCaption],[cCaptionPar],[bFixed],[bDisp],[iColWidth],[iAlign],[cOrder],[bLock],[iMergeCols],[bMustSel],[bNeedSum],[LocaleID],[IsEnum],[EnumType],[EnumTypeString],[bFilter],[bMerge],[CanModify],[ReferType],[bHideInColSet],[cSumType],[cProjectNO])
values('EP0203','t_cpersonname','t_cpersonname',49,'人员名称','','0',0,1500,1,'','0','0',0,'0','zh-CN','','','','0','0','','','0','','U870')
insert into aa_columndic_base  ([cKey],[cFld],[cQryField],[iColPos],[cCaption],[cCaptionPar],[bFixed],[bDisp],[iColWidth],[iAlign],[cOrder],[bLock],[iMergeCols],[bMustSel],[bNeedSum],[LocaleID],[IsEnum],[EnumType],[EnumTypeString],[bFilter],[bMerge],[CanModify],[ReferType],[bHideInColSet],[cSumType],[cProjectNO])
values('EP0203','ipqty','ipqty',50,'产量','','0',1,1500,7,'','0','0',0,'0','zh-CN','','','','0','0','','','0','','U870')
insert into aa_columndic_base  ([cKey],[cFld],[cQryField],[iColPos],[cCaption],[cCaptionPar],[bFixed],[bDisp],[iColWidth],[iAlign],[cOrder],[bLock],[iMergeCols],[bMustSel],[bNeedSum],[LocaleID],[IsEnum],[EnumType],[EnumTypeString],[bFilter],[bMerge],[CanModify],[ReferType],[bHideInColSet],[cSumType],[cProjectNO])
values('EP0203','citemth','citemth',51,'产品图号','','0',1,1500,1,'','0','0',0,'0','zh-CN','','','','0','0','','','0','','U870')
insert into aa_columndic_base  ([cKey],[cFld],[cQryField],[iColPos],[cCaption],[cCaptionPar],[bFixed],[bDisp],[iColWidth],[iAlign],[cOrder],[bLock],[iMergeCols],[bMustSel],[bNeedSum],[LocaleID],[IsEnum],[EnumType],[EnumTypeString],[bFilter],[bMerge],[CanModify],[ReferType],[bHideInColSet],[cSumType],[cProjectNO])
values('EP0203','citemgg','citemgg',52,'产品规格','','0',1,1500,1,'','0','0',0,'0','zh-CN','','','','0','0','','','0','','U870')
insert into aa_columndic_base  ([cKey],[cFld],[cQryField],[iColPos],[cCaption],[cCaptionPar],[bFixed],[bDisp],[iColWidth],[iAlign],[cOrder],[bLock],[iMergeCols],[bMustSel],[bNeedSum],[LocaleID],[IsEnum],[EnumType],[EnumTypeString],[bFilter],[bMerge],[CanModify],[ReferType],[bHideInColSet],[cSumType],[cProjectNO])
values('EP0203','ccusname','ccusname',53,'客户','','0',1,1500,1,'','0','0',0,'0','zh-CN','','','','0','0','','','0','','U870')
insert into aa_columndic_base  ([cKey],[cFld],[cQryField],[iColPos],[cCaption],[cCaptionPar],[bFixed],[bDisp],[iColWidth],[iAlign],[cOrder],[bLock],[iMergeCols],[bMustSel],[bNeedSum],[LocaleID],[IsEnum],[EnumType],[EnumTypeString],[bFilter],[bMerge],[CanModify],[ReferType],[bHideInColSet],[cSumType],[cProjectNO])
values('EP0203','cmemo','cmemo',54,'备注','','0',1,1500,1,'','0','0',0,'0','zh-CN','','','','0','0','','','0','','U870')
insert into aa_columndic_base  ([cKey],[cFld],[cQryField],[iColPos],[cCaption],[cCaptionPar],[bFixed],[bDisp],[iColWidth],[iAlign],[cOrder],[bLock],[iMergeCols],[bMustSel],[bNeedSum],[LocaleID],[IsEnum],[EnumType],[EnumTypeString],[bFilter],[bMerge],[CanModify],[ReferType],[bHideInColSet],[cSumType],[cProjectNO])
values('EP0203','t_ccuscode','t_ccuscode',55,'客户编码','','0',0,1500,1,'','0','0',0,'0','zh-CN','','','','0','0','','','0','','U870')
insert into aa_columndic_base  ([cKey],[cFld],[cQryField],[iColPos],[cCaption],[cCaptionPar],[bFixed],[bDisp],[iColWidth],[iAlign],[cOrder],[bLock],[iMergeCols],[bMustSel],[bNeedSum],[LocaleID],[IsEnum],[EnumType],[EnumTypeString],[bFilter],[bMerge],[CanModify],[ReferType],[bHideInColSet],[cSumType],[cProjectNO])
values('EP0203','t_ccusname','t_ccusname',56,'客户名称','','0',0,1500,1,'','0','0',0,'0','zh-CN','','','','0','0','','','0','','U870')
insert into aa_columndic_base  ([cKey],[cFld],[cQryField],[iColPos],[cCaption],[cCaptionPar],[bFixed],[bDisp],[iColWidth],[iAlign],[cOrder],[bLock],[iMergeCols],[bMustSel],[bNeedSum],[LocaleID],[IsEnum],[EnumType],[EnumTypeString],[bFilter],[bMerge],[CanModify],[ReferType],[bHideInColSet],[cSumType],[cProjectNO])
values('EP0203','t_cvencode','t_cvencode',57,'供应商编码','','0',0,1500,1,'','0','0',0,'0','zh-CN','','','','0','0','','','0','','U870')
insert into aa_columndic_base  ([cKey],[cFld],[cQryField],[iColPos],[cCaption],[cCaptionPar],[bFixed],[bDisp],[iColWidth],[iAlign],[cOrder],[bLock],[iMergeCols],[bMustSel],[bNeedSum],[LocaleID],[IsEnum],[EnumType],[EnumTypeString],[bFilter],[bMerge],[CanModify],[ReferType],[bHideInColSet],[cSumType],[cProjectNO])
values('EP0203','t_cvenname','t_cvenname',58,'供应商名称','','0',0,1500,1,'','0','0',0,'0','zh-CN','','','','0','0','','','0','','U870')
insert into aa_columndic_base  ([cKey],[cFld],[cQryField],[iColPos],[cCaption],[cCaptionPar],[bFixed],[bDisp],[iColWidth],[iAlign],[cOrder],[bLock],[iMergeCols],[bMustSel],[bNeedSum],[LocaleID],[IsEnum],[EnumType],[EnumTypeString],[bFilter],[bMerge],[CanModify],[ReferType],[bHideInColSet],[cSumType],[cProjectNO])
values('EP0203','t_cwhcode','t_cwhcode',59,'仓库编码','','0',0,1500,1,'','0','0',0,'0','zh-CN','','','','0','0','','','0','','U870')
insert into aa_columndic_base  ([cKey],[cFld],[cQryField],[iColPos],[cCaption],[cCaptionPar],[bFixed],[bDisp],[iColWidth],[iAlign],[cOrder],[bLock],[iMergeCols],[bMustSel],[bNeedSum],[LocaleID],[IsEnum],[EnumType],[EnumTypeString],[bFilter],[bMerge],[CanModify],[ReferType],[bHideInColSet],[cSumType],[cProjectNO])
values('EP0203','t_cwhname','t_cwhname',60,'仓库名称','','0',0,1500,1,'','0','0',0,'0','zh-CN','','','','0','0','','','0','','U870')
insert into aa_columndic_base  ([cKey],[cFld],[cQryField],[iColPos],[cCaption],[cCaptionPar],[bFixed],[bDisp],[iColWidth],[iAlign],[cOrder],[bLock],[iMergeCols],[bMustSel],[bNeedSum],[LocaleID],[IsEnum],[EnumType],[EnumTypeString],[bFilter],[bMerge],[CanModify],[ReferType],[bHideInColSet],[cSumType],[cProjectNO])
values('EP0203','t_cinvcode','t_cinvcode',61,'存货编码','','0',0,1500,1,'','0','0',0,'0','zh-CN','','','','0','0','','','0','','U870')
insert into aa_columndic_base  ([cKey],[cFld],[cQryField],[iColPos],[cCaption],[cCaptionPar],[bFixed],[bDisp],[iColWidth],[iAlign],[cOrder],[bLock],[iMergeCols],[bMustSel],[bNeedSum],[LocaleID],[IsEnum],[EnumType],[EnumTypeString],[bFilter],[bMerge],[CanModify],[ReferType],[bHideInColSet],[cSumType],[cProjectNO])
values('EP0203','t_cinvname','t_cinvname',62,'存货名称','','0',0,1500,1,'','0','0',0,'0','zh-CN','','','','0','0','','','0','','U870')
insert into aa_columndic_base  ([cKey],[cFld],[cQryField],[iColPos],[cCaption],[cCaptionPar],[bFixed],[bDisp],[iColWidth],[iAlign],[cOrder],[bLock],[iMergeCols],[bMustSel],[bNeedSum],[LocaleID],[IsEnum],[EnumType],[EnumTypeString],[bFilter],[bMerge],[CanModify],[ReferType],[bHideInColSet],[cSumType],[cProjectNO])
values('EP0203','cmodifer','cmodifer',63,'变更人','','0',0,1500,1,'','0','0',0,'0','zh-CN','','','','0','0','','','0','','U870')
insert into aa_columndic_base  ([cKey],[cFld],[cQryField],[iColPos],[cCaption],[cCaptionPar],[bFixed],[bDisp],[iColWidth],[iAlign],[cOrder],[bLock],[iMergeCols],[bMustSel],[bNeedSum],[LocaleID],[IsEnum],[EnumType],[EnumTypeString],[bFilter],[bMerge],[CanModify],[ReferType],[bHideInColSet],[cSumType],[cProjectNO])
values('EP0203','cmodiferDate','cmodiferDate',64,'变更日期','','0',0,1500,1,'','0','0',0,'0','zh-CN','','','','0','0','','','0','','U870')
insert into aa_columndic_base  ([cKey],[cFld],[cQryField],[iColPos],[cCaption],[cCaptionPar],[bFixed],[bDisp],[iColWidth],[iAlign],[cOrder],[bLock],[iMergeCols],[bMustSel],[bNeedSum],[LocaleID],[IsEnum],[EnumType],[EnumTypeString],[bFilter],[bMerge],[CanModify],[ReferType],[bHideInColSet],[cSumType],[cProjectNO])
values('EP0203','cmaker','cmaker',65,'制单人','','0',1,1500,1,'','0','0',0,'0','zh-CN','','','','0','0','','','0','','U870')
insert into aa_columndic_base  ([cKey],[cFld],[cQryField],[iColPos],[cCaption],[cCaptionPar],[bFixed],[bDisp],[iColWidth],[iAlign],[cOrder],[bLock],[iMergeCols],[bMustSel],[bNeedSum],[LocaleID],[IsEnum],[EnumType],[EnumTypeString],[bFilter],[bMerge],[CanModify],[ReferType],[bHideInColSet],[cSumType],[cProjectNO])
values('EP0203','cmakerddate','cmakerddate',66,'制单日期','','0',1,1500,1,'','0','0',0,'0','zh-CN','','','','0','0','','','0','','U870')
insert into aa_columndic_base  ([cKey],[cFld],[cQryField],[iColPos],[cCaption],[cCaptionPar],[bFixed],[bDisp],[iColWidth],[iAlign],[cOrder],[bLock],[iMergeCols],[bMustSel],[bNeedSum],[LocaleID],[IsEnum],[EnumType],[EnumTypeString],[bFilter],[bMerge],[CanModify],[ReferType],[bHideInColSet],[cSumType],[cProjectNO])
values('EP0203','cmodifier','cmodifier',67,'修改人','','0',1,1500,1,'','0','0',0,'0','zh-CN','','','','0','0','','','0','','U870')
insert into aa_columndic_base  ([cKey],[cFld],[cQryField],[iColPos],[cCaption],[cCaptionPar],[bFixed],[bDisp],[iColWidth],[iAlign],[cOrder],[bLock],[iMergeCols],[bMustSel],[bNeedSum],[LocaleID],[IsEnum],[EnumType],[EnumTypeString],[bFilter],[bMerge],[CanModify],[ReferType],[bHideInColSet],[cSumType],[cProjectNO])
values('EP0203','dmoddate','dmoddate',68,'修改日期','','0',1,1500,1,'','0','0',0,'0','zh-CN','','','','0','0','','','0','','U870')
insert into aa_columndic_base  ([cKey],[cFld],[cQryField],[iColPos],[cCaption],[cCaptionPar],[bFixed],[bDisp],[iColWidth],[iAlign],[cOrder],[bLock],[iMergeCols],[bMustSel],[bNeedSum],[LocaleID],[IsEnum],[EnumType],[EnumTypeString],[bFilter],[bMerge],[CanModify],[ReferType],[bHideInColSet],[cSumType],[cProjectNO])
values('EP0203','cverifier','cverifier',69,'审核人','','0',1,1500,1,'','0','0',0,'0','zh-CN','','','','0','0','','','0','','U870')
insert into aa_columndic_base  ([cKey],[cFld],[cQryField],[iColPos],[cCaption],[cCaptionPar],[bFixed],[bDisp],[iColWidth],[iAlign],[cOrder],[bLock],[iMergeCols],[bMustSel],[bNeedSum],[LocaleID],[IsEnum],[EnumType],[EnumTypeString],[bFilter],[bMerge],[CanModify],[ReferType],[bHideInColSet],[cSumType],[cProjectNO])
values('EP0203','dverifydate','dverifydate',70,'审核日期','','0',1,1500,1,'','0','0',0,'0','zh-CN','','','','0','0','','','0','','U870')
insert into aa_columndic_base  ([cKey],[cFld],[cQryField],[iColPos],[cCaption],[cCaptionPar],[bFixed],[bDisp],[iColWidth],[iAlign],[cOrder],[bLock],[iMergeCols],[bMustSel],[bNeedSum],[LocaleID],[IsEnum],[EnumType],[EnumTypeString],[bFilter],[bMerge],[CanModify],[ReferType],[bHideInColSet],[cSumType],[cProjectNO])
values('EP0203','ccloser','ccloser',71,'关闭人','','0',0,1500,1,'','0','0',0,'0','zh-CN','','','','0','0','','','0','','U870')
insert into aa_columndic_base  ([cKey],[cFld],[cQryField],[iColPos],[cCaption],[cCaptionPar],[bFixed],[bDisp],[iColWidth],[iAlign],[cOrder],[bLock],[iMergeCols],[bMustSel],[bNeedSum],[LocaleID],[IsEnum],[EnumType],[EnumTypeString],[bFilter],[bMerge],[CanModify],[ReferType],[bHideInColSet],[cSumType],[cProjectNO])
values('EP0203','dcloserdate','dcloserdate',72,'关闭日期','','0',0,1500,1,'','0','0',0,'0','zh-CN','','','','0','0','','','0','','U870')
insert into aa_columndic_base  ([cKey],[cFld],[cQryField],[iColPos],[cCaption],[cCaptionPar],[bFixed],[bDisp],[iColWidth],[iAlign],[cOrder],[bLock],[iMergeCols],[bMustSel],[bNeedSum],[LocaleID],[IsEnum],[EnumType],[EnumTypeString],[bFilter],[bMerge],[CanModify],[ReferType],[bHideInColSet],[cSumType],[cProjectNO])
values('EP0203','dmodifysystime','dmodifysystime',73,'修改时间','','0',1,1500,1,'','0','0',0,'0','zh-CN','','','','0','0','','','0','','U870')
insert into aa_columndic_base  ([cKey],[cFld],[cQryField],[iColPos],[cCaption],[cCaptionPar],[bFixed],[bDisp],[iColWidth],[iAlign],[cOrder],[bLock],[iMergeCols],[bMustSel],[bNeedSum],[LocaleID],[IsEnum],[EnumType],[EnumTypeString],[bFilter],[bMerge],[CanModify],[ReferType],[bHideInColSet],[cSumType],[cProjectNO])
values('EP0203','irowno','irowno',74,'行号','','0',1,1500,7,'','0','0',0,'0','zh-CN','','','','0','0','','','0','','U870')
insert into aa_columndic_base  ([cKey],[cFld],[cQryField],[iColPos],[cCaption],[cCaptionPar],[bFixed],[bDisp],[iColWidth],[iAlign],[cOrder],[bLock],[iMergeCols],[bMustSel],[bNeedSum],[LocaleID],[IsEnum],[EnumType],[EnumTypeString],[bFilter],[bMerge],[CanModify],[ReferType],[bHideInColSet],[cSumType],[cProjectNO])
values('EP0203','b_cdepcode','b_cdepcode',75,'部门编码','','0',0,1500,1,'','0','0',0,'0','zh-CN','','','','0','0','','','0','','U870')
insert into aa_columndic_base  ([cKey],[cFld],[cQryField],[iColPos],[cCaption],[cCaptionPar],[bFixed],[bDisp],[iColWidth],[iAlign],[cOrder],[bLock],[iMergeCols],[bMustSel],[bNeedSum],[LocaleID],[IsEnum],[EnumType],[EnumTypeString],[bFilter],[bMerge],[CanModify],[ReferType],[bHideInColSet],[cSumType],[cProjectNO])
values('EP0203','b_cdepname','b_cdepname',76,'部门名称','','0',0,1500,1,'','0','0',0,'0','zh-CN','','','','0','0','','','0','','U870')
insert into aa_columndic_base  ([cKey],[cFld],[cQryField],[iColPos],[cCaption],[cCaptionPar],[bFixed],[bDisp],[iColWidth],[iAlign],[cOrder],[bLock],[iMergeCols],[bMustSel],[bNeedSum],[LocaleID],[IsEnum],[EnumType],[EnumTypeString],[bFilter],[bMerge],[CanModify],[ReferType],[bHideInColSet],[cSumType],[cProjectNO])
values('EP0203','b_cpersoncode','b_cpersoncode',77,'人员编码','','0',0,1500,1,'','0','0',0,'0','zh-CN','','','','0','0','','','0','','U870')
insert into aa_columndic_base  ([cKey],[cFld],[cQryField],[iColPos],[cCaption],[cCaptionPar],[bFixed],[bDisp],[iColWidth],[iAlign],[cOrder],[bLock],[iMergeCols],[bMustSel],[bNeedSum],[LocaleID],[IsEnum],[EnumType],[EnumTypeString],[bFilter],[bMerge],[CanModify],[ReferType],[bHideInColSet],[cSumType],[cProjectNO])
values('EP0203','b_cpersonname','b_cpersonname',78,'人员名称','','0',0,1500,1,'','0','0',0,'0','zh-CN','','','','0','0','','','0','','U870')
insert into aa_columndic_base  ([cKey],[cFld],[cQryField],[iColPos],[cCaption],[cCaptionPar],[bFixed],[bDisp],[iColWidth],[iAlign],[cOrder],[bLock],[iMergeCols],[bMustSel],[bNeedSum],[LocaleID],[IsEnum],[EnumType],[EnumTypeString],[bFilter],[bMerge],[CanModify],[ReferType],[bHideInColSet],[cSumType],[cProjectNO])
values('EP0203','b_ccuscode','b_ccuscode',79,'客户编码','','0',0,1500,1,'','0','0',0,'0','zh-CN','','','','0','0','','','0','','U870')
insert into aa_columndic_base  ([cKey],[cFld],[cQryField],[iColPos],[cCaption],[cCaptionPar],[bFixed],[bDisp],[iColWidth],[iAlign],[cOrder],[bLock],[iMergeCols],[bMustSel],[bNeedSum],[LocaleID],[IsEnum],[EnumType],[EnumTypeString],[bFilter],[bMerge],[CanModify],[ReferType],[bHideInColSet],[cSumType],[cProjectNO])
values('EP0203','b_ccusname','b_ccusname',80,'客户名称','','0',0,1500,1,'','0','0',0,'0','zh-CN','','','','0','0','','','0','','U870')
insert into aa_columndic_base  ([cKey],[cFld],[cQryField],[iColPos],[cCaption],[cCaptionPar],[bFixed],[bDisp],[iColWidth],[iAlign],[cOrder],[bLock],[iMergeCols],[bMustSel],[bNeedSum],[LocaleID],[IsEnum],[EnumType],[EnumTypeString],[bFilter],[bMerge],[CanModify],[ReferType],[bHideInColSet],[cSumType],[cProjectNO])
values('EP0203','b_cvencode','b_cvencode',81,'供应商编码','','0',0,1500,1,'','0','0',0,'0','zh-CN','','','','0','0','','','0','','U870')
insert into aa_columndic_base  ([cKey],[cFld],[cQryField],[iColPos],[cCaption],[cCaptionPar],[bFixed],[bDisp],[iColWidth],[iAlign],[cOrder],[bLock],[iMergeCols],[bMustSel],[bNeedSum],[LocaleID],[IsEnum],[EnumType],[EnumTypeString],[bFilter],[bMerge],[CanModify],[ReferType],[bHideInColSet],[cSumType],[cProjectNO])
values('EP0203','b_cvenname','b_cvenname',82,'供应商名称','','0',0,1500,1,'','0','0',0,'0','zh-CN','','','','0','0','','','0','','U870')
insert into aa_columndic_base  ([cKey],[cFld],[cQryField],[iColPos],[cCaption],[cCaptionPar],[bFixed],[bDisp],[iColWidth],[iAlign],[cOrder],[bLock],[iMergeCols],[bMustSel],[bNeedSum],[LocaleID],[IsEnum],[EnumType],[EnumTypeString],[bFilter],[bMerge],[CanModify],[ReferType],[bHideInColSet],[cSumType],[cProjectNO])
values('EP0203','b_cwhcode','b_cwhcode',83,'仓库编码','','0',0,1500,1,'','0','0',0,'0','zh-CN','','','','0','0','','','0','','U870')
insert into aa_columndic_base  ([cKey],[cFld],[cQryField],[iColPos],[cCaption],[cCaptionPar],[bFixed],[bDisp],[iColWidth],[iAlign],[cOrder],[bLock],[iMergeCols],[bMustSel],[bNeedSum],[LocaleID],[IsEnum],[EnumType],[EnumTypeString],[bFilter],[bMerge],[CanModify],[ReferType],[bHideInColSet],[cSumType],[cProjectNO])
values('EP0203','b_cwhname','b_cwhname',84,'仓库名称','','0',0,1500,1,'','0','0',0,'0','zh-CN','','','','0','0','','','0','','U870')
insert into aa_columndic_base  ([cKey],[cFld],[cQryField],[iColPos],[cCaption],[cCaptionPar],[bFixed],[bDisp],[iColWidth],[iAlign],[cOrder],[bLock],[iMergeCols],[bMustSel],[bNeedSum],[LocaleID],[IsEnum],[EnumType],[EnumTypeString],[bFilter],[bMerge],[CanModify],[ReferType],[bHideInColSet],[cSumType],[cProjectNO])
values('EP0203','b_cinvcode','b_cinvcode',85,'存货编码','','0',1,1500,1,'','0','0',0,'0','zh-CN','','','','0','0','','','0','','U870')
insert into aa_columndic_base  ([cKey],[cFld],[cQryField],[iColPos],[cCaption],[cCaptionPar],[bFixed],[bDisp],[iColWidth],[iAlign],[cOrder],[bLock],[iMergeCols],[bMustSel],[bNeedSum],[LocaleID],[IsEnum],[EnumType],[EnumTypeString],[bFilter],[bMerge],[CanModify],[ReferType],[bHideInColSet],[cSumType],[cProjectNO])
values('EP0203','b_cinvname','b_cinvname',86,'存货名称','','0',1,1500,1,'','0','0',0,'0','zh-CN','','','','0','0','','','0','','U870')
insert into aa_columndic_base  ([cKey],[cFld],[cQryField],[iColPos],[cCaption],[cCaptionPar],[bFixed],[bDisp],[iColWidth],[iAlign],[cOrder],[bLock],[iMergeCols],[bMustSel],[bNeedSum],[LocaleID],[IsEnum],[EnumType],[EnumTypeString],[bFilter],[bMerge],[CanModify],[ReferType],[bHideInColSet],[cSumType],[cProjectNO])
values('EP0203','define22','define22',87,'define22','','0',0,1500,1,'','0','0',0,'0','zh-CN','','','','0','0','','','0','','U870')
insert into aa_columndic_base  ([cKey],[cFld],[cQryField],[iColPos],[cCaption],[cCaptionPar],[bFixed],[bDisp],[iColWidth],[iAlign],[cOrder],[bLock],[iMergeCols],[bMustSel],[bNeedSum],[LocaleID],[IsEnum],[EnumType],[EnumTypeString],[bFilter],[bMerge],[CanModify],[ReferType],[bHideInColSet],[cSumType],[cProjectNO])
values('EP0203','define23','define23',88,'define23','','0',0,1500,1,'','0','0',0,'0','zh-CN','','','','0','0','','','0','','U870')
insert into aa_columndic_base  ([cKey],[cFld],[cQryField],[iColPos],[cCaption],[cCaptionPar],[bFixed],[bDisp],[iColWidth],[iAlign],[cOrder],[bLock],[iMergeCols],[bMustSel],[bNeedSum],[LocaleID],[IsEnum],[EnumType],[EnumTypeString],[bFilter],[bMerge],[CanModify],[ReferType],[bHideInColSet],[cSumType],[cProjectNO])
values('EP0203','define24','define24',89,'define24','','0',0,1500,1,'','0','0',0,'0','zh-CN','','','','0','0','','','0','','U870')
insert into aa_columndic_base  ([cKey],[cFld],[cQryField],[iColPos],[cCaption],[cCaptionPar],[bFixed],[bDisp],[iColWidth],[iAlign],[cOrder],[bLock],[iMergeCols],[bMustSel],[bNeedSum],[LocaleID],[IsEnum],[EnumType],[EnumTypeString],[bFilter],[bMerge],[CanModify],[ReferType],[bHideInColSet],[cSumType],[cProjectNO])
values('EP0203','define25','define25',90,'define25','','0',0,1500,1,'','0','0',0,'0','zh-CN','','','','0','0','','','0','','U870')
insert into aa_columndic_base  ([cKey],[cFld],[cQryField],[iColPos],[cCaption],[cCaptionPar],[bFixed],[bDisp],[iColWidth],[iAlign],[cOrder],[bLock],[iMergeCols],[bMustSel],[bNeedSum],[LocaleID],[IsEnum],[EnumType],[EnumTypeString],[bFilter],[bMerge],[CanModify],[ReferType],[bHideInColSet],[cSumType],[cProjectNO])
values('EP0203','define26','define26',91,'define26','','0',0,1500,7,'','0','0',0,'0','zh-CN','','','','0','0','','','0','','U870')
insert into aa_columndic_base  ([cKey],[cFld],[cQryField],[iColPos],[cCaption],[cCaptionPar],[bFixed],[bDisp],[iColWidth],[iAlign],[cOrder],[bLock],[iMergeCols],[bMustSel],[bNeedSum],[LocaleID],[IsEnum],[EnumType],[EnumTypeString],[bFilter],[bMerge],[CanModify],[ReferType],[bHideInColSet],[cSumType],[cProjectNO])
values('EP0203','define27','define27',92,'define27','','0',0,1500,1,'','0','0',0,'0','zh-CN','','','','0','0','','','0','','U870')
insert into aa_columndic_base  ([cKey],[cFld],[cQryField],[iColPos],[cCaption],[cCaptionPar],[bFixed],[bDisp],[iColWidth],[iAlign],[cOrder],[bLock],[iMergeCols],[bMustSel],[bNeedSum],[LocaleID],[IsEnum],[EnumType],[EnumTypeString],[bFilter],[bMerge],[CanModify],[ReferType],[bHideInColSet],[cSumType],[cProjectNO])
values('EP0203','define28','define28',93,'define28','','0',0,1500,7,'','0','0',0,'0','zh-CN','','','','0','0','','','0','','U870')
insert into aa_columndic_base  ([cKey],[cFld],[cQryField],[iColPos],[cCaption],[cCaptionPar],[bFixed],[bDisp],[iColWidth],[iAlign],[cOrder],[bLock],[iMergeCols],[bMustSel],[bNeedSum],[LocaleID],[IsEnum],[EnumType],[EnumTypeString],[bFilter],[bMerge],[CanModify],[ReferType],[bHideInColSet],[cSumType],[cProjectNO])
values('EP0203','define29','define29',94,'define29','','0',0,1500,1,'','0','0',0,'0','zh-CN','','','','0','0','','','0','','U870')
insert into aa_columndic_base  ([cKey],[cFld],[cQryField],[iColPos],[cCaption],[cCaptionPar],[bFixed],[bDisp],[iColWidth],[iAlign],[cOrder],[bLock],[iMergeCols],[bMustSel],[bNeedSum],[LocaleID],[IsEnum],[EnumType],[EnumTypeString],[bFilter],[bMerge],[CanModify],[ReferType],[bHideInColSet],[cSumType],[cProjectNO])
values('EP0203','define30','define30',95,'define30','','0',0,1500,1,'','0','0',0,'0','zh-CN','','','','0','0','','','0','','U870')
insert into aa_columndic_base  ([cKey],[cFld],[cQryField],[iColPos],[cCaption],[cCaptionPar],[bFixed],[bDisp],[iColWidth],[iAlign],[cOrder],[bLock],[iMergeCols],[bMustSel],[bNeedSum],[LocaleID],[IsEnum],[EnumType],[EnumTypeString],[bFilter],[bMerge],[CanModify],[ReferType],[bHideInColSet],[cSumType],[cProjectNO])
values('EP0203','define31','define31',96,'项目清单号','','0',0,1500,1,'','0','0',0,'0','zh-CN','','','','0','0','','','0','','U870')
insert into aa_columndic_base  ([cKey],[cFld],[cQryField],[iColPos],[cCaption],[cCaptionPar],[bFixed],[bDisp],[iColWidth],[iAlign],[cOrder],[bLock],[iMergeCols],[bMustSel],[bNeedSum],[LocaleID],[IsEnum],[EnumType],[EnumTypeString],[bFilter],[bMerge],[CanModify],[ReferType],[bHideInColSet],[cSumType],[cProjectNO])
values('EP0203','define32','define32',97,'采购计划单号','','0',0,1500,1,'','0','0',0,'0','zh-CN','','','','0','0','','','0','','U870')
insert into aa_columndic_base  ([cKey],[cFld],[cQryField],[iColPos],[cCaption],[cCaptionPar],[bFixed],[bDisp],[iColWidth],[iAlign],[cOrder],[bLock],[iMergeCols],[bMustSel],[bNeedSum],[LocaleID],[IsEnum],[EnumType],[EnumTypeString],[bFilter],[bMerge],[CanModify],[ReferType],[bHideInColSet],[cSumType],[cProjectNO])
values('EP0203','define33','define33',98,'define33','','0',0,1500,1,'','0','0',0,'0','zh-CN','','','','0','0','','','0','','U870')
insert into aa_columndic_base  ([cKey],[cFld],[cQryField],[iColPos],[cCaption],[cCaptionPar],[bFixed],[bDisp],[iColWidth],[iAlign],[cOrder],[bLock],[iMergeCols],[bMustSel],[bNeedSum],[LocaleID],[IsEnum],[EnumType],[EnumTypeString],[bFilter],[bMerge],[CanModify],[ReferType],[bHideInColSet],[cSumType],[cProjectNO])
values('EP0203','define34','define34',99,'define34','','0',0,1500,1,'','0','0',0,'0','zh-CN','','','','0','0','','','0','','U870')
insert into aa_columndic_base  ([cKey],[cFld],[cQryField],[iColPos],[cCaption],[cCaptionPar],[bFixed],[bDisp],[iColWidth],[iAlign],[cOrder],[bLock],[iMergeCols],[bMustSel],[bNeedSum],[LocaleID],[IsEnum],[EnumType],[EnumTypeString],[bFilter],[bMerge],[CanModify],[ReferType],[bHideInColSet],[cSumType],[cProjectNO])
values('EP0203','define35','define35',100,'define35','','0',0,1500,1,'','0','0',0,'0','zh-CN','','','','0','0','','','0','','U870')
insert into aa_columndic_base  ([cKey],[cFld],[cQryField],[iColPos],[cCaption],[cCaptionPar],[bFixed],[bDisp],[iColWidth],[iAlign],[cOrder],[bLock],[iMergeCols],[bMustSel],[bNeedSum],[LocaleID],[IsEnum],[EnumType],[EnumTypeString],[bFilter],[bMerge],[CanModify],[ReferType],[bHideInColSet],[cSumType],[cProjectNO])
values('EP0203','define36','define36',101,'define36','','0',0,1500,7,'','0','0',0,'0','zh-CN','','','','0','0','','','0','','U870')
insert into aa_columndic_base  ([cKey],[cFld],[cQryField],[iColPos],[cCaption],[cCaptionPar],[bFixed],[bDisp],[iColWidth],[iAlign],[cOrder],[bLock],[iMergeCols],[bMustSel],[bNeedSum],[LocaleID],[IsEnum],[EnumType],[EnumTypeString],[bFilter],[bMerge],[CanModify],[ReferType],[bHideInColSet],[cSumType],[cProjectNO])
values('EP0203','define37','define37',102,'define37','','0',0,1500,7,'','0','0',0,'0','zh-CN','','','','0','0','','','0','','U870')
insert into aa_columndic_base  ([cKey],[cFld],[cQryField],[iColPos],[cCaption],[cCaptionPar],[bFixed],[bDisp],[iColWidth],[iAlign],[cOrder],[bLock],[iMergeCols],[bMustSel],[bNeedSum],[LocaleID],[IsEnum],[EnumType],[EnumTypeString],[bFilter],[bMerge],[CanModify],[ReferType],[bHideInColSet],[cSumType],[cProjectNO])
values('EP0203','b_cinvstd','b_cinvstd',103,'规格','','0',1,1500,1,'','0','0',0,'0','zh-CN','','','','0','0','','','0','','U870')
insert into aa_columndic_base  ([cKey],[cFld],[cQryField],[iColPos],[cCaption],[cCaptionPar],[bFixed],[bDisp],[iColWidth],[iAlign],[cOrder],[bLock],[iMergeCols],[bMustSel],[bNeedSum],[LocaleID],[IsEnum],[EnumType],[EnumTypeString],[bFilter],[bMerge],[CanModify],[ReferType],[bHideInColSet],[cSumType],[cProjectNO])
values('EP0203','b_ccomunitname','b_ccomunitname',104,'主计量单位','','0',1,1500,1,'','0','0',0,'0','zh-CN','','','','0','0','','','0','','U870')
insert into aa_columndic_base  ([cKey],[cFld],[cQryField],[iColPos],[cCaption],[cCaptionPar],[bFixed],[bDisp],[iColWidth],[iAlign],[cOrder],[bLock],[iMergeCols],[bMustSel],[bNeedSum],[LocaleID],[IsEnum],[EnumType],[EnumTypeString],[bFilter],[bMerge],[CanModify],[ReferType],[bHideInColSet],[cSumType],[cProjectNO])
values('EP0203','b_cfree1','b_cfree1',105,'表体存货自由项1','','0',0,1500,1,'','0','0',0,'0','zh-CN','','','','0','0','','','0','','U870')
insert into aa_columndic_base  ([cKey],[cFld],[cQryField],[iColPos],[cCaption],[cCaptionPar],[bFixed],[bDisp],[iColWidth],[iAlign],[cOrder],[bLock],[iMergeCols],[bMustSel],[bNeedSum],[LocaleID],[IsEnum],[EnumType],[EnumTypeString],[bFilter],[bMerge],[CanModify],[ReferType],[bHideInColSet],[cSumType],[cProjectNO])
values('EP0203','b_cfree2','b_cfree2',106,'表体存货自由项2','','0',0,1500,1,'','0','0',0,'0','zh-CN','','','','0','0','','','0','','U870')
insert into aa_columndic_base  ([cKey],[cFld],[cQryField],[iColPos],[cCaption],[cCaptionPar],[bFixed],[bDisp],[iColWidth],[iAlign],[cOrder],[bLock],[iMergeCols],[bMustSel],[bNeedSum],[LocaleID],[IsEnum],[EnumType],[EnumTypeString],[bFilter],[bMerge],[CanModify],[ReferType],[bHideInColSet],[cSumType],[cProjectNO])
values('EP0203','b_cfree3','b_cfree3',107,'表体存货自由项3','','0',0,1500,1,'','0','0',0,'0','zh-CN','','','','0','0','','','0','','U870')
insert into aa_columndic_base  ([cKey],[cFld],[cQryField],[iColPos],[cCaption],[cCaptionPar],[bFixed],[bDisp],[iColWidth],[iAlign],[cOrder],[bLock],[iMergeCols],[bMustSel],[bNeedSum],[LocaleID],[IsEnum],[EnumType],[EnumTypeString],[bFilter],[bMerge],[CanModify],[ReferType],[bHideInColSet],[cSumType],[cProjectNO])
values('EP0203','b_cfree4','b_cfree4',108,'表体存货自由项4','','0',0,1500,1,'','0','0',0,'0','zh-CN','','','','0','0','','','0','','U870')
insert into aa_columndic_base  ([cKey],[cFld],[cQryField],[iColPos],[cCaption],[cCaptionPar],[bFixed],[bDisp],[iColWidth],[iAlign],[cOrder],[bLock],[iMergeCols],[bMustSel],[bNeedSum],[LocaleID],[IsEnum],[EnumType],[EnumTypeString],[bFilter],[bMerge],[CanModify],[ReferType],[bHideInColSet],[cSumType],[cProjectNO])
values('EP0203','b_cfree5','b_cfree5',109,'表体存货自由项5','','0',0,1500,1,'','0','0',0,'0','zh-CN','','','','0','0','','','0','','U870')
insert into aa_columndic_base  ([cKey],[cFld],[cQryField],[iColPos],[cCaption],[cCaptionPar],[bFixed],[bDisp],[iColWidth],[iAlign],[cOrder],[bLock],[iMergeCols],[bMustSel],[bNeedSum],[LocaleID],[IsEnum],[EnumType],[EnumTypeString],[bFilter],[bMerge],[CanModify],[ReferType],[bHideInColSet],[cSumType],[cProjectNO])
values('EP0203','b_cfree6','b_cfree6',110,'表体存货自由项6','','0',0,1500,1,'','0','0',0,'0','zh-CN','','','','0','0','','','0','','U870')
insert into aa_columndic_base  ([cKey],[cFld],[cQryField],[iColPos],[cCaption],[cCaptionPar],[bFixed],[bDisp],[iColWidth],[iAlign],[cOrder],[bLock],[iMergeCols],[bMustSel],[bNeedSum],[LocaleID],[IsEnum],[EnumType],[EnumTypeString],[bFilter],[bMerge],[CanModify],[ReferType],[bHideInColSet],[cSumType],[cProjectNO])
values('EP0203','b_cfree7','b_cfree7',111,'表体存货自由项7','','0',0,1500,1,'','0','0',0,'0','zh-CN','','','','0','0','','','0','','U870')
insert into aa_columndic_base  ([cKey],[cFld],[cQryField],[iColPos],[cCaption],[cCaptionPar],[bFixed],[bDisp],[iColWidth],[iAlign],[cOrder],[bLock],[iMergeCols],[bMustSel],[bNeedSum],[LocaleID],[IsEnum],[EnumType],[EnumTypeString],[bFilter],[bMerge],[CanModify],[ReferType],[bHideInColSet],[cSumType],[cProjectNO])
values('EP0203','b_cfree8','b_cfree8',112,'表体存货自由项8','','0',0,1500,1,'','0','0',0,'0','zh-CN','','','','0','0','','','0','','U870')
insert into aa_columndic_base  ([cKey],[cFld],[cQryField],[iColPos],[cCaption],[cCaptionPar],[bFixed],[bDisp],[iColWidth],[iAlign],[cOrder],[bLock],[iMergeCols],[bMustSel],[bNeedSum],[LocaleID],[IsEnum],[EnumType],[EnumTypeString],[bFilter],[bMerge],[CanModify],[ReferType],[bHideInColSet],[cSumType],[cProjectNO])
values('EP0203','b_cfree9','b_cfree9',113,'表体存货自由项9','','0',0,1500,1,'','0','0',0,'0','zh-CN','','','','0','0','','','0','','U870')
insert into aa_columndic_base  ([cKey],[cFld],[cQryField],[iColPos],[cCaption],[cCaptionPar],[bFixed],[bDisp],[iColWidth],[iAlign],[cOrder],[bLock],[iMergeCols],[bMustSel],[bNeedSum],[LocaleID],[IsEnum],[EnumType],[EnumTypeString],[bFilter],[bMerge],[CanModify],[ReferType],[bHideInColSet],[cSumType],[cProjectNO])
values('EP0203','b_cfree10','b_cfree10',114,'表体存货自由项10','','0',0,1500,1,'','0','0',0,'0','zh-CN','','','','0','0','','','0','','U870')
insert into aa_columndic_base  ([cKey],[cFld],[cQryField],[iColPos],[cCaption],[cCaptionPar],[bFixed],[bDisp],[iColWidth],[iAlign],[cOrder],[bLock],[iMergeCols],[bMustSel],[bNeedSum],[LocaleID],[IsEnum],[EnumType],[EnumTypeString],[bFilter],[bMerge],[CanModify],[ReferType],[bHideInColSet],[cSumType],[cProjectNO])
values('EP0203','cInvDefine1','cInvDefine1',115,'存货自定义项1','','0',0,1500,1,'','0','0',0,'0','zh-CN','','','','0','0','','','0','','U870')
insert into aa_columndic_base  ([cKey],[cFld],[cQryField],[iColPos],[cCaption],[cCaptionPar],[bFixed],[bDisp],[iColWidth],[iAlign],[cOrder],[bLock],[iMergeCols],[bMustSel],[bNeedSum],[LocaleID],[IsEnum],[EnumType],[EnumTypeString],[bFilter],[bMerge],[CanModify],[ReferType],[bHideInColSet],[cSumType],[cProjectNO])
values('EP0203','cInvDefine2','cInvDefine2',116,'存货自定义项2','','0',0,1500,1,'','0','0',0,'0','zh-CN','','','','0','0','','','0','','U870')
insert into aa_columndic_base  ([cKey],[cFld],[cQryField],[iColPos],[cCaption],[cCaptionPar],[bFixed],[bDisp],[iColWidth],[iAlign],[cOrder],[bLock],[iMergeCols],[bMustSel],[bNeedSum],[LocaleID],[IsEnum],[EnumType],[EnumTypeString],[bFilter],[bMerge],[CanModify],[ReferType],[bHideInColSet],[cSumType],[cProjectNO])
values('EP0203','cInvDefine3','cInvDefine3',117,'存货自定义项3','','0',0,1500,1,'','0','0',0,'0','zh-CN','','','','0','0','','','0','','U870')
insert into aa_columndic_base  ([cKey],[cFld],[cQryField],[iColPos],[cCaption],[cCaptionPar],[bFixed],[bDisp],[iColWidth],[iAlign],[cOrder],[bLock],[iMergeCols],[bMustSel],[bNeedSum],[LocaleID],[IsEnum],[EnumType],[EnumTypeString],[bFilter],[bMerge],[CanModify],[ReferType],[bHideInColSet],[cSumType],[cProjectNO])
values('EP0203','cInvDefine4','cInvDefine4',118,'存货自定义项4','','0',0,1500,1,'','0','0',0,'0','zh-CN','','','','0','0','','','0','','U870')
insert into aa_columndic_base  ([cKey],[cFld],[cQryField],[iColPos],[cCaption],[cCaptionPar],[bFixed],[bDisp],[iColWidth],[iAlign],[cOrder],[bLock],[iMergeCols],[bMustSel],[bNeedSum],[LocaleID],[IsEnum],[EnumType],[EnumTypeString],[bFilter],[bMerge],[CanModify],[ReferType],[bHideInColSet],[cSumType],[cProjectNO])
values('EP0203','cInvDefine5','cInvDefine5',119,'存货自定义项5','','0',0,1500,1,'','0','0',0,'0','zh-CN','','','','0','0','','','0','','U870')
insert into aa_columndic_base  ([cKey],[cFld],[cQryField],[iColPos],[cCaption],[cCaptionPar],[bFixed],[bDisp],[iColWidth],[iAlign],[cOrder],[bLock],[iMergeCols],[bMustSel],[bNeedSum],[LocaleID],[IsEnum],[EnumType],[EnumTypeString],[bFilter],[bMerge],[CanModify],[ReferType],[bHideInColSet],[cSumType],[cProjectNO])
values('EP0203','cInvDefine6','cInvDefine6',120,'存货自定义项6','','0',0,1500,1,'','0','0',0,'0','zh-CN','','','','0','0','','','0','','U870')
insert into aa_columndic_base  ([cKey],[cFld],[cQryField],[iColPos],[cCaption],[cCaptionPar],[bFixed],[bDisp],[iColWidth],[iAlign],[cOrder],[bLock],[iMergeCols],[bMustSel],[bNeedSum],[LocaleID],[IsEnum],[EnumType],[EnumTypeString],[bFilter],[bMerge],[CanModify],[ReferType],[bHideInColSet],[cSumType],[cProjectNO])
values('EP0203','cInvDefine7','cInvDefine7',121,'存货自定义项7','','0',0,1500,1,'','0','0',0,'0','zh-CN','','','','0','0','','','0','','U870')
insert into aa_columndic_base  ([cKey],[cFld],[cQryField],[iColPos],[cCaption],[cCaptionPar],[bFixed],[bDisp],[iColWidth],[iAlign],[cOrder],[bLock],[iMergeCols],[bMustSel],[bNeedSum],[LocaleID],[IsEnum],[EnumType],[EnumTypeString],[bFilter],[bMerge],[CanModify],[ReferType],[bHideInColSet],[cSumType],[cProjectNO])
values('EP0203','cInvDefine8','cInvDefine8',122,'存货自定义项8','','0',0,1500,1,'','0','0',0,'0','zh-CN','','','','0','0','','','0','','U870')
insert into aa_columndic_base  ([cKey],[cFld],[cQryField],[iColPos],[cCaption],[cCaptionPar],[bFixed],[bDisp],[iColWidth],[iAlign],[cOrder],[bLock],[iMergeCols],[bMustSel],[bNeedSum],[LocaleID],[IsEnum],[EnumType],[EnumTypeString],[bFilter],[bMerge],[CanModify],[ReferType],[bHideInColSet],[cSumType],[cProjectNO])
values('EP0203','cInvDefine9','cInvDefine9',123,'存货自定义项9','','0',0,1500,1,'','0','0',0,'0','zh-CN','','','','0','0','','','0','','U870')
insert into aa_columndic_base  ([cKey],[cFld],[cQryField],[iColPos],[cCaption],[cCaptionPar],[bFixed],[bDisp],[iColWidth],[iAlign],[cOrder],[bLock],[iMergeCols],[bMustSel],[bNeedSum],[LocaleID],[IsEnum],[EnumType],[EnumTypeString],[bFilter],[bMerge],[CanModify],[ReferType],[bHideInColSet],[cSumType],[cProjectNO])
values('EP0203','cInvDefine10','cInvDefine10',124,'存货自定义项10','','0',0,1500,1,'','0','0',0,'0','zh-CN','','','','0','0','','','0','','U870')
insert into aa_columndic_base  ([cKey],[cFld],[cQryField],[iColPos],[cCaption],[cCaptionPar],[bFixed],[bDisp],[iColWidth],[iAlign],[cOrder],[bLock],[iMergeCols],[bMustSel],[bNeedSum],[LocaleID],[IsEnum],[EnumType],[EnumTypeString],[bFilter],[bMerge],[CanModify],[ReferType],[bHideInColSet],[cSumType],[cProjectNO])
values('EP0203','cInvDefine11','cInvDefine11',125,'存货自定义项11','','0',0,1500,7,'','0','0',0,'0','zh-CN','','','','0','0','','','0','','U870')
insert into aa_columndic_base  ([cKey],[cFld],[cQryField],[iColPos],[cCaption],[cCaptionPar],[bFixed],[bDisp],[iColWidth],[iAlign],[cOrder],[bLock],[iMergeCols],[bMustSel],[bNeedSum],[LocaleID],[IsEnum],[EnumType],[EnumTypeString],[bFilter],[bMerge],[CanModify],[ReferType],[bHideInColSet],[cSumType],[cProjectNO])
values('EP0203','cInvDefine12','cInvDefine12',126,'存货自定义项12','','0',0,1500,7,'','0','0',0,'0','zh-CN','','','','0','0','','','0','','U870')
insert into aa_columndic_base  ([cKey],[cFld],[cQryField],[iColPos],[cCaption],[cCaptionPar],[bFixed],[bDisp],[iColWidth],[iAlign],[cOrder],[bLock],[iMergeCols],[bMustSel],[bNeedSum],[LocaleID],[IsEnum],[EnumType],[EnumTypeString],[bFilter],[bMerge],[CanModify],[ReferType],[bHideInColSet],[cSumType],[cProjectNO])
values('EP0203','cInvDefine13','cInvDefine13',127,'存货自定义项13','','0',1,1500,7,'','0','0',0,'0','zh-CN','','','','0','0','','','0','','U870')
insert into aa_columndic_base  ([cKey],[cFld],[cQryField],[iColPos],[cCaption],[cCaptionPar],[bFixed],[bDisp],[iColWidth],[iAlign],[cOrder],[bLock],[iMergeCols],[bMustSel],[bNeedSum],[LocaleID],[IsEnum],[EnumType],[EnumTypeString],[bFilter],[bMerge],[CanModify],[ReferType],[bHideInColSet],[cSumType],[cProjectNO])
values('EP0203','cInvDefine14','cInvDefine14',128,'存货自定义项14','','0',0,1500,7,'','0','0',0,'0','zh-CN','','','','0','0','','','0','','U870')
insert into aa_columndic_base  ([cKey],[cFld],[cQryField],[iColPos],[cCaption],[cCaptionPar],[bFixed],[bDisp],[iColWidth],[iAlign],[cOrder],[bLock],[iMergeCols],[bMustSel],[bNeedSum],[LocaleID],[IsEnum],[EnumType],[EnumTypeString],[bFilter],[bMerge],[CanModify],[ReferType],[bHideInColSet],[cSumType],[cProjectNO])
values('EP0203','cInvDefine15','cInvDefine15',129,'存货自定义项15','','0',0,1500,1,'','0','0',0,'0','zh-CN','','','','0','0','','','0','','U870')
insert into aa_columndic_base  ([cKey],[cFld],[cQryField],[iColPos],[cCaption],[cCaptionPar],[bFixed],[bDisp],[iColWidth],[iAlign],[cOrder],[bLock],[iMergeCols],[bMustSel],[bNeedSum],[LocaleID],[IsEnum],[EnumType],[EnumTypeString],[bFilter],[bMerge],[CanModify],[ReferType],[bHideInColSet],[cSumType],[cProjectNO])
values('EP0203','cInvDefine16','cInvDefine16',130,'存货自定义项16','','0',0,1500,1,'','0','0',0,'0','zh-CN','','','','0','0','','','0','','U870')
insert into aa_columndic_base  ([cKey],[cFld],[cQryField],[iColPos],[cCaption],[cCaptionPar],[bFixed],[bDisp],[iColWidth],[iAlign],[cOrder],[bLock],[iMergeCols],[bMustSel],[bNeedSum],[LocaleID],[IsEnum],[EnumType],[EnumTypeString],[bFilter],[bMerge],[CanModify],[ReferType],[bHideInColSet],[cSumType],[cProjectNO])
values('EP0203','iinvexchrate','iinvexchrate',131,'换算率','','0',0,1500,7,'','0','0',0,'0','zh-CN','','','','0','0','','','0','','U870')
insert into aa_columndic_base  ([cKey],[cFld],[cQryField],[iColPos],[cCaption],[cCaptionPar],[bFixed],[bDisp],[iColWidth],[iAlign],[cOrder],[bLock],[iMergeCols],[bMustSel],[bNeedSum],[LocaleID],[IsEnum],[EnumType],[EnumTypeString],[bFilter],[bMerge],[CanModify],[ReferType],[bHideInColSet],[cSumType],[cProjectNO])
values('EP0203','auxunitcode','auxunitcode',132,'辅计量单位编码','','0',0,1500,1,'','0','0',0,'0','zh-CN','','','','0','0','','','0','','U870')
insert into aa_columndic_base  ([cKey],[cFld],[cQryField],[iColPos],[cCaption],[cCaptionPar],[bFixed],[bDisp],[iColWidth],[iAlign],[cOrder],[bLock],[iMergeCols],[bMustSel],[bNeedSum],[LocaleID],[IsEnum],[EnumType],[EnumTypeString],[bFilter],[bMerge],[CanModify],[ReferType],[bHideInColSet],[cSumType],[cProjectNO])
values('EP0203','auxunitname','auxunitname',133,'辅计量单位','','0',0,1500,1,'','0','0',0,'0','zh-CN','','','','0','0','','','0','','U870')
insert into aa_columndic_base  ([cKey],[cFld],[cQryField],[iColPos],[cCaption],[cCaptionPar],[bFixed],[bDisp],[iColWidth],[iAlign],[cOrder],[bLock],[iMergeCols],[bMustSel],[bNeedSum],[LocaleID],[IsEnum],[EnumType],[EnumTypeString],[bFilter],[bMerge],[CanModify],[ReferType],[bHideInColSet],[cSumType],[cProjectNO])
values('EP0203','iunitqty','iunitqty',134,'单台用量','','0',1,1500,7,'','0','0',0,'1','zh-CN','','','','0','0','','','0','','U870')
insert into aa_columndic_base  ([cKey],[cFld],[cQryField],[iColPos],[cCaption],[cCaptionPar],[bFixed],[bDisp],[iColWidth],[iAlign],[cOrder],[bLock],[iMergeCols],[bMustSel],[bNeedSum],[LocaleID],[IsEnum],[EnumType],[EnumTypeString],[bFilter],[bMerge],[CanModify],[ReferType],[bHideInColSet],[cSumType],[cProjectNO])
values('EP0203','cperform','cperform',135,'材质性能','','0',1,1500,1,'','0','0',0,'0','zh-CN','','','','0','0','','','0','','U870')
insert into aa_columndic_base  ([cKey],[cFld],[cQryField],[iColPos],[cCaption],[cCaptionPar],[bFixed],[bDisp],[iColWidth],[iAlign],[cOrder],[bLock],[iMergeCols],[bMustSel],[bNeedSum],[LocaleID],[IsEnum],[EnumType],[EnumTypeString],[bFilter],[bMerge],[CanModify],[ReferType],[bHideInColSet],[cSumType],[cProjectNO])
values('EP0203','iqty','iqty',136,'总数（重）量','','0',1,1500,7,'','0','0',0,'1','zh-CN','','','','0','0','','','0','','U870')
insert into aa_columndic_base  ([cKey],[cFld],[cQryField],[iColPos],[cCaption],[cCaptionPar],[bFixed],[bDisp],[iColWidth],[iAlign],[cOrder],[bLock],[iMergeCols],[bMustSel],[bNeedSum],[LocaleID],[IsEnum],[EnumType],[EnumTypeString],[bFilter],[bMerge],[CanModify],[ReferType],[bHideInColSet],[cSumType],[cProjectNO])
values('EP0203','cbmemo','cbmemo',137,'表体备注','','0',1,1500,1,'','0','0',0,'0','zh-CN','','','','0','0','','','0','','U870')
insert into aa_columndic_base  ([cKey],[cFld],[cQryField],[iColPos],[cCaption],[cCaptionPar],[bFixed],[bDisp],[iColWidth],[iAlign],[cOrder],[bLock],[iMergeCols],[bMustSel],[bNeedSum],[LocaleID],[IsEnum],[EnumType],[EnumTypeString],[bFilter],[bMerge],[CanModify],[ReferType],[bHideInColSet],[cSumType],[cProjectNO])
values('EP0203','coutsourced','coutsourced',138,'外协外购','','0',1,1500,1,'','0','0',0,'0','zh-CN','','','','0','0','','','0','','U870')
insert into aa_columndic_base  ([cKey],[cFld],[cQryField],[iColPos],[cCaption],[cCaptionPar],[bFixed],[bDisp],[iColWidth],[iAlign],[cOrder],[bLock],[iMergeCols],[bMustSel],[bNeedSum],[LocaleID],[IsEnum],[EnumType],[EnumTypeString],[bFilter],[bMerge],[CanModify],[ReferType],[bHideInColSet],[cSumType],[cProjectNO])
values('EP0203','cbcloser','cbcloser',139,'关闭人','','0',1,1500,1,'','0','0',0,'0','zh-CN','','','','0','0','','','0','','U870')
insert into aa_columndic_base  ([cKey],[cFld],[cQryField],[iColPos],[cCaption],[cCaptionPar],[bFixed],[bDisp],[iColWidth],[iAlign],[cOrder],[bLock],[iMergeCols],[bMustSel],[bNeedSum],[LocaleID],[IsEnum],[EnumType],[EnumTypeString],[bFilter],[bMerge],[CanModify],[ReferType],[bHideInColSet],[cSumType],[cProjectNO])
values('EP0203','cbclosedate','cbclosedate',140,'关闭日期','','0',1,1500,1,'','0','0',0,'0','zh-CN','','','','0','0','','','0','','U870')
insert into aa_columndic_base  ([cKey],[cFld],[cQryField],[iColPos],[cCaption],[cCaptionPar],[bFixed],[bDisp],[iColWidth],[iAlign],[cOrder],[bLock],[iMergeCols],[bMustSel],[bNeedSum],[LocaleID],[IsEnum],[EnumType],[EnumTypeString],[bFilter],[bMerge],[CanModify],[ReferType],[bHideInColSet],[cSumType],[cProjectNO])
values('EP0203','iunitqtyold','iunitqtyold',141,'原单台用量','','0',1,1500,7,'','0','0',0,'1','zh-CN','','','','0','0','','','0','','U870')
insert into aa_columndic_base  ([cKey],[cFld],[cQryField],[iColPos],[cCaption],[cCaptionPar],[bFixed],[bDisp],[iColWidth],[iAlign],[cOrder],[bLock],[iMergeCols],[bMustSel],[bNeedSum],[LocaleID],[IsEnum],[EnumType],[EnumTypeString],[bFilter],[bMerge],[CanModify],[ReferType],[bHideInColSet],[cSumType],[cProjectNO])
values('EP0203','iqtyold','iqtyold',142,'原总数（重）量','','0',1,1500,7,'','0','0',0,'1','zh-CN','','','','0','0','','','0','','U870')
insert into aa_columndic_base  ([cKey],[cFld],[cQryField],[iColPos],[cCaption],[cCaptionPar],[bFixed],[bDisp],[iColWidth],[iAlign],[cOrder],[bLock],[iMergeCols],[bMustSel],[bNeedSum],[LocaleID],[IsEnum],[EnumType],[EnumTypeString],[bFilter],[bMerge],[CanModify],[ReferType],[bHideInColSet],[cSumType],[cProjectNO])
values('EP0203','cpart','cpart',143,'产品部件','','0',1,1500,1,'','0','0',0,'0','zh-CN','','','','0','0','','','0','','U870')
insert into aa_columndic_base  ([cKey],[cFld],[cQryField],[iColPos],[cCaption],[cCaptionPar],[bFixed],[bDisp],[iColWidth],[iAlign],[cOrder],[bLock],[iMergeCols],[bMustSel],[bNeedSum],[LocaleID],[IsEnum],[EnumType],[EnumTypeString],[bFilter],[bMerge],[CanModify],[ReferType],[bHideInColSet],[cSumType],[cProjectNO])
values('EP0203','cpmrpautoid','cpmrpautoid',144,'计划单子表主键','','0',1,1500,4,'','0','0',0,'0','zh-CN','','','','0','0','','','0','','U870')
insert into aa_columndic_base  ([cKey],[cFld],[cQryField],[iColPos],[cCaption],[cCaptionPar],[bFixed],[bDisp],[iColWidth],[iAlign],[cOrder],[bLock],[iMergeCols],[bMustSel],[bNeedSum],[LocaleID],[IsEnum],[EnumType],[EnumTypeString],[bFilter],[bMerge],[CanModify],[ReferType],[bHideInColSet],[cSumType],[cProjectNO])
values('EP0203','cpmrpid','cpmrpid',145,'计划单主键','','0',1,1500,4,'','0','0',0,'0','zh-CN','','','','0','0','','','0','','U870')
insert into aa_columndic_base  ([cKey],[cFld],[cQryField],[iColPos],[cCaption],[cCaptionPar],[bFixed],[bDisp],[iColWidth],[iAlign],[cOrder],[bLock],[iMergeCols],[bMustSel],[bNeedSum],[LocaleID],[IsEnum],[EnumType],[EnumTypeString],[bFilter],[bMerge],[CanModify],[ReferType],[bHideInColSet],[cSumType],[cProjectNO])
values('EP0203','autoid','autoid',146,'autoid','','0',0,1500,4,'','0','0',1,'0','zh-CN','','','','0','0','','','0','','U870')

--

GO
-- select * from AA_Forms_base Where cFormCode =N'EP0203'
-- select * from AA_Forms_lang Where cFormCode =N'EP0203'
-- select * from AA_FormButtons_base Where cFormCode =N'EP0203'
-- select * from AA_FormButtons_lang Where cFormCode =N'EP0203'
-- select * from AA_FormButtonMenus_base Where cFormCode =N'EP0203'
-- select * from AA_FormButtonMenus_lang Where cFormCode =N'EP0203'
-- select * from AA_FormButtonAuths Where cFormCode =N'EP0203' 
Delete from AA_Forms_base Where cFormCode =N'EP0203'
GO
Delete from AA_Forms_lang Where cFormCode =N'EP0203'
GO
Delete from AA_FormButtons_base Where cFormCode =N'EP0203'
GO
Delete from AA_FormButtons_lang Where cFormCode =N'EP0203'
GO
Delete from AA_FormButtonMenus_base Where cFormCode =N'EP0203'
GO
Delete from AA_FormButtonMenus_lang Where cFormCode =N'EP0203'
GO
Delete from AA_FormButtonAuths Where cFormCode =N'EP0203' 
GO

GO
insert into AA_Forms_base ([cFormCode],[cSubID],[iFormType],[cMemo],[cProjectNO],[bSmallbutton])
values('EP0203','EF',0,'项目需求计划变更单','U870',0)

GO
insert into AA_Forms_lang ([cFormCode],[localeid],[cFormCaption],[cFormDesc],[cSubID],[cProjectNO])
values('EP0203','en-US','项目需求计划变更单','','EF','U870')
insert into AA_Forms_lang ([cFormCode],[localeid],[cFormCaption],[cFormDesc],[cSubID],[cProjectNO])
values('EP0203','zh-CN','项目需求计划变更单','','EF','U870')
insert into AA_Forms_lang ([cFormCode],[localeid],[cFormCaption],[cFormDesc],[cSubID],[cProjectNO])
values('EP0203','zh-TW','项目需求计划变更单','','EF','U870')

GO
insert into AA_FormButtons_base ([cFormCode],[cButtonKey],[cGroup],[cPic],[cToolBarType],[iToolBarStyle],[iOrder],[iheightRow],[cHotKey],[cAuthid],[iVoucherCtlIndex],[ctoolbarPosIndex],[cResID],[cTipResID],[cSubID],[cProjectNO],[cForegroundColor],[cBackgroundColor],[cSetGroup],[iSetGroupRow],[ProcessObjectName],[FunctionKey])
values('EP0203','add','EP0203_P_20','Add','PortalToolbar',5,40,3,'F5','',0,'P','','','EF','U870','','','EP0203_P_20_20',1,'','')
insert into AA_FormButtons_base ([cFormCode],[cButtonKey],[cGroup],[cPic],[cToolBarType],[iToolBarStyle],[iOrder],[iheightRow],[cHotKey],[cAuthid],[iVoucherCtlIndex],[ctoolbarPosIndex],[cResID],[cTipResID],[cSubID],[cProjectNO],[cForegroundColor],[cBackgroundColor],[cSetGroup],[iSetGroupRow],[ProcessObjectName],[FunctionKey])
values('EP0203','batchmodify','EP0203_B_10','batchmodify','PortalToolbar',0,50,1,'','',0,'B','','','EF','U870',Null,Null,'EP0203_B_10_0',1,Null,Null)
insert into AA_FormButtons_base ([cFormCode],[cButtonKey],[cGroup],[cPic],[cToolBarType],[iToolBarStyle],[iOrder],[iheightRow],[cHotKey],[cAuthid],[iVoucherCtlIndex],[ctoolbarPosIndex],[cResID],[cTipResID],[cSubID],[cProjectNO],[cForegroundColor],[cBackgroundColor],[cSetGroup],[iSetGroupRow],[ProcessObjectName],[FunctionKey])
values('EP0203','cancel','EP0203_P_20','Cancel','PortalToolbar',0,100,1,'Ctrl+Z','',0,'P','','','EF','U870','','','EP0203_P_20_50',2,'','')
insert into AA_FormButtons_base ([cFormCode],[cButtonKey],[cGroup],[cPic],[cToolBarType],[iToolBarStyle],[iOrder],[iheightRow],[cHotKey],[cAuthid],[iVoucherCtlIndex],[ctoolbarPosIndex],[cResID],[cTipResID],[cSubID],[cProjectNO],[cForegroundColor],[cBackgroundColor],[cSetGroup],[iSetGroupRow],[ProcessObjectName],[FunctionKey])
values('EP0203','closeline','EP0203_B_10','close','PortalToolbar',0,60,1,'','',0,'B','','','EF','U870',Null,Null,'EP0203_B_10_0',1,Null,Null)
insert into AA_FormButtons_base ([cFormCode],[cButtonKey],[cGroup],[cPic],[cToolBarType],[iToolBarStyle],[iOrder],[iheightRow],[cHotKey],[cAuthid],[iVoucherCtlIndex],[ctoolbarPosIndex],[cResID],[cTipResID],[cSubID],[cProjectNO],[cForegroundColor],[cBackgroundColor],[cSetGroup],[iSetGroupRow],[ProcessObjectName],[FunctionKey])
values('EP0203','closeorder','EP0203_P_40','close','PortalToolbar',0,180,1,'','',0,'P','','','EF','U870','black','','EP0203_P_40_10',2,'','')
insert into AA_FormButtons_base ([cFormCode],[cButtonKey],[cGroup],[cPic],[cToolBarType],[iToolBarStyle],[iOrder],[iheightRow],[cHotKey],[cAuthid],[iVoucherCtlIndex],[ctoolbarPosIndex],[cResID],[cTipResID],[cSubID],[cProjectNO],[cForegroundColor],[cBackgroundColor],[cSetGroup],[iSetGroupRow],[ProcessObjectName],[FunctionKey])
values('EP0203','copy','EP0203_P_20','Copy','PortalToolbar',0,50,1,'Ctrl+F5','',0,'P','','','EF','U870','black','','EP0203_P_20_30',2,'','')
insert into AA_FormButtons_base ([cFormCode],[cButtonKey],[cGroup],[cPic],[cToolBarType],[iToolBarStyle],[iOrder],[iheightRow],[cHotKey],[cAuthid],[iVoucherCtlIndex],[ctoolbarPosIndex],[cResID],[cTipResID],[cSubID],[cProjectNO],[cForegroundColor],[cBackgroundColor],[cSetGroup],[iSetGroupRow],[ProcessObjectName],[FunctionKey])
values('EP0203','copyline','EP0203_B_10','copy a line','PortalToolbar',0,20,1,'','',0,'B','','','EF','U870',Null,Null,'EP0203_B_10_0',1,Null,Null)
insert into AA_FormButtons_base ([cFormCode],[cButtonKey],[cGroup],[cPic],[cToolBarType],[iToolBarStyle],[iOrder],[iheightRow],[cHotKey],[cAuthid],[iVoucherCtlIndex],[ctoolbarPosIndex],[cResID],[cTipResID],[cSubID],[cProjectNO],[cForegroundColor],[cBackgroundColor],[cSetGroup],[iSetGroupRow],[ProcessObjectName],[FunctionKey])
values('EP0203','delete','EP0203_P_20','Delete','PortalToolbar',0,80,1,'Del','',0,'P','','','EF','U870','','','EP0203_P_20_40',2,'','')
insert into AA_FormButtons_base ([cFormCode],[cButtonKey],[cGroup],[cPic],[cToolBarType],[iToolBarStyle],[iOrder],[iheightRow],[cHotKey],[cAuthid],[iVoucherCtlIndex],[ctoolbarPosIndex],[cResID],[cTipResID],[cSubID],[cProjectNO],[cForegroundColor],[cBackgroundColor],[cSetGroup],[iSetGroupRow],[ProcessObjectName],[FunctionKey])
values('EP0203','delline','EP0203_B_10','Delete a row','PortalToolbar',0,40,1,'Ctrl+D','',0,'B','','','EF','U870',Null,Null,'EP0203_B_10_0',1,Null,Null)
insert into AA_FormButtons_base ([cFormCode],[cButtonKey],[cGroup],[cPic],[cToolBarType],[iToolBarStyle],[iOrder],[iheightRow],[cHotKey],[cAuthid],[iVoucherCtlIndex],[ctoolbarPosIndex],[cResID],[cTipResID],[cSubID],[cProjectNO],[cForegroundColor],[cBackgroundColor],[cSetGroup],[iSetGroupRow],[ProcessObjectName],[FunctionKey])
values('EP0203','Discussion','EP0203_P_50','Discuss','PortalToolbar',0,210,1,'','',0,'P','','','EF','U870','','','EP0203_P_50_10',3,'VchPubButtons.clsMain','Discuss')
insert into AA_FormButtons_base ([cFormCode],[cButtonKey],[cGroup],[cPic],[cToolBarType],[iToolBarStyle],[iOrder],[iheightRow],[cHotKey],[cAuthid],[iVoucherCtlIndex],[ctoolbarPosIndex],[cResID],[cTipResID],[cSubID],[cProjectNO],[cForegroundColor],[cBackgroundColor],[cSetGroup],[iSetGroupRow],[ProcessObjectName],[FunctionKey])
values('EP0203','displayFormat','EP0203_B_10','displayFormat','PortalToolbar',5,100,1,'','',0,'B','','','EF','U870',Null,Null,'EP0203_B_10_0',1,'VchPubButtons.clsMain','ShowFormat')
insert into AA_FormButtons_base ([cFormCode],[cButtonKey],[cGroup],[cPic],[cToolBarType],[iToolBarStyle],[iOrder],[iheightRow],[cHotKey],[cAuthid],[iVoucherCtlIndex],[ctoolbarPosIndex],[cResID],[cTipResID],[cSubID],[cProjectNO],[cForegroundColor],[cBackgroundColor],[cSetGroup],[iSetGroupRow],[ProcessObjectName],[FunctionKey])
values('EP0203','draft','EP0203_P_20','Draft','PortalToolbar',128,60,1,'','',0,'P','','','EF','U870','','','EP0203_P_20_30',2,'VchPubButtons.clsMain','Draft')
insert into AA_FormButtons_base ([cFormCode],[cButtonKey],[cGroup],[cPic],[cToolBarType],[iToolBarStyle],[iOrder],[iheightRow],[cHotKey],[cAuthid],[iVoucherCtlIndex],[ctoolbarPosIndex],[cResID],[cTipResID],[cSubID],[cProjectNO],[cForegroundColor],[cBackgroundColor],[cSetGroup],[iSetGroupRow],[ProcessObjectName],[FunctionKey])
values('EP0203','formatsetup','EP0203_P_60','format','PortalToolbar',0,240,1,'','',0,'P','','','EF','U870','black','','EP0203_P_60_20',3,'','')
insert into AA_FormButtons_base ([cFormCode],[cButtonKey],[cGroup],[cPic],[cToolBarType],[iToolBarStyle],[iOrder],[iheightRow],[cHotKey],[cAuthid],[iVoucherCtlIndex],[ctoolbarPosIndex],[cResID],[cTipResID],[cSubID],[cProjectNO],[cForegroundColor],[cBackgroundColor],[cSetGroup],[iSetGroupRow],[ProcessObjectName],[FunctionKey])
values('EP0203','import','EP0203_P_60','import','PortalToolbar',0,230,3,'','',0,'P','','','EF','U870','black','','EP0203_P_60_10',1,'','')
insert into AA_FormButtons_base ([cFormCode],[cButtonKey],[cGroup],[cPic],[cToolBarType],[iToolBarStyle],[iOrder],[iheightRow],[cHotKey],[cAuthid],[iVoucherCtlIndex],[ctoolbarPosIndex],[cResID],[cTipResID],[cSubID],[cProjectNO],[cForegroundColor],[cBackgroundColor],[cSetGroup],[iSetGroupRow],[ProcessObjectName],[FunctionKey])
values('EP0203','insertline','EP0203_B_10','insert row','PortalToolbar',0,10,1,'Ctrl+I','',0,'B','','','EF','U870',Null,Null,'EP0203_B_10_0',1,Null,Null)
insert into AA_FormButtons_base ([cFormCode],[cButtonKey],[cGroup],[cPic],[cToolBarType],[iToolBarStyle],[iOrder],[iheightRow],[cHotKey],[cAuthid],[iVoucherCtlIndex],[ctoolbarPosIndex],[cResID],[cTipResID],[cSubID],[cProjectNO],[cForegroundColor],[cBackgroundColor],[cSetGroup],[iSetGroupRow],[ProcessObjectName],[FunctionKey])
values('EP0203','locate','PF_Voucher_T_1','Advanced','PortalToolbar',0,80,3,'Ctrl+F3','',0,'T','','','EF','U870',Null,Null,'PF_Voucher_T_1_8',1,Null,Null)
insert into AA_FormButtons_base ([cFormCode],[cButtonKey],[cGroup],[cPic],[cToolBarType],[iToolBarStyle],[iOrder],[iheightRow],[cHotKey],[cAuthid],[iVoucherCtlIndex],[ctoolbarPosIndex],[cResID],[cTipResID],[cSubID],[cProjectNO],[cForegroundColor],[cBackgroundColor],[cSetGroup],[iSetGroupRow],[ProcessObjectName],[FunctionKey])
values('EP0203','mirowsplitter','EP0203_B_10','Split Row','PortalToolbar',0,30,1,'','',0,'B','','','EF','U870','black','','EP0203_B_10_0',1,Null,Null)
insert into AA_FormButtons_base ([cFormCode],[cButtonKey],[cGroup],[cPic],[cToolBarType],[iToolBarStyle],[iOrder],[iheightRow],[cHotKey],[cAuthid],[iVoucherCtlIndex],[ctoolbarPosIndex],[cResID],[cTipResID],[cSubID],[cProjectNO],[cForegroundColor],[cBackgroundColor],[cSetGroup],[iSetGroupRow],[ProcessObjectName],[FunctionKey])
values('EP0203','modify','EP0203_P_20','Modify','PortalToolbar',0,70,1,'F8','',0,'P','','','EF','U870','','','EP0203_P_20_40',2,'','')
insert into AA_FormButtons_base ([cFormCode],[cButtonKey],[cGroup],[cPic],[cToolBarType],[iToolBarStyle],[iOrder],[iheightRow],[cHotKey],[cAuthid],[iVoucherCtlIndex],[ctoolbarPosIndex],[cResID],[cTipResID],[cSubID],[cProjectNO],[cForegroundColor],[cBackgroundColor],[cSetGroup],[iSetGroupRow],[ProcessObjectName],[FunctionKey])
values('EP0203','Notes','EP0203_P_50','Notes','PortalToolbar',0,200,1,'','',0,'P','','','EF','U870','black','','EP0203_P_50_10',3,'VchPubButtons.clsMain','Notes')
insert into AA_FormButtons_base ([cFormCode],[cButtonKey],[cGroup],[cPic],[cToolBarType],[iToolBarStyle],[iOrder],[iheightRow],[cHotKey],[cAuthid],[iVoucherCtlIndex],[ctoolbarPosIndex],[cResID],[cTipResID],[cSubID],[cProjectNO],[cForegroundColor],[cBackgroundColor],[cSetGroup],[iSetGroupRow],[ProcessObjectName],[FunctionKey])
values('EP0203','Notify','EP0203_P_50','Notify','PortalToolbar',0,220,1,'','',0,'P','','','EF','U870','','','EP0203_P_50_10',3,'VchPubButtons.clsMain','Notify')
insert into AA_FormButtons_base ([cFormCode],[cButtonKey],[cGroup],[cPic],[cToolBarType],[iToolBarStyle],[iOrder],[iheightRow],[cHotKey],[cAuthid],[iVoucherCtlIndex],[ctoolbarPosIndex],[cResID],[cTipResID],[cSubID],[cProjectNO],[cForegroundColor],[cBackgroundColor],[cSetGroup],[iSetGroupRow],[ProcessObjectName],[FunctionKey])
values('EP0203','openline','EP0203_B_10','open','PortalToolbar',0,70,1,'','',0,'B','','','EF','U870',Null,Null,'EP0203_B_10_0',1,Null,Null)
insert into AA_FormButtons_base ([cFormCode],[cButtonKey],[cGroup],[cPic],[cToolBarType],[iToolBarStyle],[iOrder],[iheightRow],[cHotKey],[cAuthid],[iVoucherCtlIndex],[ctoolbarPosIndex],[cResID],[cTipResID],[cSubID],[cProjectNO],[cForegroundColor],[cBackgroundColor],[cSetGroup],[iSetGroupRow],[ProcessObjectName],[FunctionKey])
values('EP0203','openorder','EP0203_P_40','open','PortalToolbar',0,190,1,'','',0,'P','','','EF','U870','black','','EP0203_P_40_10',2,'','')
insert into AA_FormButtons_base ([cFormCode],[cButtonKey],[cGroup],[cPic],[cToolBarType],[iToolBarStyle],[iOrder],[iheightRow],[cHotKey],[cAuthid],[iVoucherCtlIndex],[ctoolbarPosIndex],[cResID],[cTipResID],[cSubID],[cProjectNO],[cForegroundColor],[cBackgroundColor],[cSetGroup],[iSetGroupRow],[ProcessObjectName],[FunctionKey])
values('EP0203','output','EP0203_P_10','Output','PortalToolbar',0,20,1,'ALT+E','',0,'P','','','EF','U870','','','EP0203_P_10_10',2,'','')
insert into AA_FormButtons_base ([cFormCode],[cButtonKey],[cGroup],[cPic],[cToolBarType],[iToolBarStyle],[iOrder],[iheightRow],[cHotKey],[cAuthid],[iVoucherCtlIndex],[ctoolbarPosIndex],[cResID],[cTipResID],[cSubID],[cProjectNO],[cForegroundColor],[cBackgroundColor],[cSetGroup],[iSetGroupRow],[ProcessObjectName],[FunctionKey])
values('EP0203','print','EP0203_P_10','Print','PortalToolbar',5,10,1,'Ctrl+P','',0,'P','','','EF','U870','','','EP0203_P_10_10',2,'','')
insert into AA_FormButtons_base ([cFormCode],[cButtonKey],[cGroup],[cPic],[cToolBarType],[iToolBarStyle],[iOrder],[iheightRow],[cHotKey],[cAuthid],[iVoucherCtlIndex],[ctoolbarPosIndex],[cResID],[cTipResID],[cSubID],[cProjectNO],[cForegroundColor],[cBackgroundColor],[cSetGroup],[iSetGroupRow],[ProcessObjectName],[FunctionKey])
values('EP0203','PrintTemplate','EP0203_P_60','PrintTemplate','PortalToolbar',55,270,1,'','',0,'P','','','EF','U870','','','EP0203_P_60_30',1,'','')
insert into AA_FormButtons_base ([cFormCode],[cButtonKey],[cGroup],[cPic],[cToolBarType],[iToolBarStyle],[iOrder],[iheightRow],[cHotKey],[cAuthid],[iVoucherCtlIndex],[ctoolbarPosIndex],[cResID],[cTipResID],[cSubID],[cProjectNO],[cForegroundColor],[cBackgroundColor],[cSetGroup],[iSetGroupRow],[ProcessObjectName],[FunctionKey])
values('EP0203','refervouch','EP0203_P_20','Add','PortalToolbar',0,30,3,'Ctrl+G','',0,'P','','','EF','U870','','','EP0203_P_20_10',1,'','')
insert into AA_FormButtons_base ([cFormCode],[cButtonKey],[cGroup],[cPic],[cToolBarType],[iToolBarStyle],[iOrder],[iheightRow],[cHotKey],[cAuthid],[iVoucherCtlIndex],[ctoolbarPosIndex],[cResID],[cTipResID],[cSubID],[cProjectNO],[cForegroundColor],[cBackgroundColor],[cSetGroup],[iSetGroupRow],[ProcessObjectName],[FunctionKey])
values('EP0203','refresh','PF_Voucher_T_1','Refresh','PortalToolbar',0,30,3,'Ctrl+R','',0,'T','','','EF','U870',Null,Null,'PF_Voucher_T_1_3',1,Null,Null)
insert into AA_FormButtons_base ([cFormCode],[cButtonKey],[cGroup],[cPic],[cToolBarType],[iToolBarStyle],[iOrder],[iheightRow],[cHotKey],[cAuthid],[iVoucherCtlIndex],[ctoolbarPosIndex],[cResID],[cTipResID],[cSubID],[cProjectNO],[cForegroundColor],[cBackgroundColor],[cSetGroup],[iSetGroupRow],[ProcessObjectName],[FunctionKey])
values('EP0203','save','EP0203_P_20','Save','PortalToolbar',5,110,3,'','',0,'P','','','EF','U870','','','EP0203_P_20_60',1,'','')
insert into AA_FormButtons_base ([cFormCode],[cButtonKey],[cGroup],[cPic],[cToolBarType],[iToolBarStyle],[iOrder],[iheightRow],[cHotKey],[cAuthid],[iVoucherCtlIndex],[ctoolbarPosIndex],[cResID],[cTipResID],[cSubID],[cProjectNO],[cForegroundColor],[cBackgroundColor],[cSetGroup],[iSetGroupRow],[ProcessObjectName],[FunctionKey])
values('EP0203','savelayout','EP0203_P_60','SaveFormat','PortalToolbar',0,250,1,'','',0,'P','','','EF','U870','','','EP0203_P_60_20',3,'','')
insert into AA_FormButtons_base ([cFormCode],[cButtonKey],[cGroup],[cPic],[cToolBarType],[iToolBarStyle],[iOrder],[iheightRow],[cHotKey],[cAuthid],[iVoucherCtlIndex],[ctoolbarPosIndex],[cResID],[cTipResID],[cSubID],[cProjectNO],[cForegroundColor],[cBackgroundColor],[cSetGroup],[iSetGroupRow],[ProcessObjectName],[FunctionKey])
values('EP0203','SortLocate','EP0203_B_10','sorting','PortalToolbar',5,90,1,'','',0,'B','','','EF','U870',Null,Null,'EP0203_B_10_0',1,'VchPubButtons.clsMain','Sort')
insert into AA_FormButtons_base ([cFormCode],[cButtonKey],[cGroup],[cPic],[cToolBarType],[iToolBarStyle],[iOrder],[iheightRow],[cHotKey],[cAuthid],[iVoucherCtlIndex],[ctoolbarPosIndex],[cResID],[cTipResID],[cSubID],[cProjectNO],[cForegroundColor],[cBackgroundColor],[cSetGroup],[iSetGroupRow],[ProcessObjectName],[FunctionKey])
values('EP0203','tableline1','EP0203_B_10','','PortalToolbar',3,80,1,'','',0,'B','','','EF','U870','','','EP0203_B_10_0',1,Null,Null)
insert into AA_FormButtons_base ([cFormCode],[cButtonKey],[cGroup],[cPic],[cToolBarType],[iToolBarStyle],[iOrder],[iheightRow],[cHotKey],[cAuthid],[iVoucherCtlIndex],[ctoolbarPosIndex],[cResID],[cTipResID],[cSubID],[cProjectNO],[cForegroundColor],[cBackgroundColor],[cSetGroup],[iSetGroupRow],[ProcessObjectName],[FunctionKey])
values('EP0203','tofirst','PF_Voucher_T_1','first page','PortalToolbar',0,40,3,'ALT+PageUP','',0,'T','','','EF','U870',Null,Null,'PF_Voucher_T_1_4',1,Null,Null)
insert into AA_FormButtons_base ([cFormCode],[cButtonKey],[cGroup],[cPic],[cToolBarType],[iToolBarStyle],[iOrder],[iheightRow],[cHotKey],[cAuthid],[iVoucherCtlIndex],[ctoolbarPosIndex],[cResID],[cTipResID],[cSubID],[cProjectNO],[cForegroundColor],[cBackgroundColor],[cSetGroup],[iSetGroupRow],[ProcessObjectName],[FunctionKey])
values('EP0203','tolast','PF_Voucher_T_1','Last page','PortalToolbar',0,70,3,'ALT+PageDown','',0,'T','','','EF','U870',Null,Null,'PF_Voucher_T_1_7',1,Null,Null)
insert into AA_FormButtons_base ([cFormCode],[cButtonKey],[cGroup],[cPic],[cToolBarType],[iToolBarStyle],[iOrder],[iheightRow],[cHotKey],[cAuthid],[iVoucherCtlIndex],[ctoolbarPosIndex],[cResID],[cTipResID],[cSubID],[cProjectNO],[cForegroundColor],[cBackgroundColor],[cSetGroup],[iSetGroupRow],[ProcessObjectName],[FunctionKey])
values('EP0203','tonext','PF_Voucher_T_1','Next page','PortalToolbar',0,60,1,'PageDown','',0,'T','','','EF','U870',Null,Null,'PF_Voucher_T_1_6',3,Null,Null)
insert into AA_FormButtons_base ([cFormCode],[cButtonKey],[cGroup],[cPic],[cToolBarType],[iToolBarStyle],[iOrder],[iheightRow],[cHotKey],[cAuthid],[iVoucherCtlIndex],[ctoolbarPosIndex],[cResID],[cTipResID],[cSubID],[cProjectNO],[cForegroundColor],[cBackgroundColor],[cSetGroup],[iSetGroupRow],[ProcessObjectName],[FunctionKey])
values('EP0203','toprevious','PF_Voucher_T_1','Previous Page','PortalToolbar',0,50,1,'PageUP','',0,'T','','','EF','U870',Null,Null,'PF_Voucher_T_1_5',3,Null,Null)
insert into AA_FormButtons_base ([cFormCode],[cButtonKey],[cGroup],[cPic],[cToolBarType],[iToolBarStyle],[iOrder],[iheightRow],[cHotKey],[cAuthid],[iVoucherCtlIndex],[ctoolbarPosIndex],[cResID],[cTipResID],[cSubID],[cProjectNO],[cForegroundColor],[cBackgroundColor],[cSetGroup],[iSetGroupRow],[ProcessObjectName],[FunctionKey])
values('EP0203','unverify','EP0203_P_30','Unapprove','PortalToolbar',0,170,1,'','',0,'P','','','EF','U870','','','EP0203_P_30_30',2,'','')
insert into AA_FormButtons_base ([cFormCode],[cButtonKey],[cGroup],[cPic],[cToolBarType],[iToolBarStyle],[iOrder],[iheightRow],[cHotKey],[cAuthid],[iVoucherCtlIndex],[ctoolbarPosIndex],[cResID],[cTipResID],[cSubID],[cProjectNO],[cForegroundColor],[cBackgroundColor],[cSetGroup],[iSetGroupRow],[ProcessObjectName],[FunctionKey])
values('EP0203','verify','EP0203_P_30','Approve','PortalToolbar',0,150,3,'','',0,'P','','','EF','U870','','','EP0203_P_30_20',1,'','')

GO
insert into AA_FormButtons_lang ([cFormCode],[localeid],[cButtonKey],[cCaption],[cToolTip],[cSubID],[cProjectNO])
values('EP0203','en-US','add','Add','Add','EF','U870')
insert into AA_FormButtons_lang ([cFormCode],[localeid],[cButtonKey],[cCaption],[cToolTip],[cSubID],[cProjectNO])
values('EP0203','en-US','batchmodify','batchmodify','batchmodify','EF','U870')
insert into AA_FormButtons_lang ([cFormCode],[localeid],[cButtonKey],[cCaption],[cToolTip],[cSubID],[cProjectNO])
values('EP0203','en-US','cancel','Abolish','Abolish','EF','U870')
insert into AA_FormButtons_lang ([cFormCode],[localeid],[cButtonKey],[cCaption],[cToolTip],[cSubID],[cProjectNO])
values('EP0203','en-US','closeline','Modify','Modify','EF','U870')
insert into AA_FormButtons_lang ([cFormCode],[localeid],[cButtonKey],[cCaption],[cToolTip],[cSubID],[cProjectNO])
values('EP0203','en-US','closeorder','关闭','关闭','EF','U870')
insert into AA_FormButtons_lang ([cFormCode],[localeid],[cButtonKey],[cCaption],[cToolTip],[cSubID],[cProjectNO])
values('EP0203','en-US','copy','复制','复制','EF','U870')
insert into AA_FormButtons_lang ([cFormCode],[localeid],[cButtonKey],[cCaption],[cToolTip],[cSubID],[cProjectNO])
values('EP0203','en-US','copyline','copy a line','copy a line','EF','U870')
insert into AA_FormButtons_lang ([cFormCode],[localeid],[cButtonKey],[cCaption],[cToolTip],[cSubID],[cProjectNO])
values('EP0203','en-US','delete','Delete','Delete','EF','U870')
insert into AA_FormButtons_lang ([cFormCode],[localeid],[cButtonKey],[cCaption],[cToolTip],[cSubID],[cProjectNO])
values('EP0203','en-US','delline','Delete a row','Delete a row','EF','U870')
insert into AA_FormButtons_lang ([cFormCode],[localeid],[cButtonKey],[cCaption],[cToolTip],[cSubID],[cProjectNO])
values('EP0203','en-US','Discussion','Discussion','Discussion','EF','U870')
insert into AA_FormButtons_lang ([cFormCode],[localeid],[cButtonKey],[cCaption],[cToolTip],[cSubID],[cProjectNO])
values('EP0203','en-US','displayFormat','display format','display format','EF','U870')
insert into AA_FormButtons_lang ([cFormCode],[localeid],[cButtonKey],[cCaption],[cToolTip],[cSubID],[cProjectNO])
values('EP0203','en-US','draft','Draft','Draft','EF','U870')
insert into AA_FormButtons_lang ([cFormCode],[localeid],[cButtonKey],[cCaption],[cToolTip],[cSubID],[cProjectNO])
values('EP0203','en-US','formatsetup','格式设置','单据格式设置','EF','U870')
insert into AA_FormButtons_lang ([cFormCode],[localeid],[cButtonKey],[cCaption],[cToolTip],[cSubID],[cProjectNO])
values('EP0203','en-US','import','导入','导入','EF','U870')
insert into AA_FormButtons_lang ([cFormCode],[localeid],[cButtonKey],[cCaption],[cToolTip],[cSubID],[cProjectNO])
values('EP0203','en-US','insertline','Insert line','Insert line','EF','U870')
insert into AA_FormButtons_lang ([cFormCode],[localeid],[cButtonKey],[cCaption],[cToolTip],[cSubID],[cProjectNO])
values('EP0203','en-US','locate','location','location','EF','U870')
insert into AA_FormButtons_lang ([cFormCode],[localeid],[cButtonKey],[cCaption],[cToolTip],[cSubID],[cProjectNO])
values('EP0203','en-US','mirowsplitter','Row Splitter','Row Splitter','EF','U870')
insert into AA_FormButtons_lang ([cFormCode],[localeid],[cButtonKey],[cCaption],[cToolTip],[cSubID],[cProjectNO])
values('EP0203','en-US','modify','Modify','Modify','EF','U870')
insert into AA_FormButtons_lang ([cFormCode],[localeid],[cButtonKey],[cCaption],[cToolTip],[cSubID],[cProjectNO])
values('EP0203','en-US','Notes','Notes','Notes','EF','U870')
insert into AA_FormButtons_lang ([cFormCode],[localeid],[cButtonKey],[cCaption],[cToolTip],[cSubID],[cProjectNO])
values('EP0203','en-US','Notify','Notify','Notify','EF','U870')
insert into AA_FormButtons_lang ([cFormCode],[localeid],[cButtonKey],[cCaption],[cToolTip],[cSubID],[cProjectNO])
values('EP0203','en-US','openline','open line','open line','EF','U870')
insert into AA_FormButtons_lang ([cFormCode],[localeid],[cButtonKey],[cCaption],[cToolTip],[cSubID],[cProjectNO])
values('EP0203','en-US','openorder','打开','打开','EF','U870')
insert into AA_FormButtons_lang ([cFormCode],[localeid],[cButtonKey],[cCaption],[cToolTip],[cSubID],[cProjectNO])
values('EP0203','en-US','output','output','output','EF','U870')
insert into AA_FormButtons_lang ([cFormCode],[localeid],[cButtonKey],[cCaption],[cToolTip],[cSubID],[cProjectNO])
values('EP0203','en-US','print','Print','Print','EF','U870')
insert into AA_FormButtons_lang ([cFormCode],[localeid],[cButtonKey],[cCaption],[cToolTip],[cSubID],[cProjectNO])
values('EP0203','en-US','PrintTemplate','PrintTemplate','PrintTemplate','EF','U870')
insert into AA_FormButtons_lang ([cFormCode],[localeid],[cButtonKey],[cCaption],[cToolTip],[cSubID],[cProjectNO])
values('EP0203','en-US','refervouch','Refer','Refer','EF','U870')
insert into AA_FormButtons_lang ([cFormCode],[localeid],[cButtonKey],[cCaption],[cToolTip],[cSubID],[cProjectNO])
values('EP0203','en-US','refresh','Refresh','Refresh','EF','U870')
insert into AA_FormButtons_lang ([cFormCode],[localeid],[cButtonKey],[cCaption],[cToolTip],[cSubID],[cProjectNO])
values('EP0203','en-US','save','Save','Save','EF','U870')
insert into AA_FormButtons_lang ([cFormCode],[localeid],[cButtonKey],[cCaption],[cToolTip],[cSubID],[cProjectNO])
values('EP0203','en-US','savelayout','Save Layout','Save col width to Voucher Templates','EF','U870')
insert into AA_FormButtons_lang ([cFormCode],[localeid],[cButtonKey],[cCaption],[cToolTip],[cSubID],[cProjectNO])
values('EP0203','en-US','SortLocate','Sort and Locate','Sort and Locate','EF','U870')
insert into AA_FormButtons_lang ([cFormCode],[localeid],[cButtonKey],[cCaption],[cToolTip],[cSubID],[cProjectNO])
values('EP0203','en-US','tableline1','','','EF','U870')
insert into AA_FormButtons_lang ([cFormCode],[localeid],[cButtonKey],[cCaption],[cToolTip],[cSubID],[cProjectNO])
values('EP0203','en-US','tofirst','First','First','EF','U870')
insert into AA_FormButtons_lang ([cFormCode],[localeid],[cButtonKey],[cCaption],[cToolTip],[cSubID],[cProjectNO])
values('EP0203','en-US','tolast','Last','Last','EF','U870')
insert into AA_FormButtons_lang ([cFormCode],[localeid],[cButtonKey],[cCaption],[cToolTip],[cSubID],[cProjectNO])
values('EP0203','en-US','tonext','Next','Next','EF','U870')
insert into AA_FormButtons_lang ([cFormCode],[localeid],[cButtonKey],[cCaption],[cToolTip],[cSubID],[cProjectNO])
values('EP0203','en-US','toprevious','Previous','Previous','EF','U870')
insert into AA_FormButtons_lang ([cFormCode],[localeid],[cButtonKey],[cCaption],[cToolTip],[cSubID],[cProjectNO])
values('EP0203','en-US','unverify','Revert','Revert','EF','U870')
insert into AA_FormButtons_lang ([cFormCode],[localeid],[cButtonKey],[cCaption],[cToolTip],[cSubID],[cProjectNO])
values('EP0203','en-US','verify','Approve','Approve','EF','U870')
insert into AA_FormButtons_lang ([cFormCode],[localeid],[cButtonKey],[cCaption],[cToolTip],[cSubID],[cProjectNO])
values('EP0203','zh-CN','add','增加','增加','EF','U870')
insert into AA_FormButtons_lang ([cFormCode],[localeid],[cButtonKey],[cCaption],[cToolTip],[cSubID],[cProjectNO])
values('EP0203','zh-CN','batchmodify','批改','批改','EF','U870')
insert into AA_FormButtons_lang ([cFormCode],[localeid],[cButtonKey],[cCaption],[cToolTip],[cSubID],[cProjectNO])
values('EP0203','zh-CN','cancel','放弃','放弃','EF','U870')
insert into AA_FormButtons_lang ([cFormCode],[localeid],[cButtonKey],[cCaption],[cToolTip],[cSubID],[cProjectNO])
values('EP0203','zh-CN','closeline','关闭','关闭行','EF','U870')
insert into AA_FormButtons_lang ([cFormCode],[localeid],[cButtonKey],[cCaption],[cToolTip],[cSubID],[cProjectNO])
values('EP0203','zh-CN','closeorder','关闭','关闭','EF','U870')
insert into AA_FormButtons_lang ([cFormCode],[localeid],[cButtonKey],[cCaption],[cToolTip],[cSubID],[cProjectNO])
values('EP0203','zh-CN','copy','复制','复制','EF','U870')
insert into AA_FormButtons_lang ([cFormCode],[localeid],[cButtonKey],[cCaption],[cToolTip],[cSubID],[cProjectNO])
values('EP0203','zh-CN','copyline','复制行','复制行','EF','U870')
insert into AA_FormButtons_lang ([cFormCode],[localeid],[cButtonKey],[cCaption],[cToolTip],[cSubID],[cProjectNO])
values('EP0203','zh-CN','delete','删除','删除','EF','U870')
insert into AA_FormButtons_lang ([cFormCode],[localeid],[cButtonKey],[cCaption],[cToolTip],[cSubID],[cProjectNO])
values('EP0203','zh-CN','delline','删行','删行','EF','U870')
insert into AA_FormButtons_lang ([cFormCode],[localeid],[cButtonKey],[cCaption],[cToolTip],[cSubID],[cProjectNO])
values('EP0203','zh-CN','Discussion','讨论','讨论','EF','U870')
insert into AA_FormButtons_lang ([cFormCode],[localeid],[cButtonKey],[cCaption],[cToolTip],[cSubID],[cProjectNO])
values('EP0203','zh-CN','displayFormat','显示格式','显示格式','EF','U870')
insert into AA_FormButtons_lang ([cFormCode],[localeid],[cButtonKey],[cCaption],[cToolTip],[cSubID],[cProjectNO])
values('EP0203','zh-CN','draft','草稿','草稿','EF','U870')
insert into AA_FormButtons_lang ([cFormCode],[localeid],[cButtonKey],[cCaption],[cToolTip],[cSubID],[cProjectNO])
values('EP0203','zh-CN','formatsetup','格式设置','单据格式设置','EF','U870')
insert into AA_FormButtons_lang ([cFormCode],[localeid],[cButtonKey],[cCaption],[cToolTip],[cSubID],[cProjectNO])
values('EP0203','zh-CN','import','导入','导入','EF','U870')
insert into AA_FormButtons_lang ([cFormCode],[localeid],[cButtonKey],[cCaption],[cToolTip],[cSubID],[cProjectNO])
values('EP0203','zh-CN','insertline','插行','插行','EF','U870')
insert into AA_FormButtons_lang ([cFormCode],[localeid],[cButtonKey],[cCaption],[cToolTip],[cSubID],[cProjectNO])
values('EP0203','zh-CN','locate','高级','高级','EF','U870')
insert into AA_FormButtons_lang ([cFormCode],[localeid],[cButtonKey],[cCaption],[cToolTip],[cSubID],[cProjectNO])
values('EP0203','zh-CN','mirowsplitter','拆分行','拆分行','EF','U870')
insert into AA_FormButtons_lang ([cFormCode],[localeid],[cButtonKey],[cCaption],[cToolTip],[cSubID],[cProjectNO])
values('EP0203','zh-CN','modify','修改','修改','EF','U870')
insert into AA_FormButtons_lang ([cFormCode],[localeid],[cButtonKey],[cCaption],[cToolTip],[cSubID],[cProjectNO])
values('EP0203','zh-CN','Notes','批注','批注','EF','U870')
insert into AA_FormButtons_lang ([cFormCode],[localeid],[cButtonKey],[cCaption],[cToolTip],[cSubID],[cProjectNO])
values('EP0203','zh-CN','Notify','通知','通知','EF','U870')
insert into AA_FormButtons_lang ([cFormCode],[localeid],[cButtonKey],[cCaption],[cToolTip],[cSubID],[cProjectNO])
values('EP0203','zh-CN','openline','打开','打开行','EF','U870')
insert into AA_FormButtons_lang ([cFormCode],[localeid],[cButtonKey],[cCaption],[cToolTip],[cSubID],[cProjectNO])
values('EP0203','zh-CN','openorder','打开','打开','EF','U870')
insert into AA_FormButtons_lang ([cFormCode],[localeid],[cButtonKey],[cCaption],[cToolTip],[cSubID],[cProjectNO])
values('EP0203','zh-CN','output','输出','输出','EF','U870')
insert into AA_FormButtons_lang ([cFormCode],[localeid],[cButtonKey],[cCaption],[cToolTip],[cSubID],[cProjectNO])
values('EP0203','zh-CN','print','打印','打印','EF','U870')
insert into AA_FormButtons_lang ([cFormCode],[localeid],[cButtonKey],[cCaption],[cToolTip],[cSubID],[cProjectNO])
values('EP0203','zh-CN','PrintTemplate','打印模板','打印模板','EF','U870')
insert into AA_FormButtons_lang ([cFormCode],[localeid],[cButtonKey],[cCaption],[cToolTip],[cSubID],[cProjectNO])
values('EP0203','zh-CN','refervouch','参照','参照','EF','U870')
insert into AA_FormButtons_lang ([cFormCode],[localeid],[cButtonKey],[cCaption],[cToolTip],[cSubID],[cProjectNO])
values('EP0203','zh-CN','refresh','刷新','刷新','EF','U870')
insert into AA_FormButtons_lang ([cFormCode],[localeid],[cButtonKey],[cCaption],[cToolTip],[cSubID],[cProjectNO])
values('EP0203','zh-CN','save','保存','保存','EF','U870')
insert into AA_FormButtons_lang ([cFormCode],[localeid],[cButtonKey],[cCaption],[cToolTip],[cSubID],[cProjectNO])
values('EP0203','zh-CN','savelayout','保存格式','保存单据列宽到单据模板','EF','U870')
insert into AA_FormButtons_lang ([cFormCode],[localeid],[cButtonKey],[cCaption],[cToolTip],[cSubID],[cProjectNO])
values('EP0203','zh-CN','SortLocate','排序定位','排序定位','EF','U870')
insert into AA_FormButtons_lang ([cFormCode],[localeid],[cButtonKey],[cCaption],[cToolTip],[cSubID],[cProjectNO])
values('EP0203','zh-CN','tableline1','','','EF','U870')
insert into AA_FormButtons_lang ([cFormCode],[localeid],[cButtonKey],[cCaption],[cToolTip],[cSubID],[cProjectNO])
values('EP0203','zh-CN','tofirst','首张','首张','EF','U870')
insert into AA_FormButtons_lang ([cFormCode],[localeid],[cButtonKey],[cCaption],[cToolTip],[cSubID],[cProjectNO])
values('EP0203','zh-CN','tolast','末张','末张','EF','U870')
insert into AA_FormButtons_lang ([cFormCode],[localeid],[cButtonKey],[cCaption],[cToolTip],[cSubID],[cProjectNO])
values('EP0203','zh-CN','tonext','下张','下张','EF','U870')
insert into AA_FormButtons_lang ([cFormCode],[localeid],[cButtonKey],[cCaption],[cToolTip],[cSubID],[cProjectNO])
values('EP0203','zh-CN','toprevious','上张','上张','EF','U870')
insert into AA_FormButtons_lang ([cFormCode],[localeid],[cButtonKey],[cCaption],[cToolTip],[cSubID],[cProjectNO])
values('EP0203','zh-CN','unverify','弃审','弃审','EF','U870')
insert into AA_FormButtons_lang ([cFormCode],[localeid],[cButtonKey],[cCaption],[cToolTip],[cSubID],[cProjectNO])
values('EP0203','zh-CN','verify','审核','审核','EF','U870')
insert into AA_FormButtons_lang ([cFormCode],[localeid],[cButtonKey],[cCaption],[cToolTip],[cSubID],[cProjectNO])
values('EP0203','zh-TW','add','增加','增加','EF','U870')
insert into AA_FormButtons_lang ([cFormCode],[localeid],[cButtonKey],[cCaption],[cToolTip],[cSubID],[cProjectNO])
values('EP0203','zh-TW','batchmodify','批改','批改','EF','U870')
insert into AA_FormButtons_lang ([cFormCode],[localeid],[cButtonKey],[cCaption],[cToolTip],[cSubID],[cProjectNO])
values('EP0203','zh-TW','cancel','放','放','EF','U870')
insert into AA_FormButtons_lang ([cFormCode],[localeid],[cButtonKey],[cCaption],[cToolTip],[cSubID],[cProjectNO])
values('EP0203','zh-TW','closeline','P]','P]行','EF','U870')
insert into AA_FormButtons_lang ([cFormCode],[localeid],[cButtonKey],[cCaption],[cToolTip],[cSubID],[cProjectNO])
values('EP0203','zh-TW','closeorder','关闭','关闭','EF','U870')
insert into AA_FormButtons_lang ([cFormCode],[localeid],[cButtonKey],[cCaption],[cToolTip],[cSubID],[cProjectNO])
values('EP0203','zh-TW','copy','复制','复制','EF','U870')
insert into AA_FormButtons_lang ([cFormCode],[localeid],[cButtonKey],[cCaption],[cToolTip],[cSubID],[cProjectNO])
values('EP0203','zh-TW','copyline','复制行','复制行','EF','U870')
insert into AA_FormButtons_lang ([cFormCode],[localeid],[cButtonKey],[cCaption],[cToolTip],[cSubID],[cProjectNO])
values('EP0203','zh-TW','delete','h除','h除','EF','U870')
insert into AA_FormButtons_lang ([cFormCode],[localeid],[cButtonKey],[cCaption],[cToolTip],[cSubID],[cProjectNO])
values('EP0203','zh-TW','delline','h行','h行','EF','U870')
insert into AA_FormButtons_lang ([cFormCode],[localeid],[cButtonKey],[cCaption],[cToolTip],[cSubID],[cProjectNO])
values('EP0203','zh-TW','Discussion','','','EF','U870')
insert into AA_FormButtons_lang ([cFormCode],[localeid],[cButtonKey],[cCaption],[cToolTip],[cSubID],[cProjectNO])
values('EP0203','zh-TW','displayFormat','@示格式','@示格式','EF','U870')
insert into AA_FormButtons_lang ([cFormCode],[localeid],[cButtonKey],[cCaption],[cToolTip],[cSubID],[cProjectNO])
values('EP0203','zh-TW','draft','草稿','草稿','EF','U870')
insert into AA_FormButtons_lang ([cFormCode],[localeid],[cButtonKey],[cCaption],[cToolTip],[cSubID],[cProjectNO])
values('EP0203','zh-TW','formatsetup','格式设置','单据格式设置','EF','U870')
insert into AA_FormButtons_lang ([cFormCode],[localeid],[cButtonKey],[cCaption],[cToolTip],[cSubID],[cProjectNO])
values('EP0203','zh-TW','import','导入','导入','EF','U870')
insert into AA_FormButtons_lang ([cFormCode],[localeid],[cButtonKey],[cCaption],[cToolTip],[cSubID],[cProjectNO])
values('EP0203','zh-TW','insertline','插行','插行','EF','U870')
insert into AA_FormButtons_lang ([cFormCode],[localeid],[cButtonKey],[cCaption],[cToolTip],[cSubID],[cProjectNO])
values('EP0203','zh-TW','locate','高','高','EF','U870')
insert into AA_FormButtons_lang ([cFormCode],[localeid],[cButtonKey],[cCaption],[cToolTip],[cSubID],[cProjectNO])
values('EP0203','zh-TW','mirowsplitter','拆分行','拆分行','EF','U870')
insert into AA_FormButtons_lang ([cFormCode],[localeid],[cButtonKey],[cCaption],[cToolTip],[cSubID],[cProjectNO])
values('EP0203','zh-TW','modify','修改','修改','EF','U870')
insert into AA_FormButtons_lang ([cFormCode],[localeid],[cButtonKey],[cCaption],[cToolTip],[cSubID],[cProjectNO])
values('EP0203','zh-TW','Notes','批]','批]','EF','U870')
insert into AA_FormButtons_lang ([cFormCode],[localeid],[cButtonKey],[cCaption],[cToolTip],[cSubID],[cProjectNO])
values('EP0203','zh-TW','Notify','通知','通知','EF','U870')
insert into AA_FormButtons_lang ([cFormCode],[localeid],[cButtonKey],[cCaption],[cToolTip],[cSubID],[cProjectNO])
values('EP0203','zh-TW','openline','打_','打_行','EF','U870')
insert into AA_FormButtons_lang ([cFormCode],[localeid],[cButtonKey],[cCaption],[cToolTip],[cSubID],[cProjectNO])
values('EP0203','zh-TW','openorder','打开','打开','EF','U870')
insert into AA_FormButtons_lang ([cFormCode],[localeid],[cButtonKey],[cCaption],[cToolTip],[cSubID],[cProjectNO])
values('EP0203','zh-TW','output','出','出','EF','U870')
insert into AA_FormButtons_lang ([cFormCode],[localeid],[cButtonKey],[cCaption],[cToolTip],[cSubID],[cProjectNO])
values('EP0203','zh-TW','print','列印','列印','EF','U870')
insert into AA_FormButtons_lang ([cFormCode],[localeid],[cButtonKey],[cCaption],[cToolTip],[cSubID],[cProjectNO])
values('EP0203','zh-TW','PrintTemplate','列印本','列印本','EF','U870')
insert into AA_FormButtons_lang ([cFormCode],[localeid],[cButtonKey],[cCaption],[cToolTip],[cSubID],[cProjectNO])
values('EP0203','zh-TW','refervouch','⒄','⒄','EF','U870')
insert into AA_FormButtons_lang ([cFormCode],[localeid],[cButtonKey],[cCaption],[cToolTip],[cSubID],[cProjectNO])
values('EP0203','zh-TW','refresh','刷新','刷新','EF','U870')
insert into AA_FormButtons_lang ([cFormCode],[localeid],[cButtonKey],[cCaption],[cToolTip],[cSubID],[cProjectNO])
values('EP0203','zh-TW','save','保存','保存','EF','U870')
insert into AA_FormButtons_lang ([cFormCode],[localeid],[cButtonKey],[cCaption],[cToolTip],[cSubID],[cProjectNO])
values('EP0203','zh-TW','savelayout','保存格式','保存列到本','EF','U870')
insert into AA_FormButtons_lang ([cFormCode],[localeid],[cButtonKey],[cCaption],[cToolTip],[cSubID],[cProjectNO])
values('EP0203','zh-TW','SortLocate','排序定位','排序定位','EF','U870')
insert into AA_FormButtons_lang ([cFormCode],[localeid],[cButtonKey],[cCaption],[cToolTip],[cSubID],[cProjectNO])
values('EP0203','zh-TW','tableline1','','','EF','U870')
insert into AA_FormButtons_lang ([cFormCode],[localeid],[cButtonKey],[cCaption],[cToolTip],[cSubID],[cProjectNO])
values('EP0203','zh-TW','tofirst','首','首','EF','U870')
insert into AA_FormButtons_lang ([cFormCode],[localeid],[cButtonKey],[cCaption],[cToolTip],[cSubID],[cProjectNO])
values('EP0203','zh-TW','tolast','末','末','EF','U870')
insert into AA_FormButtons_lang ([cFormCode],[localeid],[cButtonKey],[cCaption],[cToolTip],[cSubID],[cProjectNO])
values('EP0203','zh-TW','tonext','下','下','EF','U870')
insert into AA_FormButtons_lang ([cFormCode],[localeid],[cButtonKey],[cCaption],[cToolTip],[cSubID],[cProjectNO])
values('EP0203','zh-TW','toprevious','上','上','EF','U870')
insert into AA_FormButtons_lang ([cFormCode],[localeid],[cButtonKey],[cCaption],[cToolTip],[cSubID],[cProjectNO])
values('EP0203','zh-TW','unverify','','','EF','U870')
insert into AA_FormButtons_lang ([cFormCode],[localeid],[cButtonKey],[cCaption],[cToolTip],[cSubID],[cProjectNO])
values('EP0203','zh-TW','verify','核','核','EF','U870')

GO
insert into AA_FormButtonMenus_base ([cFormCode],[cButtonKey],[cMenuKey],[iOrder],[cParentKey],[igrade],[cAuthid],[cResID],[cSubID],[cProjectNO],[cForegroundColor],[cBackgroundColor],[iMenuType],[ProcessObjectName],[FunctionKey])
values('EP0203','add','add',10,'',0,'','','EF','U870','black','',0,'','')
insert into AA_FormButtonMenus_base ([cFormCode],[cButtonKey],[cMenuKey],[iOrder],[cParentKey],[igrade],[cAuthid],[cResID],[cSubID],[cProjectNO],[cForegroundColor],[cBackgroundColor],[iMenuType],[ProcessObjectName],[FunctionKey])
values('EP0203','add','templates',90,'',0,'','','EF','U870','black','',0,'VchPubButtons.clsMain','Template')
insert into AA_FormButtonMenus_base ([cFormCode],[cButtonKey],[cMenuKey],[iOrder],[cParentKey],[igrade],[cAuthid],[cResID],[cSubID],[cProjectNO],[cForegroundColor],[cBackgroundColor],[iMenuType],[ProcessObjectName],[FunctionKey])
values('EP0203','copy','copyvoucher',10,'',0,'','','EF','U870','black','',0,'','')
insert into AA_FormButtonMenus_base ([cFormCode],[cButtonKey],[cMenuKey],[iOrder],[cParentKey],[igrade],[cAuthid],[cResID],[cSubID],[cProjectNO],[cForegroundColor],[cBackgroundColor],[iMenuType],[ProcessObjectName],[FunctionKey])
values('EP0203','displayFormat','displayFormat[@@]Aggregate',60,'',0,'','','EF','U870','black','',0,'VchPubButtons.clsMain','Aggregate')
insert into AA_FormButtonMenus_base ([cFormCode],[cButtonKey],[cMenuKey],[iOrder],[cParentKey],[igrade],[cAuthid],[cResID],[cSubID],[cProjectNO],[cForegroundColor],[cBackgroundColor],[iMenuType],[ProcessObjectName],[FunctionKey])
values('EP0203','displayFormat','displayFormat[@@]AutoWrap',10,'',0,'','','EF','U870','black','',1,'VchPubButtons.clsMain','AutoWrap')
insert into AA_FormButtonMenus_base ([cFormCode],[cButtonKey],[cMenuKey],[iOrder],[cParentKey],[igrade],[cAuthid],[cResID],[cSubID],[cProjectNO],[cForegroundColor],[cBackgroundColor],[iMenuType],[ProcessObjectName],[FunctionKey])
values('EP0203','displayFormat','displayFormat[@@]ForzenCol',30,'',0,'','','EF','U870','black','',0,'VchPubButtons.clsMain','ForzenCol')
insert into AA_FormButtonMenus_base ([cFormCode],[cButtonKey],[cMenuKey],[iOrder],[cParentKey],[igrade],[cAuthid],[cResID],[cSubID],[cProjectNO],[cForegroundColor],[cBackgroundColor],[iMenuType],[ProcessObjectName],[FunctionKey])
values('EP0203','displayFormat','displayFormat[@@]SetAggregateRule',80,'',0,'','','EF','U870','black','',0,'VchPubButtons.clsMain','SetAggregateRule')
insert into AA_FormButtonMenus_base ([cFormCode],[cButtonKey],[cMenuKey],[iOrder],[cParentKey],[igrade],[cAuthid],[cResID],[cSubID],[cProjectNO],[cForegroundColor],[cBackgroundColor],[iMenuType],[ProcessObjectName],[FunctionKey])
values('EP0203','displayFormat','displayFormat[@@]Spliter0',20,'',0,'','','EF','U870','black','',0,'VchPubButtons.clsMain','Spliter0')
insert into AA_FormButtonMenus_base ([cFormCode],[cButtonKey],[cMenuKey],[iOrder],[cParentKey],[igrade],[cAuthid],[cResID],[cSubID],[cProjectNO],[cForegroundColor],[cBackgroundColor],[iMenuType],[ProcessObjectName],[FunctionKey])
values('EP0203','displayFormat','displayFormat[@@]Spliter1',50,'',0,'','','EF','U870','black','',0,'VchPubButtons.clsMain','Spliter1')
insert into AA_FormButtonMenus_base ([cFormCode],[cButtonKey],[cMenuKey],[iOrder],[cParentKey],[igrade],[cAuthid],[cResID],[cSubID],[cProjectNO],[cForegroundColor],[cBackgroundColor],[iMenuType],[ProcessObjectName],[FunctionKey])
values('EP0203','displayFormat','displayFormat[@@]UnAggregate',70,'',0,'','','EF','U870','black','',0,'VchPubButtons.clsMain','UnAggregate')
insert into AA_FormButtonMenus_base ([cFormCode],[cButtonKey],[cMenuKey],[iOrder],[cParentKey],[igrade],[cAuthid],[cResID],[cSubID],[cProjectNO],[cForegroundColor],[cBackgroundColor],[iMenuType],[ProcessObjectName],[FunctionKey])
values('EP0203','displayFormat','displayFormat[@@]UnForzen',40,'',0,'','','EF','U870','black','',0,'VchPubButtons.clsMain','UnForzen')
insert into AA_FormButtonMenus_base ([cFormCode],[cButtonKey],[cMenuKey],[iOrder],[cParentKey],[igrade],[cAuthid],[cResID],[cSubID],[cProjectNO],[cForegroundColor],[cBackgroundColor],[iMenuType],[ProcessObjectName],[FunctionKey])
values('EP0203','Print','preview',2,'',0,'','','EF','U870','black','',0,'','')
insert into AA_FormButtonMenus_base ([cFormCode],[cButtonKey],[cMenuKey],[iOrder],[cParentKey],[igrade],[cAuthid],[cResID],[cSubID],[cProjectNO],[cForegroundColor],[cBackgroundColor],[iMenuType],[ProcessObjectName],[FunctionKey])
values('EP0203','Print','print',1,'',0,'','','EF','U870','black','',0,'','')
insert into AA_FormButtonMenus_base ([cFormCode],[cButtonKey],[cMenuKey],[iOrder],[cParentKey],[igrade],[cAuthid],[cResID],[cSubID],[cProjectNO],[cForegroundColor],[cBackgroundColor],[iMenuType],[ProcessObjectName],[FunctionKey])
values('EP0203','save','line1',3,'',0,'','','EF','U870','black','',0,'','')
insert into AA_FormButtonMenus_base ([cFormCode],[cButtonKey],[cMenuKey],[iOrder],[cParentKey],[igrade],[cAuthid],[cResID],[cSubID],[cProjectNO],[cForegroundColor],[cBackgroundColor],[iMenuType],[ProcessObjectName],[FunctionKey])
values('EP0203','save','save',1,'',0,'','','EF','U870','black','',0,'','')
insert into AA_FormButtonMenus_base ([cFormCode],[cButtonKey],[cMenuKey],[iOrder],[cParentKey],[igrade],[cAuthid],[cResID],[cSubID],[cProjectNO],[cForegroundColor],[cBackgroundColor],[iMenuType],[ProcessObjectName],[FunctionKey])
values('EP0203','save','savedraft',4,'',0,'','','EF','U870','black','',0,'','')
insert into AA_FormButtonMenus_base ([cFormCode],[cButtonKey],[cMenuKey],[iOrder],[cParentKey],[igrade],[cAuthid],[cResID],[cSubID],[cProjectNO],[cForegroundColor],[cBackgroundColor],[iMenuType],[ProcessObjectName],[FunctionKey])
values('EP0203','save','savenew',2,'',0,'','','EF','U870','black','',0,'','')
insert into AA_FormButtonMenus_base ([cFormCode],[cButtonKey],[cMenuKey],[iOrder],[cParentKey],[igrade],[cAuthid],[cResID],[cSubID],[cProjectNO],[cForegroundColor],[cBackgroundColor],[iMenuType],[ProcessObjectName],[FunctionKey])
values('EP0203','save','savetemplate',5,'',0,'','','EF','U870','black','',0,'','')
insert into AA_FormButtonMenus_base ([cFormCode],[cButtonKey],[cMenuKey],[iOrder],[cParentKey],[igrade],[cAuthid],[cResID],[cSubID],[cProjectNO],[cForegroundColor],[cBackgroundColor],[iMenuType],[ProcessObjectName],[FunctionKey])
values('EP0203','SortLocate','SortLocate[@@]Ascending',10,'',0,'','','EF','U870','black','',0,'VchPubButtons.clsMain','Ascending')
insert into AA_FormButtonMenus_base ([cFormCode],[cButtonKey],[cMenuKey],[iOrder],[cParentKey],[igrade],[cAuthid],[cResID],[cSubID],[cProjectNO],[cForegroundColor],[cBackgroundColor],[iMenuType],[ProcessObjectName],[FunctionKey])
values('EP0203','SortLocate','SortLocate[@@]Descending',20,'',0,'','','EF','U870','black','',0,'VchPubButtons.clsMain','Descending')
insert into AA_FormButtonMenus_base ([cFormCode],[cButtonKey],[cMenuKey],[iOrder],[cParentKey],[igrade],[cAuthid],[cResID],[cSubID],[cProjectNO],[cForegroundColor],[cBackgroundColor],[iMenuType],[ProcessObjectName],[FunctionKey])
values('EP0203','SortLocate','SortLocate[@@]Locate',60,'',0,'','','EF','U870','black','',0,'VchPubButtons.clsMain','Locate')
insert into AA_FormButtonMenus_base ([cFormCode],[cButtonKey],[cMenuKey],[iOrder],[cParentKey],[igrade],[cAuthid],[cResID],[cSubID],[cProjectNO],[cForegroundColor],[cBackgroundColor],[iMenuType],[ProcessObjectName],[FunctionKey])
values('EP0203','SortLocate','SortLocate[@@]Spliter0',50,'',0,'','','EF','U870','black','',0,'VchPubButtons.clsMain','Spliter0')
insert into AA_FormButtonMenus_base ([cFormCode],[cButtonKey],[cMenuKey],[iOrder],[cParentKey],[igrade],[cAuthid],[cResID],[cSubID],[cProjectNO],[cForegroundColor],[cBackgroundColor],[iMenuType],[ProcessObjectName],[FunctionKey])
values('EP0203','SortLocate','SortLocate[@@]UnSort',40,'',0,'','','EF','U870','black','',0,'VchPubButtons.clsMain','UnSort')
insert into AA_FormButtonMenus_base ([cFormCode],[cButtonKey],[cMenuKey],[iOrder],[cParentKey],[igrade],[cAuthid],[cResID],[cSubID],[cProjectNO],[cForegroundColor],[cBackgroundColor],[iMenuType],[ProcessObjectName],[FunctionKey])
values('EP0203','SortLocate','SortLocate[@@]UserDefineSort',30,'',0,'','','EF','U870','black','',0,'VchPubButtons.clsMain','UserDefineSort')

GO
insert into AA_FormButtonMenus_lang ([cFormCode],[localeid],[cButtonKey],[cMenuKey],[cCaption],[cToolTip],[cSubID],[cProjectNO])
values('EP0203','en-US','add','add','Blank voucher','Blank voucher','EF','U870')
insert into AA_FormButtonMenus_lang ([cFormCode],[localeid],[cButtonKey],[cMenuKey],[cCaption],[cToolTip],[cSubID],[cProjectNO])
values('EP0203','en-US','add','templates','templates','templates','EF','U870')
insert into AA_FormButtonMenus_lang ([cFormCode],[localeid],[cButtonKey],[cMenuKey],[cCaption],[cToolTip],[cSubID],[cProjectNO])
values('EP0203','en-US','copy','copyvoucher','复制单据(Ctrl+F5)','','EF','U870')
insert into AA_FormButtonMenus_lang ([cFormCode],[localeid],[cButtonKey],[cMenuKey],[cCaption],[cToolTip],[cSubID],[cProjectNO])
values('EP0203','en-US','displayFormat','displayFormat[@@]Aggregate','Aggregate','Aggregate','EF','U870')
insert into AA_FormButtonMenus_lang ([cFormCode],[localeid],[cButtonKey],[cMenuKey],[cCaption],[cToolTip],[cSubID],[cProjectNO])
values('EP0203','en-US','displayFormat','displayFormat[@@]AutoWrap','WordWrap','WordWrap','EF','U870')
insert into AA_FormButtonMenus_lang ([cFormCode],[localeid],[cButtonKey],[cMenuKey],[cCaption],[cToolTip],[cSubID],[cProjectNO])
values('EP0203','en-US','displayFormat','displayFormat[@@]ForzenCol','ForzenColumn','ForzenColumn','EF','U870')
insert into AA_FormButtonMenus_lang ([cFormCode],[localeid],[cButtonKey],[cMenuKey],[cCaption],[cToolTip],[cSubID],[cProjectNO])
values('EP0203','en-US','displayFormat','displayFormat[@@]SetAggregateRule','SetAggregateRule','SetAggregateRule','EF','U870')
insert into AA_FormButtonMenus_lang ([cFormCode],[localeid],[cButtonKey],[cMenuKey],[cCaption],[cToolTip],[cSubID],[cProjectNO])
values('EP0203','en-US','displayFormat','displayFormat[@@]Spliter0','-','','EF','U870')
insert into AA_FormButtonMenus_lang ([cFormCode],[localeid],[cButtonKey],[cMenuKey],[cCaption],[cToolTip],[cSubID],[cProjectNO])
values('EP0203','en-US','displayFormat','displayFormat[@@]Spliter1','-','','EF','U870')
insert into AA_FormButtonMenus_lang ([cFormCode],[localeid],[cButtonKey],[cMenuKey],[cCaption],[cToolTip],[cSubID],[cProjectNO])
values('EP0203','en-US','displayFormat','displayFormat[@@]UnAggregate','UnAggregate','UnAggregate','EF','U870')
insert into AA_FormButtonMenus_lang ([cFormCode],[localeid],[cButtonKey],[cMenuKey],[cCaption],[cToolTip],[cSubID],[cProjectNO])
values('EP0203','en-US','displayFormat','displayFormat[@@]UnForzen','UnForzen','UnForzen','EF','U870')
insert into AA_FormButtonMenus_lang ([cFormCode],[localeid],[cButtonKey],[cMenuKey],[cCaption],[cToolTip],[cSubID],[cProjectNO])
values('EP0203','en-US','Print','preview','preview','','EF','U870')
insert into AA_FormButtonMenus_lang ([cFormCode],[localeid],[cButtonKey],[cMenuKey],[cCaption],[cToolTip],[cSubID],[cProjectNO])
values('EP0203','en-US','Print','print','print','','EF','U870')
insert into AA_FormButtonMenus_lang ([cFormCode],[localeid],[cButtonKey],[cMenuKey],[cCaption],[cToolTip],[cSubID],[cProjectNO])
values('EP0203','en-US','save','line1','-','-','EF','U870')
insert into AA_FormButtonMenus_lang ([cFormCode],[localeid],[cButtonKey],[cMenuKey],[cCaption],[cToolTip],[cSubID],[cProjectNO])
values('EP0203','en-US','save','save','save','','EF','U870')
insert into AA_FormButtonMenus_lang ([cFormCode],[localeid],[cButtonKey],[cMenuKey],[cCaption],[cToolTip],[cSubID],[cProjectNO])
values('EP0203','en-US','save','savedraft','save draft','','EF','U870')
insert into AA_FormButtonMenus_lang ([cFormCode],[localeid],[cButtonKey],[cMenuKey],[cCaption],[cToolTip],[cSubID],[cProjectNO])
values('EP0203','en-US','save','savenew','save and new','save and new','EF','U870')
insert into AA_FormButtonMenus_lang ([cFormCode],[localeid],[cButtonKey],[cMenuKey],[cCaption],[cToolTip],[cSubID],[cProjectNO])
values('EP0203','en-US','save','savetemplate','save template','','EF','U870')
insert into AA_FormButtonMenus_lang ([cFormCode],[localeid],[cButtonKey],[cMenuKey],[cCaption],[cToolTip],[cSubID],[cProjectNO])
values('EP0203','en-US','SortLocate','SortLocate[@@]Ascending','Ascending','Ascending','EF','U870')
insert into AA_FormButtonMenus_lang ([cFormCode],[localeid],[cButtonKey],[cMenuKey],[cCaption],[cToolTip],[cSubID],[cProjectNO])
values('EP0203','en-US','SortLocate','SortLocate[@@]Descending','Descending','Descending','EF','U870')
insert into AA_FormButtonMenus_lang ([cFormCode],[localeid],[cButtonKey],[cMenuKey],[cCaption],[cToolTip],[cSubID],[cProjectNO])
values('EP0203','en-US','SortLocate','SortLocate[@@]Locate','Location','Location','EF','U870')
insert into AA_FormButtonMenus_lang ([cFormCode],[localeid],[cButtonKey],[cMenuKey],[cCaption],[cToolTip],[cSubID],[cProjectNO])
values('EP0203','en-US','SortLocate','SortLocate[@@]Spliter0','-','','EF','U870')
insert into AA_FormButtonMenus_lang ([cFormCode],[localeid],[cButtonKey],[cMenuKey],[cCaption],[cToolTip],[cSubID],[cProjectNO])
values('EP0203','en-US','SortLocate','SortLocate[@@]UnSort','UnSort','UnSort','EF','U870')
insert into AA_FormButtonMenus_lang ([cFormCode],[localeid],[cButtonKey],[cMenuKey],[cCaption],[cToolTip],[cSubID],[cProjectNO])
values('EP0203','en-US','SortLocate','SortLocate[@@]UserDefineSort','UserDefineSort','UserDefineSort','EF','U870')
insert into AA_FormButtonMenus_lang ([cFormCode],[localeid],[cButtonKey],[cMenuKey],[cCaption],[cToolTip],[cSubID],[cProjectNO])
values('EP0203','zh-CN','add','add','空白单据','空白单据','EF','U870')
insert into AA_FormButtonMenus_lang ([cFormCode],[localeid],[cButtonKey],[cMenuKey],[cCaption],[cToolTip],[cSubID],[cProjectNO])
values('EP0203','zh-CN','add','templates','模板','模板','EF','U870')
insert into AA_FormButtonMenus_lang ([cFormCode],[localeid],[cButtonKey],[cMenuKey],[cCaption],[cToolTip],[cSubID],[cProjectNO])
values('EP0203','zh-CN','copy','copyvoucher','复制单据(Ctrl+F5)','','EF','U870')
insert into AA_FormButtonMenus_lang ([cFormCode],[localeid],[cButtonKey],[cMenuKey],[cCaption],[cToolTip],[cSubID],[cProjectNO])
values('EP0203','zh-CN','displayFormat','displayFormat[@@]Aggregate','合并显示','合并显示','EF','U870')
insert into AA_FormButtonMenus_lang ([cFormCode],[localeid],[cButtonKey],[cMenuKey],[cCaption],[cToolTip],[cSubID],[cProjectNO])
values('EP0203','zh-CN','displayFormat','displayFormat[@@]AutoWrap','自动折行','自动折行','EF','U870')
insert into AA_FormButtonMenus_lang ([cFormCode],[localeid],[cButtonKey],[cMenuKey],[cCaption],[cToolTip],[cSubID],[cProjectNO])
values('EP0203','zh-CN','displayFormat','displayFormat[@@]ForzenCol','冻结列','冻结列','EF','U870')
insert into AA_FormButtonMenus_lang ([cFormCode],[localeid],[cButtonKey],[cMenuKey],[cCaption],[cToolTip],[cSubID],[cProjectNO])
values('EP0203','zh-CN','displayFormat','displayFormat[@@]SetAggregateRule','设置合并规则','设置合并规则','EF','U870')
insert into AA_FormButtonMenus_lang ([cFormCode],[localeid],[cButtonKey],[cMenuKey],[cCaption],[cToolTip],[cSubID],[cProjectNO])
values('EP0203','zh-CN','displayFormat','displayFormat[@@]Spliter0','-','','EF','U870')
insert into AA_FormButtonMenus_lang ([cFormCode],[localeid],[cButtonKey],[cMenuKey],[cCaption],[cToolTip],[cSubID],[cProjectNO])
values('EP0203','zh-CN','displayFormat','displayFormat[@@]Spliter1','-','','EF','U870')
insert into AA_FormButtonMenus_lang ([cFormCode],[localeid],[cButtonKey],[cMenuKey],[cCaption],[cToolTip],[cSubID],[cProjectNO])
values('EP0203','zh-CN','displayFormat','displayFormat[@@]UnAggregate','取消合并','取消合并','EF','U870')
insert into AA_FormButtonMenus_lang ([cFormCode],[localeid],[cButtonKey],[cMenuKey],[cCaption],[cToolTip],[cSubID],[cProjectNO])
values('EP0203','zh-CN','displayFormat','displayFormat[@@]UnForzen','取消冻结','取消冻结','EF','U870')
insert into AA_FormButtonMenus_lang ([cFormCode],[localeid],[cButtonKey],[cMenuKey],[cCaption],[cToolTip],[cSubID],[cProjectNO])
values('EP0203','zh-CN','Print','preview','预览','','EF','U870')
insert into AA_FormButtonMenus_lang ([cFormCode],[localeid],[cButtonKey],[cMenuKey],[cCaption],[cToolTip],[cSubID],[cProjectNO])
values('EP0203','zh-CN','Print','print','打印','','EF','U870')
insert into AA_FormButtonMenus_lang ([cFormCode],[localeid],[cButtonKey],[cMenuKey],[cCaption],[cToolTip],[cSubID],[cProjectNO])
values('EP0203','zh-CN','save','line1','-','-','EF','U870')
insert into AA_FormButtonMenus_lang ([cFormCode],[localeid],[cButtonKey],[cMenuKey],[cCaption],[cToolTip],[cSubID],[cProjectNO])
values('EP0203','zh-CN','save','save','保存','','EF','U870')
insert into AA_FormButtonMenus_lang ([cFormCode],[localeid],[cButtonKey],[cMenuKey],[cCaption],[cToolTip],[cSubID],[cProjectNO])
values('EP0203','zh-CN','save','savedraft','保存为草稿','','EF','U870')
insert into AA_FormButtonMenus_lang ([cFormCode],[localeid],[cButtonKey],[cMenuKey],[cCaption],[cToolTip],[cSubID],[cProjectNO])
values('EP0203','zh-CN','save','savenew','保存并新增','','EF','U870')
insert into AA_FormButtonMenus_lang ([cFormCode],[localeid],[cButtonKey],[cMenuKey],[cCaption],[cToolTip],[cSubID],[cProjectNO])
values('EP0203','zh-CN','save','savetemplate','保存为模板','','EF','U870')
insert into AA_FormButtonMenus_lang ([cFormCode],[localeid],[cButtonKey],[cMenuKey],[cCaption],[cToolTip],[cSubID],[cProjectNO])
values('EP0203','zh-CN','SortLocate','SortLocate[@@]Ascending','升序','升序','EF','U870')
insert into AA_FormButtonMenus_lang ([cFormCode],[localeid],[cButtonKey],[cMenuKey],[cCaption],[cToolTip],[cSubID],[cProjectNO])
values('EP0203','zh-CN','SortLocate','SortLocate[@@]Descending','降序','降序','EF','U870')
insert into AA_FormButtonMenus_lang ([cFormCode],[localeid],[cButtonKey],[cMenuKey],[cCaption],[cToolTip],[cSubID],[cProjectNO])
values('EP0203','zh-CN','SortLocate','SortLocate[@@]Locate','定位','定位','EF','U870')
insert into AA_FormButtonMenus_lang ([cFormCode],[localeid],[cButtonKey],[cMenuKey],[cCaption],[cToolTip],[cSubID],[cProjectNO])
values('EP0203','zh-CN','SortLocate','SortLocate[@@]Spliter0','-','','EF','U870')
insert into AA_FormButtonMenus_lang ([cFormCode],[localeid],[cButtonKey],[cMenuKey],[cCaption],[cToolTip],[cSubID],[cProjectNO])
values('EP0203','zh-CN','SortLocate','SortLocate[@@]UnSort','取消排序','取消排序','EF','U870')
insert into AA_FormButtonMenus_lang ([cFormCode],[localeid],[cButtonKey],[cMenuKey],[cCaption],[cToolTip],[cSubID],[cProjectNO])
values('EP0203','zh-CN','SortLocate','SortLocate[@@]UserDefineSort','自定义排序','自定义排序','EF','U870')
insert into AA_FormButtonMenus_lang ([cFormCode],[localeid],[cButtonKey],[cMenuKey],[cCaption],[cToolTip],[cSubID],[cProjectNO])
values('EP0203','zh-TW','add','add','空白','空白','EF','U870')
insert into AA_FormButtonMenus_lang ([cFormCode],[localeid],[cButtonKey],[cMenuKey],[cCaption],[cToolTip],[cSubID],[cProjectNO])
values('EP0203','zh-TW','add','templates','本','本','EF','U870')
insert into AA_FormButtonMenus_lang ([cFormCode],[localeid],[cButtonKey],[cMenuKey],[cCaption],[cToolTip],[cSubID],[cProjectNO])
values('EP0203','zh-TW','copy','copyvoucher','复制单据(Ctrl+F5)','','EF','U870')
insert into AA_FormButtonMenus_lang ([cFormCode],[localeid],[cButtonKey],[cMenuKey],[cCaption],[cToolTip],[cSubID],[cProjectNO])
values('EP0203','zh-TW','displayFormat','displayFormat[@@]Aggregate','合泔@示','合泔@示','EF','U870')
insert into AA_FormButtonMenus_lang ([cFormCode],[localeid],[cButtonKey],[cMenuKey],[cCaption],[cToolTip],[cSubID],[cProjectNO])
values('EP0203','zh-TW','displayFormat','displayFormat[@@]AutoWrap','自诱坌','自诱坌','EF','U870')
insert into AA_FormButtonMenus_lang ([cFormCode],[localeid],[cButtonKey],[cMenuKey],[cCaption],[cToolTip],[cSubID],[cProjectNO])
values('EP0203','zh-TW','displayFormat','displayFormat[@@]ForzenCol','鼋Y列','鼋Y列','EF','U870')
insert into AA_FormButtonMenus_lang ([cFormCode],[localeid],[cButtonKey],[cMenuKey],[cCaption],[cToolTip],[cSubID],[cProjectNO])
values('EP0203','zh-TW','displayFormat','displayFormat[@@]SetAggregateRule','O置合阋t','O置合阋t','EF','U870')
insert into AA_FormButtonMenus_lang ([cFormCode],[localeid],[cButtonKey],[cMenuKey],[cCaption],[cToolTip],[cSubID],[cProjectNO])
values('EP0203','zh-TW','displayFormat','displayFormat[@@]Spliter0','-','','EF','U870')
insert into AA_FormButtonMenus_lang ([cFormCode],[localeid],[cButtonKey],[cMenuKey],[cCaption],[cToolTip],[cSubID],[cProjectNO])
values('EP0203','zh-TW','displayFormat','displayFormat[@@]Spliter1','-','','EF','U870')
insert into AA_FormButtonMenus_lang ([cFormCode],[localeid],[cButtonKey],[cMenuKey],[cCaption],[cToolTip],[cSubID],[cProjectNO])
values('EP0203','zh-TW','displayFormat','displayFormat[@@]UnAggregate','取消合','取消合','EF','U870')
insert into AA_FormButtonMenus_lang ([cFormCode],[localeid],[cButtonKey],[cMenuKey],[cCaption],[cToolTip],[cSubID],[cProjectNO])
values('EP0203','zh-TW','displayFormat','displayFormat[@@]UnForzen','取消鼋Y','取消鼋Y','EF','U870')
insert into AA_FormButtonMenus_lang ([cFormCode],[localeid],[cButtonKey],[cMenuKey],[cCaption],[cToolTip],[cSubID],[cProjectNO])
values('EP0203','zh-TW','Print','preview','A[','','EF','U870')
insert into AA_FormButtonMenus_lang ([cFormCode],[localeid],[cButtonKey],[cMenuKey],[cCaption],[cToolTip],[cSubID],[cProjectNO])
values('EP0203','zh-TW','Print','print','列印','','EF','U870')
insert into AA_FormButtonMenus_lang ([cFormCode],[localeid],[cButtonKey],[cMenuKey],[cCaption],[cToolTip],[cSubID],[cProjectNO])
values('EP0203','zh-TW','save','line1','-','-','EF','U870')
insert into AA_FormButtonMenus_lang ([cFormCode],[localeid],[cButtonKey],[cMenuKey],[cCaption],[cToolTip],[cSubID],[cProjectNO])
values('EP0203','zh-TW','save','save','保存','','EF','U870')
insert into AA_FormButtonMenus_lang ([cFormCode],[localeid],[cButtonKey],[cMenuKey],[cCaption],[cToolTip],[cSubID],[cProjectNO])
values('EP0203','zh-TW','save','savedraft','保存椴莞','','EF','U870')
insert into AA_FormButtonMenus_lang ([cFormCode],[localeid],[cButtonKey],[cMenuKey],[cCaption],[cToolTip],[cSubID],[cProjectNO])
values('EP0203','zh-TW','save','savenew','保存并新增','','EF','U870')
insert into AA_FormButtonMenus_lang ([cFormCode],[localeid],[cButtonKey],[cMenuKey],[cCaption],[cToolTip],[cSubID],[cProjectNO])
values('EP0203','zh-TW','save','savetemplate','保存楣本','','EF','U870')
insert into AA_FormButtonMenus_lang ([cFormCode],[localeid],[cButtonKey],[cMenuKey],[cCaption],[cToolTip],[cSubID],[cProjectNO])
values('EP0203','zh-TW','SortLocate','SortLocate[@@]Ascending','N','N','EF','U870')
insert into AA_FormButtonMenus_lang ([cFormCode],[localeid],[cButtonKey],[cMenuKey],[cCaption],[cToolTip],[cSubID],[cProjectNO])
values('EP0203','zh-TW','SortLocate','SortLocate[@@]Descending','降','降','EF','U870')
insert into AA_FormButtonMenus_lang ([cFormCode],[localeid],[cButtonKey],[cMenuKey],[cCaption],[cToolTip],[cSubID],[cProjectNO])
values('EP0203','zh-TW','SortLocate','SortLocate[@@]Locate','定位','定位','EF','U870')
insert into AA_FormButtonMenus_lang ([cFormCode],[localeid],[cButtonKey],[cMenuKey],[cCaption],[cToolTip],[cSubID],[cProjectNO])
values('EP0203','zh-TW','SortLocate','SortLocate[@@]Spliter0','-','','EF','U870')
insert into AA_FormButtonMenus_lang ([cFormCode],[localeid],[cButtonKey],[cMenuKey],[cCaption],[cToolTip],[cSubID],[cProjectNO])
values('EP0203','zh-TW','SortLocate','SortLocate[@@]UnSort','取消排序','取消排序','EF','U870')
insert into AA_FormButtonMenus_lang ([cFormCode],[localeid],[cButtonKey],[cMenuKey],[cCaption],[cToolTip],[cSubID],[cProjectNO])
values('EP0203','zh-TW','SortLocate','SortLocate[@@]UserDefineSort','自排序','自排序','EF','U870')

GO
insert into AA_FormButtonAuths ([cFormCode],[cButtonKey],[cSubID],[cProjectNO],[cMenuKey],[cAuthid])
values('EP0203','add','EF','U870','','EP020302')
insert into AA_FormButtonAuths ([cFormCode],[cButtonKey],[cSubID],[cProjectNO],[cMenuKey],[cAuthid])
values('EP0203','copy','EF','U870','','EP020302')
insert into AA_FormButtonAuths ([cFormCode],[cButtonKey],[cSubID],[cProjectNO],[cMenuKey],[cAuthid])
values('EP0203','delete','EF','U870','','EP020305')
insert into AA_FormButtonAuths ([cFormCode],[cButtonKey],[cSubID],[cProjectNO],[cMenuKey],[cAuthid])
values('EP0203','modify','EF','U870','','EP020303')
insert into AA_FormButtonAuths ([cFormCode],[cButtonKey],[cSubID],[cProjectNO],[cMenuKey],[cAuthid])
values('EP0203','print','EF','U870','','EP020308')
insert into AA_FormButtonAuths ([cFormCode],[cButtonKey],[cSubID],[cProjectNO],[cMenuKey],[cAuthid])
values('EP0203','save','EF','U870','','EP020304')
insert into AA_FormButtonAuths ([cFormCode],[cButtonKey],[cSubID],[cProjectNO],[cMenuKey],[cAuthid])
values('EP0203','unverify','EF','U870','','EP020307')
insert into AA_FormButtonAuths ([cFormCode],[cButtonKey],[cSubID],[cProjectNO],[cMenuKey],[cAuthid])
values('EP0203','verify','EF','U870','','EP020306')

GO
-- select * from AA_Forms_base Where cFormCode =N'EP0203_list'
-- select * from AA_Forms_lang Where cFormCode =N'EP0203_list'
-- select * from AA_FormButtons_base Where cFormCode =N'EP0203_list'
-- select * from AA_FormButtons_lang Where cFormCode =N'EP0203_list'
-- select * from AA_FormButtonMenus_base Where cFormCode =N'EP0203_list'
-- select * from AA_FormButtonMenus_lang Where cFormCode =N'EP0203_list'
-- select * from AA_FormButtonAuths Where cFormCode =N'EP0203_list' 
Delete from AA_Forms_base Where cFormCode =N'EP0203_list'
GO
Delete from AA_Forms_lang Where cFormCode =N'EP0203_list'
GO
Delete from AA_FormButtons_base Where cFormCode =N'EP0203_list'
GO
Delete from AA_FormButtons_lang Where cFormCode =N'EP0203_list'
GO
Delete from AA_FormButtonMenus_base Where cFormCode =N'EP0203_list'
GO
Delete from AA_FormButtonMenus_lang Where cFormCode =N'EP0203_list'
GO
Delete from AA_FormButtonAuths Where cFormCode =N'EP0203_list' 
GO

GO
insert into AA_Forms_base ([cFormCode],[cSubID],[iFormType],[cMemo],[cProjectNO],[bSmallbutton])
values('EP0203_list','EF',0,'项目需求计划变更单列表','U870',0)

GO
insert into AA_Forms_lang ([cFormCode],[localeid],[cFormCaption],[cFormDesc],[cSubID],[cProjectNO])
values('EP0203_list','en-US','项目需求计划变更单列表','','EF','U870')
insert into AA_Forms_lang ([cFormCode],[localeid],[cFormCaption],[cFormDesc],[cSubID],[cProjectNO])
values('EP0203_list','zh-CN','项目需求计划变更单列表','','EF','U870')
insert into AA_Forms_lang ([cFormCode],[localeid],[cFormCaption],[cFormDesc],[cSubID],[cProjectNO])
values('EP0203_list','zh-TW','项目需求计划变更单列表','','EF','U870')

GO
insert into AA_FormButtons_base ([cFormCode],[cButtonKey],[cGroup],[cPic],[cToolBarType],[iToolBarStyle],[iOrder],[iheightRow],[cHotKey],[cAuthid],[iVoucherCtlIndex],[ctoolbarPosIndex],[cResID],[cTipResID],[cSubID],[cProjectNO],[cForegroundColor],[cBackgroundColor],[cSetGroup],[iSetGroupRow],[ProcessObjectName],[FunctionKey])
values('EP0203_list','autofold','PF_List_7','auto break row','PortalToolbar',0,190,1,'','',0,'P','','','EF','U870',Null,Null,'PF_List_7_2',3,'U8VouchListCommon.clsToolbarCommon','autowrap')
insert into AA_FormButtons_base ([cFormCode],[cButtonKey],[cGroup],[cPic],[cToolBarType],[iToolBarStyle],[iOrder],[iheightRow],[cHotKey],[cAuthid],[iVoucherCtlIndex],[ctoolbarPosIndex],[cResID],[cTipResID],[cSubID],[cProjectNO],[cForegroundColor],[cBackgroundColor],[cSetGroup],[iSetGroupRow],[ProcessObjectName],[FunctionKey])
values('EP0203_list','closebatch','PF_List_5','close','PortalToolbar',0,140,1,'Alt+C','',0,'P','','','EF','U870',Null,Null,'PF_List_5_1',2,Null,Null)
insert into AA_FormButtons_base ([cFormCode],[cButtonKey],[cGroup],[cPic],[cToolBarType],[iToolBarStyle],[iOrder],[iheightRow],[cHotKey],[cAuthid],[iVoucherCtlIndex],[ctoolbarPosIndex],[cResID],[cTipResID],[cSubID],[cProjectNO],[cForegroundColor],[cBackgroundColor],[cSetGroup],[iSetGroupRow],[ProcessObjectName],[FunctionKey])
values('EP0203_list','columnset','PF_List_7','Column','PortalToolbar',0,180,1,'Ctrl+F6',Null,0,'P','','','EF','U870',Null,Null,'PF_List_7_2',3,Null,Null)
insert into AA_FormButtons_base ([cFormCode],[cButtonKey],[cGroup],[cPic],[cToolBarType],[iToolBarStyle],[iOrder],[iheightRow],[cHotKey],[cAuthid],[iVoucherCtlIndex],[ctoolbarPosIndex],[cResID],[cTipResID],[cSubID],[cProjectNO],[cForegroundColor],[cBackgroundColor],[cSetGroup],[iSetGroupRow],[ProcessObjectName],[FunctionKey])
values('EP0203_list','ConditionFormat','PF_List_7','ConditionFormat','PortalToolbar',128,200,3,'','',0,'P','','','EF','U870',Null,Null,'PF_List_7_3',1,'U8VouchListCommon.clsToolbarCommon','ConditionFormat')
insert into AA_FormButtons_base ([cFormCode],[cButtonKey],[cGroup],[cPic],[cToolBarType],[iToolBarStyle],[iOrder],[iheightRow],[cHotKey],[cAuthid],[iVoucherCtlIndex],[ctoolbarPosIndex],[cResID],[cTipResID],[cSubID],[cProjectNO],[cForegroundColor],[cBackgroundColor],[cSetGroup],[iSetGroupRow],[ProcessObjectName],[FunctionKey])
values('EP0203_list','filter','PF_List_2','Query','PortalToolbar',128,30,3,'',Null,0,'P','','','EF','U870',Null,Null,'PF_List_2_1',1,'U8VouchListCommon.clsToolbarCommon','Query')
insert into AA_FormButtons_base ([cFormCode],[cButtonKey],[cGroup],[cPic],[cToolBarType],[iToolBarStyle],[iOrder],[iheightRow],[cHotKey],[cAuthid],[iVoucherCtlIndex],[ctoolbarPosIndex],[cResID],[cTipResID],[cSubID],[cProjectNO],[cForegroundColor],[cBackgroundColor],[cSetGroup],[iSetGroupRow],[ProcessObjectName],[FunctionKey])
values('EP0203_list','filtration','PF_List_2','Filter','PortalToolbar',0,50,1,'','',0,'P','','','EF','U870',Null,Null,'PF_List_2_2',2,'U8VouchListCommon.clsToolbarCommon','Flt')
insert into AA_FormButtons_base ([cFormCode],[cButtonKey],[cGroup],[cPic],[cToolBarType],[iToolBarStyle],[iOrder],[iheightRow],[cHotKey],[cAuthid],[iVoucherCtlIndex],[ctoolbarPosIndex],[cResID],[cTipResID],[cSubID],[cProjectNO],[cForegroundColor],[cBackgroundColor],[cSetGroup],[iSetGroupRow],[ProcessObjectName],[FunctionKey])
values('EP0203_list','layout','PF_List_7','layout','PortalToolbar',128,170,3,'','',0,'P','','','EF','U870',Null,Null,'PF_List_7_1',1,'U8VouchListCommon.clsToolbarCommon','LayOut')
insert into AA_FormButtons_base ([cFormCode],[cButtonKey],[cGroup],[cPic],[cToolBarType],[iToolBarStyle],[iOrder],[iheightRow],[cHotKey],[cAuthid],[iVoucherCtlIndex],[ctoolbarPosIndex],[cResID],[cTipResID],[cSubID],[cProjectNO],[cForegroundColor],[cBackgroundColor],[cSetGroup],[iSetGroupRow],[ProcessObjectName],[FunctionKey])
values('EP0203_list','locate','PF_List_2','Location','PortalToolbar',0,40,1,'Ctrl+F3',Null,0,'P','','','EF','U870',Null,Null,'PF_List_2_2',2,Null,Null)
insert into AA_FormButtons_base ([cFormCode],[cButtonKey],[cGroup],[cPic],[cToolBarType],[iToolBarStyle],[iOrder],[iheightRow],[cHotKey],[cAuthid],[iVoucherCtlIndex],[ctoolbarPosIndex],[cResID],[cTipResID],[cSubID],[cProjectNO],[cForegroundColor],[cBackgroundColor],[cSetGroup],[iSetGroupRow],[ProcessObjectName],[FunctionKey])
values('EP0203_list','openbatch','PF_List_5','open','PortalToolbar',0,150,1,'Alt+O','',0,'P','','','EF','U870',Null,Null,'PF_List_5_1',2,Null,Null)
insert into AA_FormButtons_base ([cFormCode],[cButtonKey],[cGroup],[cPic],[cToolBarType],[iToolBarStyle],[iOrder],[iheightRow],[cHotKey],[cAuthid],[iVoucherCtlIndex],[ctoolbarPosIndex],[cResID],[cTipResID],[cSubID],[cProjectNO],[cForegroundColor],[cBackgroundColor],[cSetGroup],[iSetGroupRow],[ProcessObjectName],[FunctionKey])
values('EP0203_list','output','PF_List_1','Output','PortalToolbar',0,20,1,'ALT+E','',0,'P','','','EF','U870',Null,Null,'PF_List_1_1',2,Null,Null)
insert into AA_FormButtons_base ([cFormCode],[cButtonKey],[cGroup],[cPic],[cToolBarType],[iToolBarStyle],[iOrder],[iheightRow],[cHotKey],[cAuthid],[iVoucherCtlIndex],[ctoolbarPosIndex],[cResID],[cTipResID],[cSubID],[cProjectNO],[cForegroundColor],[cBackgroundColor],[cSetGroup],[iSetGroupRow],[ProcessObjectName],[FunctionKey])
values('EP0203_list','print','PF_List_1','Print','PortalToolbar',5,10,1,'Ctrl+P','',0,'P','','','EF','U870',Null,Null,'PF_List_1_1',2,Null,Null)
insert into AA_FormButtons_base ([cFormCode],[cButtonKey],[cGroup],[cPic],[cToolBarType],[iToolBarStyle],[iOrder],[iheightRow],[cHotKey],[cAuthid],[iVoucherCtlIndex],[ctoolbarPosIndex],[cResID],[cTipResID],[cSubID],[cProjectNO],[cForegroundColor],[cBackgroundColor],[cSetGroup],[iSetGroupRow],[ProcessObjectName],[FunctionKey])
values('EP0203_list','search','PF_List_6','Relate query','PortalToolbar',0,160,3,'',Null,0,'P','','','EF','U870',Null,Null,'PF_List_6_1',1,Null,Null)
insert into AA_FormButtons_base ([cFormCode],[cButtonKey],[cGroup],[cPic],[cToolBarType],[iToolBarStyle],[iOrder],[iheightRow],[cHotKey],[cAuthid],[iVoucherCtlIndex],[ctoolbarPosIndex],[cResID],[cTipResID],[cSubID],[cProjectNO],[cForegroundColor],[cBackgroundColor],[cSetGroup],[iSetGroupRow],[ProcessObjectName],[FunctionKey])
values('EP0203_list','unverifybatch','PF_List_3','Unapprove','PortalToolbar',0,100,1,'Alt+U','',0,'P','','','EF','U870',Null,Null,'PF_List_3_3',2,Null,Null)
insert into AA_FormButtons_base ([cFormCode],[cButtonKey],[cGroup],[cPic],[cToolBarType],[iToolBarStyle],[iOrder],[iheightRow],[cHotKey],[cAuthid],[iVoucherCtlIndex],[ctoolbarPosIndex],[cResID],[cTipResID],[cSubID],[cProjectNO],[cForegroundColor],[cBackgroundColor],[cSetGroup],[iSetGroupRow],[ProcessObjectName],[FunctionKey])
values('EP0203_list','verifybatch','PF_List_3','Approve','PortalToolbar',0,80,3,'Ctrl+U','',0,'P','','','EF','U870',Null,Null,'PF_List_3_2',1,Null,Null)

GO
insert into AA_FormButtons_lang ([cFormCode],[localeid],[cButtonKey],[cCaption],[cToolTip],[cSubID],[cProjectNO])
values('EP0203_list','en-US','autofold','autofold','autofold','EF','U870')
insert into AA_FormButtons_lang ([cFormCode],[localeid],[cButtonKey],[cCaption],[cToolTip],[cSubID],[cProjectNO])
values('EP0203_list','en-US','closebatch','Batch close','Batch closing refreshing','EF','U870')
insert into AA_FormButtons_lang ([cFormCode],[localeid],[cButtonKey],[cCaption],[cToolTip],[cSubID],[cProjectNO])
values('EP0203_list','en-US','columnset','Column','Column','EF','U870')
insert into AA_FormButtons_lang ([cFormCode],[localeid],[cButtonKey],[cCaption],[cToolTip],[cSubID],[cProjectNO])
values('EP0203_list','en-US','ConditionFormat','conditonl formatting','conditonl formatting','EF','U870')
insert into AA_FormButtons_lang ([cFormCode],[localeid],[cButtonKey],[cCaption],[cToolTip],[cSubID],[cProjectNO])
values('EP0203_list','en-US','filter','Query','Query','EF','U870')
insert into AA_FormButtons_lang ([cFormCode],[localeid],[cButtonKey],[cCaption],[cToolTip],[cSubID],[cProjectNO])
values('EP0203_list','en-US','filtration','Filter','Filter','EF','U870')
insert into AA_FormButtons_lang ([cFormCode],[localeid],[cButtonKey],[cCaption],[cToolTip],[cSubID],[cProjectNO])
values('EP0203_list','en-US','layout','layout','layout','EF','U870')
insert into AA_FormButtons_lang ([cFormCode],[localeid],[cButtonKey],[cCaption],[cToolTip],[cSubID],[cProjectNO])
values('EP0203_list','en-US','locate','Location','Location','EF','U870')
insert into AA_FormButtons_lang ([cFormCode],[localeid],[cButtonKey],[cCaption],[cToolTip],[cSubID],[cProjectNO])
values('EP0203_list','en-US','openbatch','Batch open','Batch open','EF','U870')
insert into AA_FormButtons_lang ([cFormCode],[localeid],[cButtonKey],[cCaption],[cToolTip],[cSubID],[cProjectNO])
values('EP0203_list','en-US','output','output','output','EF','U870')
insert into AA_FormButtons_lang ([cFormCode],[localeid],[cButtonKey],[cCaption],[cToolTip],[cSubID],[cProjectNO])
values('EP0203_list','en-US','print','Print','Print','EF','U870')
insert into AA_FormButtons_lang ([cFormCode],[localeid],[cButtonKey],[cCaption],[cToolTip],[cSubID],[cProjectNO])
values('EP0203_list','en-US','search','Query jointly','Query jointly','EF','U870')
insert into AA_FormButtons_lang ([cFormCode],[localeid],[cButtonKey],[cCaption],[cToolTip],[cSubID],[cProjectNO])
values('EP0203_list','en-US','unverifybatch','Batch cancel','Batch removing refreshing','EF','U870')
insert into AA_FormButtons_lang ([cFormCode],[localeid],[cButtonKey],[cCaption],[cToolTip],[cSubID],[cProjectNO])
values('EP0203_list','en-US','verifybatch','Mass approve','Mass approve','EF','U870')
insert into AA_FormButtons_lang ([cFormCode],[localeid],[cButtonKey],[cCaption],[cToolTip],[cSubID],[cProjectNO])
values('EP0203_list','zh-CN','autofold','自动折行','自动折行','EF','U870')
insert into AA_FormButtons_lang ([cFormCode],[localeid],[cButtonKey],[cCaption],[cToolTip],[cSubID],[cProjectNO])
values('EP0203_list','zh-CN','closebatch','关闭','关闭','EF','U870')
insert into AA_FormButtons_lang ([cFormCode],[localeid],[cButtonKey],[cCaption],[cToolTip],[cSubID],[cProjectNO])
values('EP0203_list','zh-CN','columnset','栏目设置','栏目设置','EF','U870')
insert into AA_FormButtons_lang ([cFormCode],[localeid],[cButtonKey],[cCaption],[cToolTip],[cSubID],[cProjectNO])
values('EP0203_list','zh-CN','ConditionFormat','条件格式','条件格式','EF','U870')
insert into AA_FormButtons_lang ([cFormCode],[localeid],[cButtonKey],[cCaption],[cToolTip],[cSubID],[cProjectNO])
values('EP0203_list','zh-CN','filter','查询','查询','EF','U870')
insert into AA_FormButtons_lang ([cFormCode],[localeid],[cButtonKey],[cCaption],[cToolTip],[cSubID],[cProjectNO])
values('EP0203_list','zh-CN','filtration','筛选','筛选','EF','U870')
insert into AA_FormButtons_lang ([cFormCode],[localeid],[cButtonKey],[cCaption],[cToolTip],[cSubID],[cProjectNO])
values('EP0203_list','zh-CN','layout','布局','布局','EF','U870')
insert into AA_FormButtons_lang ([cFormCode],[localeid],[cButtonKey],[cCaption],[cToolTip],[cSubID],[cProjectNO])
values('EP0203_list','zh-CN','locate','定位','定位','EF','U870')
insert into AA_FormButtons_lang ([cFormCode],[localeid],[cButtonKey],[cCaption],[cToolTip],[cSubID],[cProjectNO])
values('EP0203_list','zh-CN','openbatch','打开','打开','EF','U870')
insert into AA_FormButtons_lang ([cFormCode],[localeid],[cButtonKey],[cCaption],[cToolTip],[cSubID],[cProjectNO])
values('EP0203_list','zh-CN','output','输出','输出','EF','U870')
insert into AA_FormButtons_lang ([cFormCode],[localeid],[cButtonKey],[cCaption],[cToolTip],[cSubID],[cProjectNO])
values('EP0203_list','zh-CN','print','打印','打印','EF','U870')
insert into AA_FormButtons_lang ([cFormCode],[localeid],[cButtonKey],[cCaption],[cToolTip],[cSubID],[cProjectNO])
values('EP0203_list','zh-CN','search','联查','联查','EF','U870')
insert into AA_FormButtons_lang ([cFormCode],[localeid],[cButtonKey],[cCaption],[cToolTip],[cSubID],[cProjectNO])
values('EP0203_list','zh-CN','unverifybatch','弃审','弃审','EF','U870')
insert into AA_FormButtons_lang ([cFormCode],[localeid],[cButtonKey],[cCaption],[cToolTip],[cSubID],[cProjectNO])
values('EP0203_list','zh-CN','verifybatch','审核','审核','EF','U870')
insert into AA_FormButtons_lang ([cFormCode],[localeid],[cButtonKey],[cCaption],[cToolTip],[cSubID],[cProjectNO])
values('EP0203_list','zh-TW','autofold','自诱坌','自诱坌','EF','U870')
insert into AA_FormButtons_lang ([cFormCode],[localeid],[cButtonKey],[cCaption],[cToolTip],[cSubID],[cProjectNO])
values('EP0203_list','zh-TW','closebatch','P]','P]','EF','U870')
insert into AA_FormButtons_lang ([cFormCode],[localeid],[cButtonKey],[cCaption],[cToolTip],[cSubID],[cProjectNO])
values('EP0203_list','zh-TW','columnset','谀吭O置','谀吭O置','EF','U870')
insert into AA_FormButtons_lang ([cFormCode],[localeid],[cButtonKey],[cCaption],[cToolTip],[cSubID],[cProjectNO])
values('EP0203_list','zh-TW','ConditionFormat','l件格式','l件格式','EF','U870')
insert into AA_FormButtons_lang ([cFormCode],[localeid],[cButtonKey],[cCaption],[cToolTip],[cSubID],[cProjectNO])
values('EP0203_list','zh-TW','filter','查','查','EF','U870')
insert into AA_FormButtons_lang ([cFormCode],[localeid],[cButtonKey],[cCaption],[cToolTip],[cSubID],[cProjectNO])
values('EP0203_list','zh-TW','filtration','Yx','Yx','EF','U870')
insert into AA_FormButtons_lang ([cFormCode],[localeid],[cButtonKey],[cCaption],[cToolTip],[cSubID],[cProjectNO])
values('EP0203_list','zh-TW','layout','布局','布局','EF','U870')
insert into AA_FormButtons_lang ([cFormCode],[localeid],[cButtonKey],[cCaption],[cToolTip],[cSubID],[cProjectNO])
values('EP0203_list','zh-TW','locate','定位','定位','EF','U870')
insert into AA_FormButtons_lang ([cFormCode],[localeid],[cButtonKey],[cCaption],[cToolTip],[cSubID],[cProjectNO])
values('EP0203_list','zh-TW','openbatch','打_','打_','EF','U870')
insert into AA_FormButtons_lang ([cFormCode],[localeid],[cButtonKey],[cCaption],[cToolTip],[cSubID],[cProjectNO])
values('EP0203_list','zh-TW','output','出','出','EF','U870')
insert into AA_FormButtons_lang ([cFormCode],[localeid],[cButtonKey],[cCaption],[cToolTip],[cSubID],[cProjectNO])
values('EP0203_list','zh-TW','print','列印','列印','EF','U870')
insert into AA_FormButtons_lang ([cFormCode],[localeid],[cButtonKey],[cCaption],[cToolTip],[cSubID],[cProjectNO])
values('EP0203_list','zh-TW','search','查','查','EF','U870')
insert into AA_FormButtons_lang ([cFormCode],[localeid],[cButtonKey],[cCaption],[cToolTip],[cSubID],[cProjectNO])
values('EP0203_list','zh-TW','unverifybatch','','','EF','U870')
insert into AA_FormButtons_lang ([cFormCode],[localeid],[cButtonKey],[cCaption],[cToolTip],[cSubID],[cProjectNO])
values('EP0203_list','zh-TW','verifybatch','核','核','EF','U870')

GO
insert into AA_FormButtonMenus_base ([cFormCode],[cButtonKey],[cMenuKey],[iOrder],[cParentKey],[igrade],[cAuthid],[cResID],[cSubID],[cProjectNO],[cForegroundColor],[cBackgroundColor],[iMenuType],[ProcessObjectName],[FunctionKey])
values('EP0203_list','ConditionFormat','ConditionFormat[@@]Between',3,'',0,'','','EF','U870',Null,Null,0,'U8VouchListCommon.clsToolbarCommon','Between')
insert into AA_FormButtonMenus_base ([cFormCode],[cButtonKey],[cMenuKey],[iOrder],[cParentKey],[igrade],[cAuthid],[cResID],[cSubID],[cProjectNO],[cForegroundColor],[cBackgroundColor],[iMenuType],[ProcessObjectName],[FunctionKey])
values('EP0203_list','ConditionFormat','ConditionFormat[@@]Contain',5,'',0,'','','EF','U870',Null,Null,0,'U8VouchListCommon.clsToolbarCommon','Contain')
insert into AA_FormButtonMenus_base ([cFormCode],[cButtonKey],[cMenuKey],[iOrder],[cParentKey],[igrade],[cAuthid],[cResID],[cSubID],[cProjectNO],[cForegroundColor],[cBackgroundColor],[iMenuType],[ProcessObjectName],[FunctionKey])
values('EP0203_list','ConditionFormat','ConditionFormat[@@]DisplayRules',6,'',0,'','','EF','U870',Null,Null,0,'U8VouchListCommon.clsToolbarCommon','DisplayRules')
insert into AA_FormButtonMenus_base ([cFormCode],[cButtonKey],[cMenuKey],[iOrder],[cParentKey],[igrade],[cAuthid],[cResID],[cSubID],[cProjectNO],[cForegroundColor],[cBackgroundColor],[iMenuType],[ProcessObjectName],[FunctionKey])
values('EP0203_list','ConditionFormat','ConditionFormat[@@]Equal',4,'',0,'','','EF','U870',Null,Null,0,'U8VouchListCommon.clsToolbarCommon','Equal')
insert into AA_FormButtonMenus_base ([cFormCode],[cButtonKey],[cMenuKey],[iOrder],[cParentKey],[igrade],[cAuthid],[cResID],[cSubID],[cProjectNO],[cForegroundColor],[cBackgroundColor],[iMenuType],[ProcessObjectName],[FunctionKey])
values('EP0203_list','ConditionFormat','ConditionFormat[@@]Greate',1,'',0,'','','EF','U870',Null,Null,0,'U8VouchListCommon.clsToolbarCommon','Greate')
insert into AA_FormButtonMenus_base ([cFormCode],[cButtonKey],[cMenuKey],[iOrder],[cParentKey],[igrade],[cAuthid],[cResID],[cSubID],[cProjectNO],[cForegroundColor],[cBackgroundColor],[iMenuType],[ProcessObjectName],[FunctionKey])
values('EP0203_list','ConditionFormat','ConditionFormat[@@]Less',2,'',0,'','','EF','U870',Null,Null,0,'U8VouchListCommon.clsToolbarCommon','Less')
insert into AA_FormButtonMenus_base ([cFormCode],[cButtonKey],[cMenuKey],[iOrder],[cParentKey],[igrade],[cAuthid],[cResID],[cSubID],[cProjectNO],[cForegroundColor],[cBackgroundColor],[iMenuType],[ProcessObjectName],[FunctionKey])
values('EP0203_list','layout','layout[@@]HorizontalLayout',2,'',0,'','','EF','U870',Null,Null,1,'U8VouchListCommon.clsToolbarCommon','HorizontalLayout')
insert into AA_FormButtonMenus_base ([cFormCode],[cButtonKey],[cMenuKey],[iOrder],[cParentKey],[igrade],[cAuthid],[cResID],[cSubID],[cProjectNO],[cForegroundColor],[cBackgroundColor],[iMenuType],[ProcessObjectName],[FunctionKey])
values('EP0203_list','layout','layout[@@]mnubar0',3,'',0,'','','EF','U870',Null,Null,0,'U8VouchListCommon.clsToolbarCommon','mnubar0')
insert into AA_FormButtonMenus_base ([cFormCode],[cButtonKey],[cMenuKey],[iOrder],[cParentKey],[igrade],[cAuthid],[cResID],[cSubID],[cProjectNO],[cForegroundColor],[cBackgroundColor],[iMenuType],[ProcessObjectName],[FunctionKey])
values('EP0203_list','layout','layout[@@]QueryCondition',4,'',0,'','','EF','U870',Null,Null,1,'U8VouchListCommon.clsToolbarCommon','QueryCondition')
insert into AA_FormButtonMenus_base ([cFormCode],[cButtonKey],[cMenuKey],[iOrder],[cParentKey],[igrade],[cAuthid],[cResID],[cSubID],[cProjectNO],[cForegroundColor],[cBackgroundColor],[iMenuType],[ProcessObjectName],[FunctionKey])
values('EP0203_list','layout','layout[@@]QueryconSolution',5,'',0,'','','EF','U870',Null,Null,1,'U8VouchListCommon.clsToolbarCommon','QueryconSolution')
insert into AA_FormButtonMenus_base ([cFormCode],[cButtonKey],[cMenuKey],[iOrder],[cParentKey],[igrade],[cAuthid],[cResID],[cSubID],[cProjectNO],[cForegroundColor],[cBackgroundColor],[iMenuType],[ProcessObjectName],[FunctionKey])
values('EP0203_list','layout','layout[@@]VerticalLayout',1,'',0,'','','EF','U870',Null,Null,1,'U8VouchListCommon.clsToolbarCommon','VerticalLayout')
insert into AA_FormButtonMenus_base ([cFormCode],[cButtonKey],[cMenuKey],[iOrder],[cParentKey],[igrade],[cAuthid],[cResID],[cSubID],[cProjectNO],[cForegroundColor],[cBackgroundColor],[iMenuType],[ProcessObjectName],[FunctionKey])
values('EP0203_list','Print','preview',2,'',0,'','','EF','U870',Null,Null,0,Null,Null)
insert into AA_FormButtonMenus_base ([cFormCode],[cButtonKey],[cMenuKey],[iOrder],[cParentKey],[igrade],[cAuthid],[cResID],[cSubID],[cProjectNO],[cForegroundColor],[cBackgroundColor],[iMenuType],[ProcessObjectName],[FunctionKey])
values('EP0203_list','Print','print',1,'',0,'','','EF','U870',Null,Null,0,Null,Null)

GO
insert into AA_FormButtonMenus_lang ([cFormCode],[localeid],[cButtonKey],[cMenuKey],[cCaption],[cToolTip],[cSubID],[cProjectNO])
values('EP0203_list','en-US','ConditionFormat','ConditionFormat[@@]Between','Between','Between','EF','U870')
insert into AA_FormButtonMenus_lang ([cFormCode],[localeid],[cButtonKey],[cMenuKey],[cCaption],[cToolTip],[cSubID],[cProjectNO])
values('EP0203_list','en-US','ConditionFormat','ConditionFormat[@@]Contain','Contain','Contain','EF','U870')
insert into AA_FormButtonMenus_lang ([cFormCode],[localeid],[cButtonKey],[cMenuKey],[cCaption],[cToolTip],[cSubID],[cProjectNO])
values('EP0203_list','en-US','ConditionFormat','ConditionFormat[@@]DisplayRules','UserDefineRule','UserDefineRule','EF','U870')
insert into AA_FormButtonMenus_lang ([cFormCode],[localeid],[cButtonKey],[cMenuKey],[cCaption],[cToolTip],[cSubID],[cProjectNO])
values('EP0203_list','en-US','ConditionFormat','ConditionFormat[@@]Equal','Equal','Equal','EF','U870')
insert into AA_FormButtonMenus_lang ([cFormCode],[localeid],[cButtonKey],[cMenuKey],[cCaption],[cToolTip],[cSubID],[cProjectNO])
values('EP0203_list','en-US','ConditionFormat','ConditionFormat[@@]Greate','Greate','Greate','EF','U870')
insert into AA_FormButtonMenus_lang ([cFormCode],[localeid],[cButtonKey],[cMenuKey],[cCaption],[cToolTip],[cSubID],[cProjectNO])
values('EP0203_list','en-US','ConditionFormat','ConditionFormat[@@]Less','Less','Less','EF','U870')
insert into AA_FormButtonMenus_lang ([cFormCode],[localeid],[cButtonKey],[cMenuKey],[cCaption],[cToolTip],[cSubID],[cProjectNO])
values('EP0203_list','en-US','layout','layout[@@]HorizontalLayout','HorizontalLayout','HorizontalLayout','EF','U870')
insert into AA_FormButtonMenus_lang ([cFormCode],[localeid],[cButtonKey],[cMenuKey],[cCaption],[cToolTip],[cSubID],[cProjectNO])
values('EP0203_list','en-US','layout','layout[@@]mnubar0','-','','EF','U870')
insert into AA_FormButtonMenus_lang ([cFormCode],[localeid],[cButtonKey],[cMenuKey],[cCaption],[cToolTip],[cSubID],[cProjectNO])
values('EP0203_list','en-US','layout','layout[@@]QueryCondition','QueryCondition','QueryCondition','EF','U870')
insert into AA_FormButtonMenus_lang ([cFormCode],[localeid],[cButtonKey],[cMenuKey],[cCaption],[cToolTip],[cSubID],[cProjectNO])
values('EP0203_list','en-US','layout','layout[@@]QueryconSolution','QueryconSolution','QueryconSolution','EF','U870')
insert into AA_FormButtonMenus_lang ([cFormCode],[localeid],[cButtonKey],[cMenuKey],[cCaption],[cToolTip],[cSubID],[cProjectNO])
values('EP0203_list','en-US','layout','layout[@@]VerticalLayout','VerticalLayout','VerticalLayout','EF','U870')
insert into AA_FormButtonMenus_lang ([cFormCode],[localeid],[cButtonKey],[cMenuKey],[cCaption],[cToolTip],[cSubID],[cProjectNO])
values('EP0203_list','en-US','Print','preview','preview','','EF','U870')
insert into AA_FormButtonMenus_lang ([cFormCode],[localeid],[cButtonKey],[cMenuKey],[cCaption],[cToolTip],[cSubID],[cProjectNO])
values('EP0203_list','en-US','Print','print','print','','EF','U870')
insert into AA_FormButtonMenus_lang ([cFormCode],[localeid],[cButtonKey],[cMenuKey],[cCaption],[cToolTip],[cSubID],[cProjectNO])
values('EP0203_list','zh-CN','ConditionFormat','ConditionFormat[@@]Between','介于','介于','EF','U870')
insert into AA_FormButtonMenus_lang ([cFormCode],[localeid],[cButtonKey],[cMenuKey],[cCaption],[cToolTip],[cSubID],[cProjectNO])
values('EP0203_list','zh-CN','ConditionFormat','ConditionFormat[@@]Contain','包含','包含','EF','U870')
insert into AA_FormButtonMenus_lang ([cFormCode],[localeid],[cButtonKey],[cMenuKey],[cCaption],[cToolTip],[cSubID],[cProjectNO])
values('EP0203_list','zh-CN','ConditionFormat','ConditionFormat[@@]DisplayRules','自定义规则','自定义规则','EF','U870')
insert into AA_FormButtonMenus_lang ([cFormCode],[localeid],[cButtonKey],[cMenuKey],[cCaption],[cToolTip],[cSubID],[cProjectNO])
values('EP0203_list','zh-CN','ConditionFormat','ConditionFormat[@@]Equal','等于','等于','EF','U870')
insert into AA_FormButtonMenus_lang ([cFormCode],[localeid],[cButtonKey],[cMenuKey],[cCaption],[cToolTip],[cSubID],[cProjectNO])
values('EP0203_list','zh-CN','ConditionFormat','ConditionFormat[@@]Greate','大于','大于','EF','U870')
insert into AA_FormButtonMenus_lang ([cFormCode],[localeid],[cButtonKey],[cMenuKey],[cCaption],[cToolTip],[cSubID],[cProjectNO])
values('EP0203_list','zh-CN','ConditionFormat','ConditionFormat[@@]Less','小于','小于','EF','U870')
insert into AA_FormButtonMenus_lang ([cFormCode],[localeid],[cButtonKey],[cMenuKey],[cCaption],[cToolTip],[cSubID],[cProjectNO])
values('EP0203_list','zh-CN','layout','layout[@@]HorizontalLayout','上下布局','上下布局','EF','U870')
insert into AA_FormButtonMenus_lang ([cFormCode],[localeid],[cButtonKey],[cMenuKey],[cCaption],[cToolTip],[cSubID],[cProjectNO])
values('EP0203_list','zh-CN','layout','layout[@@]mnubar0','-','','EF','U870')
insert into AA_FormButtonMenus_lang ([cFormCode],[localeid],[cButtonKey],[cMenuKey],[cCaption],[cToolTip],[cSubID],[cProjectNO])
values('EP0203_list','zh-CN','layout','layout[@@]QueryCondition','显示查询条件','显示查询条件','EF','U870')
insert into AA_FormButtonMenus_lang ([cFormCode],[localeid],[cButtonKey],[cMenuKey],[cCaption],[cToolTip],[cSubID],[cProjectNO])
values('EP0203_list','zh-CN','layout','layout[@@]QueryconSolution','显示查询方案','显示查询方案','EF','U870')
insert into AA_FormButtonMenus_lang ([cFormCode],[localeid],[cButtonKey],[cMenuKey],[cCaption],[cToolTip],[cSubID],[cProjectNO])
values('EP0203_list','zh-CN','layout','layout[@@]VerticalLayout','左右布局','左右布局','EF','U870')
insert into AA_FormButtonMenus_lang ([cFormCode],[localeid],[cButtonKey],[cMenuKey],[cCaption],[cToolTip],[cSubID],[cProjectNO])
values('EP0203_list','zh-CN','Print','preview','预览','','EF','U870')
insert into AA_FormButtonMenus_lang ([cFormCode],[localeid],[cButtonKey],[cMenuKey],[cCaption],[cToolTip],[cSubID],[cProjectNO])
values('EP0203_list','zh-CN','Print','print','打印','','EF','U870')
insert into AA_FormButtonMenus_lang ([cFormCode],[localeid],[cButtonKey],[cMenuKey],[cCaption],[cToolTip],[cSubID],[cProjectNO])
values('EP0203_list','zh-TW','ConditionFormat','ConditionFormat[@@]Between','介於','介於','EF','U870')
insert into AA_FormButtonMenus_lang ([cFormCode],[localeid],[cButtonKey],[cMenuKey],[cCaption],[cToolTip],[cSubID],[cProjectNO])
values('EP0203_list','zh-TW','ConditionFormat','ConditionFormat[@@]Contain','包含','包含','EF','U870')
insert into AA_FormButtonMenus_lang ([cFormCode],[localeid],[cButtonKey],[cMenuKey],[cCaption],[cToolTip],[cSubID],[cProjectNO])
values('EP0203_list','zh-TW','ConditionFormat','ConditionFormat[@@]DisplayRules','自t','自t','EF','U870')
insert into AA_FormButtonMenus_lang ([cFormCode],[localeid],[cButtonKey],[cMenuKey],[cCaption],[cToolTip],[cSubID],[cProjectNO])
values('EP0203_list','zh-TW','ConditionFormat','ConditionFormat[@@]Equal','等於','等於','EF','U870')
insert into AA_FormButtonMenus_lang ([cFormCode],[localeid],[cButtonKey],[cMenuKey],[cCaption],[cToolTip],[cSubID],[cProjectNO])
values('EP0203_list','zh-TW','ConditionFormat','ConditionFormat[@@]Greate','大於','大於','EF','U870')
insert into AA_FormButtonMenus_lang ([cFormCode],[localeid],[cButtonKey],[cMenuKey],[cCaption],[cToolTip],[cSubID],[cProjectNO])
values('EP0203_list','zh-TW','ConditionFormat','ConditionFormat[@@]Less','小於','小於','EF','U870')
insert into AA_FormButtonMenus_lang ([cFormCode],[localeid],[cButtonKey],[cMenuKey],[cCaption],[cToolTip],[cSubID],[cProjectNO])
values('EP0203_list','zh-TW','layout','layout[@@]HorizontalLayout','上下丫','上下丫','EF','U870')
insert into AA_FormButtonMenus_lang ([cFormCode],[localeid],[cButtonKey],[cMenuKey],[cCaption],[cToolTip],[cSubID],[cProjectNO])
values('EP0203_list','zh-TW','layout','layout[@@]mnubar0','-','','EF','U870')
insert into AA_FormButtonMenus_lang ([cFormCode],[localeid],[cButtonKey],[cMenuKey],[cCaption],[cToolTip],[cSubID],[cProjectNO])
values('EP0203_list','zh-TW','layout','layout[@@]QueryCondition','@示查l件','@示查l件','EF','U870')
insert into AA_FormButtonMenus_lang ([cFormCode],[localeid],[cButtonKey],[cMenuKey],[cCaption],[cToolTip],[cSubID],[cProjectNO])
values('EP0203_list','zh-TW','layout','layout[@@]QueryconSolution','@示查方案','@示查方案','EF','U870')
insert into AA_FormButtonMenus_lang ([cFormCode],[localeid],[cButtonKey],[cMenuKey],[cCaption],[cToolTip],[cSubID],[cProjectNO])
values('EP0203_list','zh-TW','layout','layout[@@]VerticalLayout','左右丫','左右丫','EF','U870')
insert into AA_FormButtonMenus_lang ([cFormCode],[localeid],[cButtonKey],[cMenuKey],[cCaption],[cToolTip],[cSubID],[cProjectNO])
values('EP0203_list','zh-TW','Print','preview','A[','','EF','U870')
insert into AA_FormButtonMenus_lang ([cFormCode],[localeid],[cButtonKey],[cMenuKey],[cCaption],[cToolTip],[cSubID],[cProjectNO])
values('EP0203_list','zh-TW','Print','print','列印','','EF','U870')

GO

GO

GO
---------begin
--select * from flt_definemeta_base where filterid=N'EP0203'
--select * from flt_definemeta_lang where filterid=N'EP0203'
--select * from flt_definemeta_cache where filterid=N'EP0203'

delete from flt_definemeta_base where filterid='EP0203'
delete from flt_definemeta_lang where filterid='EP0203'
delete from flt_definemeta_cache where filterid='EP0203'
------基础过滤SQL语句!------
insert into flt_definemeta_base(FilterID,ProjectNO,XMLExpression,SubNO,FilterName,FilterDesc,IsUpgrade,bLocked,cLockedBy)  values(N'EP0203',N'U8CUSTDEF',N'<root canceladvanceitemlist="" title="" behaviorclass="" hasgroupby="0" hasadvance="1" cancelseconddev="0"><filter>
<items>
<item position= "10" name="auxunitcode" caption="辅计量单位编码" reftype="1" refid="" rangeinput="1" commonlogic="eq" multselect="0"  fieldname="auxunitcode" returnfield="sys__ReturnFieldCode" iscommon="0" allowupdatecomparelogic="1"  commoncaption="辅计量单位编码" mustinput="0" defaultvalue="" descvalue="[####]" groupnum="" orlogic="0" projectno="U8CUSTDEF" pointbit="-1" showstyle="0" format="" ispara="0" fieldclass="" displayinportalview="0" autodisplaytext="0" isfacilitycondition="0" isjoinfulltextquery="0"/>
<item position= "20" name="auxunitname" caption="辅计量单位" reftype="1" refid="" rangeinput="1" commonlogic="eq" multselect="0"  fieldname="auxunitname" returnfield="sys__ReturnFieldCode" iscommon="0" allowupdatecomparelogic="1"  commoncaption="辅计量单位" mustinput="0" defaultvalue="" descvalue="[####]" groupnum="" orlogic="0" projectno="U8CUSTDEF" pointbit="-1" showstyle="0" format="" ispara="0" fieldclass="" displayinportalview="0" autodisplaytext="0" isfacilitycondition="0" isjoinfulltextquery="0"/>
<item position= "30" name="b_ccomunitname" caption="主计量单位" reftype="1" refid="" rangeinput="1" commonlogic="eq" multselect="0"  fieldname="b_ccomunitname" returnfield="sys__ReturnFieldCode" iscommon="1" allowupdatecomparelogic="1"  commoncaption="主计量单位" mustinput="0" defaultvalue="" descvalue="[####]" groupnum="" orlogic="0" projectno="U8CUSTDEF" pointbit="-1" showstyle="0" format="" ispara="0" fieldclass="" displayinportalview="0" autodisplaytext="0" isfacilitycondition="0" isjoinfulltextquery="0"/>
<item position= "40" name="b_ccuscode" caption="客户编码" reftype="1" refid="customer_sa" rangeinput="1" commonlogic="eq" multselect="0"  fieldname="b_ccuscode" returnfield="sys__ReturnFieldCode" iscommon="0" allowupdatecomparelogic="1"  commoncaption="客户编码" mustinput="0" defaultvalue="" descvalue="[####]" groupnum="" orlogic="0" projectno="U8CUSTDEF" pointbit="-1" showstyle="0" format="" ispara="0" fieldclass="" displayinportalview="0" autodisplaytext="0" isfacilitycondition="0" isjoinfulltextquery="0"/>
<item position= "50" name="b_ccusname" caption="客户名称" reftype="1" refid="customer_sa" rangeinput="1" commonlogic="eq" multselect="0"  fieldname="b_ccusname" returnfield="sys__ReturnFieldCode" iscommon="0" allowupdatecomparelogic="1"  commoncaption="客户名称" mustinput="0" defaultvalue="" descvalue="[####]" groupnum="" orlogic="0" projectno="U8CUSTDEF" pointbit="-1" showstyle="0" format="" ispara="0" fieldclass="" displayinportalview="0" autodisplaytext="0" isfacilitycondition="0" isjoinfulltextquery="0"/>
<item position= "60" name="b_cdepcode" caption="部门编码" reftype="1" refid="department_aa" rangeinput="1" commonlogic="eq" multselect="0"  fieldname="b_cdepcode" returnfield="sys__ReturnFieldCode" iscommon="0" allowupdatecomparelogic="1"  commoncaption="部门编码" mustinput="0" defaultvalue="" descvalue="[####]" groupnum="" orlogic="0" projectno="U8CUSTDEF" pointbit="-1" showstyle="0" format="" ispara="0" fieldclass="" displayinportalview="0" autodisplaytext="0" isfacilitycondition="0" isjoinfulltextquery="0"/>
<item position= "70" name="b_cdepname" caption="部门名称" reftype="1" refid="department_aa" rangeinput="1" commonlogic="eq" multselect="0"  fieldname="b_cdepname" returnfield="sys__ReturnFieldCode" iscommon="0" allowupdatecomparelogic="1"  commoncaption="部门名称" mustinput="0" defaultvalue="" descvalue="[####]" groupnum="" orlogic="0" projectno="U8CUSTDEF" pointbit="-1" showstyle="0" format="" ispara="0" fieldclass="" displayinportalview="0" autodisplaytext="0" isfacilitycondition="0" isjoinfulltextquery="0"/>
<item position= "80" name="b_cfree1" caption="表体存货自由项1" reftype="1" refid="" rangeinput="1" commonlogic="eq" multselect="0"  fieldname="b_cfree1" returnfield="sys__ReturnFieldCode" iscommon="0" allowupdatecomparelogic="1"  commoncaption="表体存货自由项1" mustinput="0" defaultvalue="" descvalue="[####]" groupnum="" orlogic="0" projectno="U8CUSTDEF" pointbit="-1" showstyle="0" format="" ispara="0" fieldclass="" displayinportalview="0" autodisplaytext="0" isfacilitycondition="0" isjoinfulltextquery="0"/>
<item position= "90" name="b_cfree10" caption="表体存货自由项10" reftype="1" refid="" rangeinput="1" commonlogic="eq" multselect="0"  fieldname="b_cfree10" returnfield="sys__ReturnFieldCode" iscommon="0" allowupdatecomparelogic="1"  commoncaption="表体存货自由项10" mustinput="0" defaultvalue="" descvalue="[####]" groupnum="" orlogic="0" projectno="U8CUSTDEF" pointbit="-1" showstyle="0" format="" ispara="0" fieldclass="" displayinportalview="0" autodisplaytext="0" isfacilitycondition="0" isjoinfulltextquery="0"/>
<item position= "100" name="b_cfree2" caption="表体存货自由项2" reftype="1" refid="" rangeinput="1" commonlogic="eq" multselect="0"  fieldname="b_cfree2" returnfield="sys__ReturnFieldCode" iscommon="0" allowupdatecomparelogic="1"  commoncaption="表体存货自由项2" mustinput="0" defaultvalue="" descvalue="[####]" groupnum="" orlogic="0" projectno="U8CUSTDEF" pointbit="-1" showstyle="0" format="" ispara="0" fieldclass="" displayinportalview="0" autodisplaytext="0" isfacilitycondition="0" isjoinfulltextquery="0"/>
<item position= "110" name="b_cfree3" caption="表体存货自由项3" reftype="1" refid="" rangeinput="1" commonlogic="eq" multselect="0"  fieldname="b_cfree3" returnfield="sys__ReturnFieldCode" iscommon="0" allowupdatecomparelogic="1"  commoncaption="表体存货自由项3" mustinput="0" defaultvalue="" descvalue="[####]" groupnum="" orlogic="0" projectno="U8CUSTDEF" pointbit="-1" showstyle="0" format="" ispara="0" fieldclass="" displayinportalview="0" autodisplaytext="0" isfacilitycondition="0" isjoinfulltextquery="0"/>
<item position= "120" name="b_cfree4" caption="表体存货自由项4" reftype="1" refid="" rangeinput="1" commonlogic="eq" multselect="0"  fieldname="b_cfree4" returnfield="sys__ReturnFieldCode" iscommon="0" allowupdatecomparelogic="1"  commoncaption="表体存货自由项4" mustinput="0" defaultvalue="" descvalue="[####]" groupnum="" orlogic="0" projectno="U8CUSTDEF" pointbit="-1" showstyle="0" format="" ispara="0" fieldclass="" displayinportalview="0" autodisplaytext="0" isfacilitycondition="0" isjoinfulltextquery="0"/>
<item position= "130" name="b_cfree5" caption="表体存货自由项5" reftype="1" refid="" rangeinput="1" commonlogic="eq" multselect="0"  fieldname="b_cfree5" returnfield="sys__ReturnFieldCode" iscommon="0" allowupdatecomparelogic="1"  commoncaption="表体存货自由项5" mustinput="0" defaultvalue="" descvalue="[####]" groupnum="" orlogic="0" projectno="U8CUSTDEF" pointbit="-1" showstyle="0" format="" ispara="0" fieldclass="" displayinportalview="0" autodisplaytext="0" isfacilitycondition="0" isjoinfulltextquery="0"/>
<item position= "140" name="b_cfree6" caption="表体存货自由项6" reftype="1" refid="" rangeinput="1" commonlogic="eq" multselect="0"  fieldname="b_cfree6" returnfield="sys__ReturnFieldCode" iscommon="0" allowupdatecomparelogic="1"  commoncaption="表体存货自由项6" mustinput="0" defaultvalue="" descvalue="[####]" groupnum="" orlogic="0" projectno="U8CUSTDEF" pointbit="-1" showstyle="0" format="" ispara="0" fieldclass="" displayinportalview="0" autodisplaytext="0" isfacilitycondition="0" isjoinfulltextquery="0"/>
<item position= "150" name="b_cfree7" caption="表体存货自由项7" reftype="1" refid="" rangeinput="1" commonlogic="eq" multselect="0"  fieldname="b_cfree7" returnfield="sys__ReturnFieldCode" iscommon="0" allowupdatecomparelogic="1"  commoncaption="表体存货自由项7" mustinput="0" defaultvalue="" descvalue="[####]" groupnum="" orlogic="0" projectno="U8CUSTDEF" pointbit="-1" showstyle="0" format="" ispara="0" fieldclass="" displayinportalview="0" autodisplaytext="0" isfacilitycondition="0" isjoinfulltextquery="0"/>
<item position= "160" name="b_cfree8" caption="表体存货自由项8" reftype="1" refid="" rangeinput="1" commonlogic="eq" multselect="0"  fieldname="b_cfree8" returnfield="sys__ReturnFieldCode" iscommon="0" allowupdatecomparelogic="1"  commoncaption="表体存货自由项8" mustinput="0" defaultvalue="" descvalue="[####]" groupnum="" orlogic="0" projectno="U8CUSTDEF" pointbit="-1" showstyle="0" format="" ispara="0" fieldclass="" displayinportalview="0" autodisplaytext="0" isfacilitycondition="0" isjoinfulltextquery="0"/>
<item position= "170" name="b_cfree9" caption="表体存货自由项9" reftype="1" refid="" rangeinput="1" commonlogic="eq" multselect="0"  fieldname="b_cfree9" returnfield="sys__ReturnFieldCode" iscommon="0" allowupdatecomparelogic="1"  commoncaption="表体存货自由项9" mustinput="0" defaultvalue="" descvalue="[####]" groupnum="" orlogic="0" projectno="U8CUSTDEF" pointbit="-1" showstyle="0" format="" ispara="0" fieldclass="" displayinportalview="0" autodisplaytext="0" isfacilitycondition="0" isjoinfulltextquery="0"/>
<item position= "180" name="b_cinvcode" caption="存货编码" reftype="1" refid="inventory_aa" rangeinput="1" commonlogic="eq" multselect="0"  fieldname="b_cinvcode" returnfield="sys__ReturnFieldCode" iscommon="1" allowupdatecomparelogic="1"  commoncaption="存货编码" mustinput="0" defaultvalue="" descvalue="[####]" groupnum="" orlogic="0" projectno="U8CUSTDEF" pointbit="-1" showstyle="0" format="" ispara="0" fieldclass="" displayinportalview="0" autodisplaytext="0" isfacilitycondition="0" isjoinfulltextquery="0"/>
<item position= "190" name="b_cinvname" caption="存货名称" reftype="1" refid="inventory_aa" rangeinput="1" commonlogic="eq" multselect="0"  fieldname="b_cinvname" returnfield="sys__ReturnFieldCode" iscommon="1" allowupdatecomparelogic="1"  commoncaption="存货名称" mustinput="0" defaultvalue="" descvalue="[####]" groupnum="" orlogic="0" projectno="U8CUSTDEF" pointbit="-1" showstyle="0" format="" ispara="0" fieldclass="" displayinportalview="0" autodisplaytext="0" isfacilitycondition="0" isjoinfulltextquery="0"/>
<item position= "200" name="b_cinvstd" caption="规格" reftype="1" refid="" rangeinput="1" commonlogic="eq" multselect="0"  fieldname="b_cinvstd" returnfield="sys__ReturnFieldCode" iscommon="1" allowupdatecomparelogic="1"  commoncaption="规格" mustinput="0" defaultvalue="" descvalue="[####]" groupnum="" orlogic="0" projectno="U8CUSTDEF" pointbit="-1" showstyle="0" format="" ispara="0" fieldclass="" displayinportalview="0" autodisplaytext="0" isfacilitycondition="0" isjoinfulltextquery="0"/>
<item position= "210" name="b_cpersoncode" caption="人员编码" reftype="1" refid="person_aa" rangeinput="1" commonlogic="eq" multselect="0"  fieldname="b_cpersoncode" returnfield="sys__ReturnFieldCode" iscommon="0" allowupdatecomparelogic="1"  commoncaption="人员编码" mustinput="0" defaultvalue="" descvalue="[####]" groupnum="" orlogic="0" projectno="U8CUSTDEF" pointbit="-1" showstyle="0" format="" ispara="0" fieldclass="" displayinportalview="0" autodisplaytext="0" isfacilitycondition="0" isjoinfulltextquery="0"/>
<item position= "220" name="b_cpersonname" caption="人员名称" reftype="1" refid="person_aa" rangeinput="1" commonlogic="eq" multselect="0"  fieldname="b_cpersonname" returnfield="sys__ReturnFieldCode" iscommon="0" allowupdatecomparelogic="1"  commoncaption="人员名称" mustinput="0" defaultvalue="" descvalue="[####]" groupnum="" orlogic="0" projectno="U8CUSTDEF" pointbit="-1" showstyle="0" format="" ispara="0" fieldclass="" displayinportalview="0" autodisplaytext="0" isfacilitycondition="0" isjoinfulltextquery="0"/>
<item position= "230" name="b_cvencode" caption="供应商编码" reftype="1" refid="vendor_aa" rangeinput="1" commonlogic="eq" multselect="0"  fieldname="b_cvencode" returnfield="sys__ReturnFieldCode" iscommon="0" allowupdatecomparelogic="1"  commoncaption="供应商编码" mustinput="0" defaultvalue="" descvalue="[####]" groupnum="" orlogic="0" projectno="U8CUSTDEF" pointbit="-1" showstyle="0" format="" ispara="0" fieldclass="" displayinportalview="0" autodisplaytext="0" isfacilitycondition="0" isjoinfulltextquery="0"/>
<item position= "240" name="b_cvenname" caption="供应商名称" reftype="1" refid="vendor_aa" rangeinput="1" commonlogic="eq" multselect="0"  fieldname="b_cvenname" returnfield="sys__ReturnFieldCode" iscommon="0" allowupdatecomparelogic="1"  commoncaption="供应商名称" mustinput="0" defaultvalue="" descvalue="[####]" groupnum="" orlogic="0" projectno="U8CUSTDEF" pointbit="-1" showstyle="0" format="" ispara="0" fieldclass="" displayinportalview="0" autodisplaytext="0" isfacilitycondition="0" isjoinfulltextquery="0"/>
<item position= "250" name="b_cwhcode" caption="仓库编码" reftype="1" refid="warehouse_aa" rangeinput="1" commonlogic="eq" multselect="0"  fieldname="b_cwhcode" returnfield="sys__ReturnFieldCode" iscommon="0" allowupdatecomparelogic="1"  commoncaption="仓库编码" mustinput="0" defaultvalue="" descvalue="[####]" groupnum="" orlogic="0" projectno="U8CUSTDEF" pointbit="-1" showstyle="0" format="" ispara="0" fieldclass="" displayinportalview="0" autodisplaytext="0" isfacilitycondition="0" isjoinfulltextquery="0"/>
<item position= "260" name="b_cwhname" caption="仓库名称" reftype="1" refid="warehouse_aa" rangeinput="1" commonlogic="eq" multselect="0"  fieldname="b_cwhname" returnfield="sys__ReturnFieldCode" iscommon="0" allowupdatecomparelogic="1"  commoncaption="仓库名称" mustinput="0" defaultvalue="" descvalue="[####]" groupnum="" orlogic="0" projectno="U8CUSTDEF" pointbit="-1" showstyle="0" format="" ispara="0" fieldclass="" displayinportalview="0" autodisplaytext="0" isfacilitycondition="0" isjoinfulltextquery="0"/>
<item position= "270" name="cbclosedate" caption="关闭日期" reftype="1" refid="" rangeinput="1" commonlogic="eq" multselect="0"  fieldname="cbclosedate" returnfield="sys__ReturnFieldCode" iscommon="1" allowupdatecomparelogic="1"  commoncaption="关闭日期" mustinput="0" defaultvalue="" descvalue="[####]" groupnum="" orlogic="0" projectno="U8CUSTDEF" pointbit="-1" showstyle="0" format="" ispara="0" fieldclass="" displayinportalview="0" autodisplaytext="0" isfacilitycondition="0" isjoinfulltextquery="0"/>
<item position= "280" name="cbcloser" caption="关闭人" reftype="1" refid="" rangeinput="1" commonlogic="eq" multselect="0"  fieldname="cbcloser" returnfield="sys__ReturnFieldCode" iscommon="1" allowupdatecomparelogic="1"  commoncaption="关闭人" mustinput="0" defaultvalue="" descvalue="[####]" groupnum="" orlogic="0" projectno="U8CUSTDEF" pointbit="-1" showstyle="0" format="" ispara="0" fieldclass="" displayinportalview="0" autodisplaytext="0" isfacilitycondition="0" isjoinfulltextquery="0"/>
<item position= "290" name="cbmemo" caption="表体备注" reftype="1" refid="" rangeinput="1" commonlogic="eq" multselect="0"  fieldname="cbmemo" returnfield="sys__ReturnFieldCode" iscommon="1" allowupdatecomparelogic="1"  commoncaption="表体备注" mustinput="0" defaultvalue="" descvalue="[####]" groupnum="" orlogic="0" projectno="U8CUSTDEF" pointbit="-1" showstyle="0" format="" ispara="0" fieldclass="" displayinportalview="0" autodisplaytext="0" isfacilitycondition="0" isjoinfulltextquery="0"/>
<item position= "300" name="ccloser" caption="关闭人" reftype="0" refid="" rangeinput="1" commonlogic="eq" multselect="0"  fieldname="ccloser" iscommon="0" allowupdatecomparelogic="1"   commoncaption="关闭人" mustinput="0"  descvalue=""  orlogic="0" projectno="U8CUSTDEF" pointbit="-1" showstyle="0"  ispara="0" fieldclass="" displayinportalview="0" autodisplaytext="0" isfacilitycondition="0" isjoinfulltextquery="0"/>
<item position= "310" name="ccode" caption="单据编号" reftype="0" refid="" rangeinput="1" commonlogic="eq" multselect="0"  fieldname="ccode" iscommon="1" allowupdatecomparelogic="1"   commoncaption="单据编号" mustinput="0"  descvalue=""  orlogic="0" projectno="U8CUSTDEF" pointbit="-1" showstyle="0"  ispara="0" fieldclass="" displayinportalview="0" autodisplaytext="0" isfacilitycondition="0" isjoinfulltextquery="0"/>
<item position= "320" name="ccusname" caption="客户" reftype="1" refid="" rangeinput="1" commonlogic="eq" multselect="0"  fieldname="ccusname" returnfield="sys__ReturnFieldCode" iscommon="1" allowupdatecomparelogic="1"  commoncaption="客户" mustinput="0" defaultvalue="" descvalue="[####]" groupnum="" orlogic="0" projectno="U8CUSTDEF" pointbit="-1" showstyle="0" format="" ispara="0" fieldclass="" displayinportalview="0" autodisplaytext="0" isfacilitycondition="0" isjoinfulltextquery="0"/>
<item position= "330" name="cInvDefine1" caption="存货自定义项1" reftype="1" refid="" rangeinput="1" commonlogic="eq" multselect="0"  fieldname="cInvDefine1" returnfield="sys__ReturnFieldCode" iscommon="0" allowupdatecomparelogic="1"  commoncaption="存货自定义项1" mustinput="0" defaultvalue="" descvalue="[####]" groupnum="" orlogic="0" projectno="U8CUSTDEF" pointbit="-1" showstyle="0" format="" ispara="0" fieldclass="" displayinportalview="0" autodisplaytext="0" isfacilitycondition="0" isjoinfulltextquery="0"/>
<item position= "340" name="cInvDefine10" caption="存货自定义项10" reftype="1" refid="" rangeinput="1" commonlogic="eq" multselect="0"  fieldname="cInvDefine10" returnfield="sys__ReturnFieldCode" iscommon="0" allowupdatecomparelogic="1"  commoncaption="存货自定义项10" mustinput="0" defaultvalue="" descvalue="[####]" groupnum="" orlogic="0" projectno="U8CUSTDEF" pointbit="-1" showstyle="0" format="" ispara="0" fieldclass="" displayinportalview="0" autodisplaytext="0" isfacilitycondition="0" isjoinfulltextquery="0"/>
<item position= "350" name="cInvDefine11" caption="存货自定义项11" reftype="1" refid="" rangeinput="1" commonlogic="eq" multselect="0"  fieldname="cInvDefine11" returnfield="sys__ReturnFieldCode" iscommon="0" allowupdatecomparelogic="1"  commoncaption="存货自定义项11" mustinput="0" defaultvalue="" descvalue="[####]" groupnum="" orlogic="0" projectno="U8CUSTDEF" pointbit="-1" showstyle="0" format="" ispara="0" fieldclass="" displayinportalview="0" autodisplaytext="0" isfacilitycondition="0" isjoinfulltextquery="0"/>
<item position= "360" name="cInvDefine12" caption="存货自定义项12" reftype="1" refid="" rangeinput="1" commonlogic="eq" multselect="0"  fieldname="cInvDefine12" returnfield="sys__ReturnFieldCode" iscommon="0" allowupdatecomparelogic="1"  commoncaption="存货自定义项12" mustinput="0" defaultvalue="" descvalue="[####]" groupnum="" orlogic="0" projectno="U8CUSTDEF" pointbit="-1" showstyle="0" format="" ispara="0" fieldclass="" displayinportalview="0" autodisplaytext="0" isfacilitycondition="0" isjoinfulltextquery="0"/>
<item position= "370" name="cInvDefine13" caption="存货自定义项13" reftype="1" refid="" rangeinput="1" commonlogic="eq" multselect="0"  fieldname="cInvDefine13" returnfield="sys__ReturnFieldCode" iscommon="1" allowupdatecomparelogic="1"  commoncaption="存货自定义项13" mustinput="0" defaultvalue="" descvalue="[####]" groupnum="" orlogic="0" projectno="U8CUSTDEF" pointbit="-1" showstyle="0" format="" ispara="0" fieldclass="" displayinportalview="0" autodisplaytext="0" isfacilitycondition="0" isjoinfulltextquery="0"/>
<item position= "380" name="cInvDefine14" caption="存货自定义项14" reftype="1" refid="" rangeinput="1" commonlogic="eq" multselect="0"  fieldname="cInvDefine14" returnfield="sys__ReturnFieldCode" iscommon="0" allowupdatecomparelogic="1"  commoncaption="存货自定义项14" mustinput="0" defaultvalue="" descvalue="[####]" groupnum="" orlogic="0" projectno="U8CUSTDEF" pointbit="-1" showstyle="0" format="" ispara="0" fieldclass="" displayinportalview="0" autodisplaytext="0" isfacilitycondition="0" isjoinfulltextquery="0"/>
<item position= "390" name="cInvDefine15" caption="存货自定义项15" reftype="1" refid="" rangeinput="1" commonlogic="eq" multselect="0"  fieldname="cInvDefine15" returnfield="sys__ReturnFieldCode" iscommon="0" allowupdatecomparelogic="1"  commoncaption="存货自定义项15" mustinput="0" defaultvalue="" descvalue="[####]" groupnum="" orlogic="0" projectno="U8CUSTDEF" pointbit="-1" showstyle="0" format="" ispara="0" fieldclass="" displayinportalview="0" autodisplaytext="0" isfacilitycondition="0" isjoinfulltextquery="0"/>
<item position= "400" name="cInvDefine16" caption="存货自定义项16" reftype="1" refid="" rangeinput="1" commonlogic="eq" multselect="0"  fieldname="cInvDefine16" returnfield="sys__ReturnFieldCode" iscommon="0" allowupdatecomparelogic="1"  commoncaption="存货自定义项16" mustinput="0" defaultvalue="" descvalue="[####]" groupnum="" orlogic="0" projectno="U8CUSTDEF" pointbit="-1" showstyle="0" format="" ispara="0" fieldclass="" displayinportalview="0" autodisplaytext="0" isfacilitycondition="0" isjoinfulltextquery="0"/>
<item position= "410" name="cInvDefine2" caption="存货自定义项2" reftype="1" refid="" rangeinput="1" commonlogic="eq" multselect="0"  fieldname="cInvDefine2" returnfield="sys__ReturnFieldCode" iscommon="0" allowupdatecomparelogic="1"  commoncaption="存货自定义项2" mustinput="0" defaultvalue="" descvalue="[####]" groupnum="" orlogic="0" projectno="U8CUSTDEF" pointbit="-1" showstyle="0" format="" ispara="0" fieldclass="" displayinportalview="0" autodisplaytext="0" isfacilitycondition="0" isjoinfulltextquery="0"/>
<item position= "420" name="cInvDefine3" caption="存货自定义项3" reftype="1" refid="" rangeinput="1" commonlogic="eq" multselect="0"  fieldname="cInvDefine3" returnfield="sys__ReturnFieldCode" iscommon="0" allowupdatecomparelogic="1"  commoncaption="存货自定义项3" mustinput="0" defaultvalue="" descvalue="[####]" groupnum="" orlogic="0" projectno="U8CUSTDEF" pointbit="-1" showstyle="0" format="" ispara="0" fieldclass="" displayinportalview="0" autodisplaytext="0" isfacilitycondition="0" isjoinfulltextquery="0"/>
<item position= "430" name="cInvDefine4" caption="存货自定义项4" reftype="1" refid="" rangeinput="1" commonlogic="eq" multselect="0"  fieldname="cInvDefine4" returnfield="sys__ReturnFieldCode" iscommon="0" allowupdatecomparelogic="1"  commoncaption="存货自定义项4" mustinput="0" defaultvalue="" descvalue="[####]" groupnum="" orlogic="0" projectno="U8CUSTDEF" pointbit="-1" showstyle="0" format="" ispara="0" fieldclass="" displayinportalview="0" autodisplaytext="0" isfacilitycondition="0" isjoinfulltextquery="0"/>
<item position= "440" name="cInvDefine5" caption="存货自定义项5" reftype="1" refid="" rangeinput="1" commonlogic="eq" multselect="0"  fieldname="cInvDefine5" returnfield="sys__ReturnFieldCode" iscommon="0" allowupdatecomparelogic="1"  commoncaption="存货自定义项5" mustinput="0" defaultvalue="" descvalue="[####]" groupnum="" orlogic="0" projectno="U8CUSTDEF" pointbit="-1" showstyle="0" format="" ispara="0" fieldclass="" displayinportalview="0" autodisplaytext="0" isfacilitycondition="0" isjoinfulltextquery="0"/>
<item position= "450" name="cInvDefine6" caption="存货自定义项6" reftype="1" refid="" rangeinput="1" commonlogic="eq" multselect="0"  fieldname="cInvDefine6" returnfield="sys__ReturnFieldCode" iscommon="0" allowupdatecomparelogic="1"  commoncaption="存货自定义项6" mustinput="0" defaultvalue="" descvalue="[####]" groupnum="" orlogic="0" projectno="U8CUSTDEF" pointbit="-1" showstyle="0" format="" ispara="0" fieldclass="" displayinportalview="0" autodisplaytext="0" isfacilitycondition="0" isjoinfulltextquery="0"/>
<item position= "460" name="cInvDefine7" caption="存货自定义项7" reftype="1" refid="" rangeinput="1" commonlogic="eq" multselect="0"  fieldname="cInvDefine7" returnfield="sys__ReturnFieldCode" iscommon="0" allowupdatecomparelogic="1"  commoncaption="存货自定义项7" mustinput="0" defaultvalue="" descvalue="[####]" groupnum="" orlogic="0" projectno="U8CUSTDEF" pointbit="-1" showstyle="0" format="" ispara="0" fieldclass="" displayinportalview="0" autodisplaytext="0" isfacilitycondition="0" isjoinfulltextquery="0"/>
<item position= "470" name="cInvDefine8" caption="存货自定义项8" reftype="1" refid="" rangeinput="1" commonlogic="eq" multselect="0"  fieldname="cInvDefine8" returnfield="sys__ReturnFieldCode" iscommon="0" allowupdatecomparelogic="1"  commoncaption="存货自定义项8" mustinput="0" defaultvalue="" descvalue="[####]" groupnum="" orlogic="0" projectno="U8CUSTDEF" pointbit="-1" showstyle="0" format="" ispara="0" fieldclass="" displayinportalview="0" autodisplaytext="0" isfacilitycondition="0" isjoinfulltextquery="0"/>
<item position= "480" name="cInvDefine9" caption="存货自定义项9" reftype="1" refid="" rangeinput="1" commonlogic="eq" multselect="0"  fieldname="cInvDefine9" returnfield="sys__ReturnFieldCode" iscommon="0" allowupdatecomparelogic="1"  commoncaption="存货自定义项9" mustinput="0" defaultvalue="" descvalue="[####]" groupnum="" orlogic="0" projectno="U8CUSTDEF" pointbit="-1" showstyle="0" format="" ispara="0" fieldclass="" displayinportalview="0" autodisplaytext="0" isfacilitycondition="0" isjoinfulltextquery="0"/>
<item position= "490" name="citem_class" caption="项目大类编码" reftype="1" refid="" rangeinput="1" commonlogic="eq" multselect="0"  fieldname="citem_class" returnfield="sys__ReturnFieldCode" iscommon="1" allowupdatecomparelogic="1"  commoncaption="项目大类编码" mustinput="0" defaultvalue="" descvalue="[####]" groupnum="" orlogic="0" projectno="U8CUSTDEF" pointbit="-1" showstyle="0" format="" ispara="0" fieldclass="" displayinportalview="0" autodisplaytext="0" isfacilitycondition="0" isjoinfulltextquery="0"/>
<item position= "500" name="citem_cname" caption="项目大类" reftype="1" refid="" rangeinput="1" commonlogic="eq" multselect="0"  fieldname="citem_cname" returnfield="sys__ReturnFieldCode" iscommon="1" allowupdatecomparelogic="1"  commoncaption="项目大类" mustinput="0" defaultvalue="" descvalue="[####]" groupnum="" orlogic="0" projectno="U8CUSTDEF" pointbit="-1" showstyle="0" format="" ispara="0" fieldclass="" displayinportalview="0" autodisplaytext="0" isfacilitycondition="0" isjoinfulltextquery="0"/>
<item position= "510" name="citemcode" caption="项目编码" reftype="1" refid="" rangeinput="1" commonlogic="eq" multselect="0"  fieldname="citemcode" returnfield="sys__ReturnFieldCode" iscommon="1" allowupdatecomparelogic="1"  commoncaption="项目编码" mustinput="0" defaultvalue="" descvalue="[####]" groupnum="" orlogic="0" projectno="U8CUSTDEF" pointbit="-1" showstyle="0" format="" ispara="0" fieldclass="" displayinportalview="0" autodisplaytext="0" isfacilitycondition="0" isjoinfulltextquery="0"/>
<item position= "520" name="citemgg" caption="产品规格" reftype="1" refid="" rangeinput="1" commonlogic="eq" multselect="0"  fieldname="citemgg" returnfield="sys__ReturnFieldCode" iscommon="1" allowupdatecomparelogic="1"  commoncaption="产品规格" mustinput="0" defaultvalue="" descvalue="[####]" groupnum="" orlogic="0" projectno="U8CUSTDEF" pointbit="-1" showstyle="0" format="" ispara="0" fieldclass="" displayinportalview="0" autodisplaytext="0" isfacilitycondition="0" isjoinfulltextquery="0"/>
<item position= "530" name="citemname" caption="项目" reftype="1" refid="" rangeinput="1" commonlogic="eq" multselect="0"  fieldname="citemname" returnfield="sys__ReturnFieldCode" iscommon="1" allowupdatecomparelogic="1"  commoncaption="项目" mustinput="0" defaultvalue="" descvalue="[####]" groupnum="" orlogic="0" projectno="U8CUSTDEF" pointbit="-1" showstyle="0" format="" ispara="0" fieldclass="" displayinportalview="0" autodisplaytext="0" isfacilitycondition="0" isjoinfulltextquery="0"/>
<item position= "540" name="citemth" caption="产品图号" reftype="1" refid="" rangeinput="1" commonlogic="eq" multselect="0"  fieldname="citemth" returnfield="sys__ReturnFieldCode" iscommon="1" allowupdatecomparelogic="1"  commoncaption="产品图号" mustinput="0" defaultvalue="" descvalue="[####]" groupnum="" orlogic="0" projectno="U8CUSTDEF" pointbit="-1" showstyle="0" format="" ispara="0" fieldclass="" displayinportalview="0" autodisplaytext="0" isfacilitycondition="0" isjoinfulltextquery="0"/>
<item position= "550" name="cmaker" caption="制单人" reftype="0" refid="" rangeinput="1" commonlogic="eq" multselect="0"  fieldname="cmaker" iscommon="1" allowupdatecomparelogic="1"   commoncaption="制单人" mustinput="0"  descvalue=""  orlogic="0" projectno="U8CUSTDEF" pointbit="-1" showstyle="0"  ispara="0" fieldclass="" displayinportalview="0" autodisplaytext="0" isfacilitycondition="0" isjoinfulltextquery="0"/>
<item position= "560" name="cmakerddate" caption="制单日期" reftype="2" refid="" rangeinput="1" commonlogic="eq" multselect="0"  fieldname="cmakerddate" iscommon="1" allowupdatecomparelogic="1"   commoncaption="制单日期" mustinput="0"  descvalue=""  orlogic="0" projectno="U8CUSTDEF" pointbit="-1" showstyle="0"  ispara="0" fieldclass="" displayinportalview="0" autodisplaytext="0" isfacilitycondition="0" isjoinfulltextquery="0"/>
<item position= "570" name="cmemo" caption="备注" reftype="1" refid="" rangeinput="1" commonlogic="eq" multselect="0"  fieldname="cmemo" returnfield="sys__ReturnFieldCode" iscommon="1" allowupdatecomparelogic="1"  commoncaption="备注" mustinput="0" defaultvalue="" descvalue="[####]" groupnum="" orlogic="0" projectno="U8CUSTDEF" pointbit="-1" showstyle="0" format="" ispara="0" fieldclass="" displayinportalview="0" autodisplaytext="0" isfacilitycondition="0" isjoinfulltextquery="0"/>
<item position= "580" name="cmodifer" caption="变更人" reftype="0" refid="" rangeinput="1" commonlogic="eq" multselect="0"  fieldname="cmodifer" iscommon="0" allowupdatecomparelogic="1"   commoncaption="变更人" mustinput="0"  descvalue=""  orlogic="0" projectno="U8CUSTDEF" pointbit="-1" showstyle="0"  ispara="0" fieldclass="" displayinportalview="0" autodisplaytext="0" isfacilitycondition="0" isjoinfulltextquery="0"/>
<item position= "590" name="cmodiferDate" caption="变更日期" reftype="2" refid="" rangeinput="1" commonlogic="eq" multselect="0"  fieldname="cmodiferDate" iscommon="0" allowupdatecomparelogic="1"   commoncaption="变更日期" mustinput="0"  descvalue=""  orlogic="0" projectno="U8CUSTDEF" pointbit="-1" showstyle="0"  ispara="0" fieldclass="" displayinportalview="0" autodisplaytext="0" isfacilitycondition="0" isjoinfulltextquery="0"/>
<item position= "600" name="cmodifier" caption="修改人" reftype="1" refid="" rangeinput="1" commonlogic="eq" multselect="0"  fieldname="cmodifier" returnfield="sys__ReturnFieldCode" iscommon="1" allowupdatecomparelogic="1"  commoncaption="修改人" mustinput="0" defaultvalue="" descvalue="[####]" groupnum="" orlogic="0" projectno="U8CUSTDEF" pointbit="-1" showstyle="0" format="" ispara="0" fieldclass="" displayinportalview="0" autodisplaytext="0" isfacilitycondition="0" isjoinfulltextquery="0"/>
<item position= "610" name="coutsourced" caption="外协外购" reftype="1" refid="" rangeinput="1" commonlogic="eq" multselect="0"  fieldname="coutsourced" returnfield="sys__ReturnFieldCode" iscommon="1" allowupdatecomparelogic="1"  commoncaption="外协外购" mustinput="0" defaultvalue="" descvalue="[####]" groupnum="" orlogic="0" projectno="U8CUSTDEF" pointbit="-1" showstyle="0" format="" ispara="0" fieldclass="" displayinportalview="0" autodisplaytext="0" isfacilitycondition="0" isjoinfulltextquery="0"/>
<item position= "620" name="cpart" caption="产品部件" reftype="1" refid="" rangeinput="1" commonlogic="eq" multselect="0"  fieldname="cpart" returnfield="sys__ReturnFieldCode" iscommon="1" allowupdatecomparelogic="1"  commoncaption="产品部件" mustinput="0" defaultvalue="" descvalue="[####]" groupnum="" orlogic="0" projectno="U8CUSTDEF" pointbit="-1" showstyle="0" format="" ispara="0" fieldclass="" displayinportalview="0" autodisplaytext="0" isfacilitycondition="0" isjoinfulltextquery="0"/>
<item position= "630" name="cperform" caption="材质性能" reftype="1" refid="" rangeinput="1" commonlogic="eq" multselect="0"  fieldname="cperform" returnfield="sys__ReturnFieldCode" iscommon="1" allowupdatecomparelogic="1"  commoncaption="材质性能" mustinput="0" defaultvalue="" descvalue="[####]" groupnum="" orlogic="0" projectno="U8CUSTDEF" pointbit="-1" showstyle="0" format="" ispara="0" fieldclass="" displayinportalview="0" autodisplaytext="0" isfacilitycondition="0" isjoinfulltextquery="0"/>
<item position= "640" name="cpmrpautoid" caption="计划单子表主键" reftype="1" refid="" rangeinput="1" commonlogic="eq" multselect="0"  fieldname="cpmrpautoid" returnfield="sys__ReturnFieldCode" iscommon="1" allowupdatecomparelogic="1"  commoncaption="计划单子表主键" mustinput="0" defaultvalue="" descvalue="[####]" groupnum="" orlogic="0" projectno="U8CUSTDEF" pointbit="-1" showstyle="0" format="" ispara="0" fieldclass="" displayinportalview="0" autodisplaytext="0" isfacilitycondition="0" isjoinfulltextquery="0"/>
<item position= "650" name="cpmrpcode" caption="项目清单号" reftype="1" refid="" rangeinput="1" commonlogic="eq" multselect="0"  fieldname="cpmrpcode" returnfield="sys__ReturnFieldCode" iscommon="1" allowupdatecomparelogic="1"  commoncaption="项目清单号" mustinput="0" defaultvalue="" descvalue="[####]" groupnum="" orlogic="0" projectno="U8CUSTDEF" pointbit="-1" showstyle="0" format="" ispara="0" fieldclass="" displayinportalview="0" autodisplaytext="0" isfacilitycondition="0" isjoinfulltextquery="0"/>
<item position= "660" name="cpmrpid" caption="计划单主键" reftype="1" refid="" rangeinput="1" commonlogic="eq" multselect="0"  fieldname="cpmrpid" returnfield="sys__ReturnFieldCode" iscommon="1" allowupdatecomparelogic="1"  commoncaption="计划单主键" mustinput="0" defaultvalue="" descvalue="[####]" groupnum="" orlogic="0" projectno="U8CUSTDEF" pointbit="-1" showstyle="0" format="" ispara="0" fieldclass="" displayinportalview="0" autodisplaytext="0" isfacilitycondition="0" isjoinfulltextquery="0"/>
<item position= "670" name="cverifier" caption="审核人" reftype="0" refid="" rangeinput="1" commonlogic="eq" multselect="0"  fieldname="cverifier" iscommon="1" allowupdatecomparelogic="1"   commoncaption="审核人" mustinput="0"  descvalue=""  orlogic="0" projectno="U8CUSTDEF" pointbit="-1" showstyle="0"  ispara="0" fieldclass="" displayinportalview="0" autodisplaytext="0" isfacilitycondition="0" isjoinfulltextquery="0"/>
<item position= "680" name="dcloserdate" caption="关闭日期" reftype="2" refid="" rangeinput="1" commonlogic="eq" multselect="0"  fieldname="dcloserdate" iscommon="0" allowupdatecomparelogic="1"   commoncaption="关闭日期" mustinput="0"  descvalue=""  orlogic="0" projectno="U8CUSTDEF" pointbit="-1" showstyle="0"  ispara="0" fieldclass="" displayinportalview="0" autodisplaytext="0" isfacilitycondition="0" isjoinfulltextquery="0"/>
<item position= "690" name="ddate" caption="单据日期" reftype="2" refid="" rangeinput="1" commonlogic="eq" multselect="0"  fieldname="ddate" returnfield="sys__ReturnFieldName" iscommon="1" allowupdatecomparelogic="1"   commoncaption="单据日期" mustinput="0" defaultvalue="" descvalue="" groupnum="" orlogic="0" projectno="U8CUSTDEF" pointbit="-1" showstyle="0" format="" ispara="0" fieldclass="" displayinportalview="0" autodisplaytext="0" isfacilitycondition="0" isjoinfulltextquery="0"/>
<item position= "700" name="define1" caption="define1" reftype="0" refid="" rangeinput="1" commonlogic="eq" multselect="0"  fieldname="define1" iscommon="0" allowupdatecomparelogic="1"   commoncaption="define1" mustinput="0"  descvalue=""  orlogic="0" projectno="U8CUSTDEF" pointbit="-1" showstyle="0"  ispara="0" fieldclass="" displayinportalview="0" autodisplaytext="0" isfacilitycondition="0" isjoinfulltextquery="0"/>
<item position= "710" name="define10" caption="define10" reftype="0" refid="" rangeinput="1" commonlogic="eq" multselect="0"  fieldname="define10" iscommon="0" allowupdatecomparelogic="1"   commoncaption="define10" mustinput="0"  descvalue=""  orlogic="0" projectno="U8CUSTDEF" pointbit="-1" showstyle="0"  ispara="0" fieldclass="" displayinportalview="0" autodisplaytext="0" isfacilitycondition="0" isjoinfulltextquery="0"/>
<item position= "720" name="define11" caption="define11" reftype="0" refid="" rangeinput="1" commonlogic="eq" multselect="0"  fieldname="define11" iscommon="0" allowupdatecomparelogic="1"   commoncaption="define11" mustinput="0"  descvalue=""  orlogic="0" projectno="U8CUSTDEF" pointbit="-1" showstyle="0"  ispara="0" fieldclass="" displayinportalview="0" autodisplaytext="0" isfacilitycondition="0" isjoinfulltextquery="0"/>
<item position= "730" name="define12" caption="define12" reftype="0" refid="" rangeinput="1" commonlogic="eq" multselect="0"  fieldname="define12" iscommon="0" allowupdatecomparelogic="1"   commoncaption="define12" mustinput="0"  descvalue=""  orlogic="0" projectno="U8CUSTDEF" pointbit="-1" showstyle="0"  ispara="0" fieldclass="" displayinportalview="0" autodisplaytext="0" isfacilitycondition="0" isjoinfulltextquery="0"/>
<item position= "740" name="define13" caption="define13" reftype="0" refid="" rangeinput="1" commonlogic="eq" multselect="0"  fieldname="define13" iscommon="0" allowupdatecomparelogic="1"   commoncaption="define13" mustinput="0"  descvalue=""  orlogic="0" projectno="U8CUSTDEF" pointbit="-1" showstyle="0"  ispara="0" fieldclass="" displayinportalview="0" autodisplaytext="0" isfacilitycondition="0" isjoinfulltextquery="0"/>
<item position= "750" name="define14" caption="define14" reftype="0" refid="" rangeinput="1" commonlogic="eq" multselect="0"  fieldname="define14" iscommon="0" allowupdatecomparelogic="1"   commoncaption="define14" mustinput="0"  descvalue=""  orlogic="0" projectno="U8CUSTDEF" pointbit="-1" showstyle="0"  ispara="0" fieldclass="" displayinportalview="0" autodisplaytext="0" isfacilitycondition="0" isjoinfulltextquery="0"/>
<item position= "760" name="define15" caption="define15" reftype="3" refid="" rangeinput="1" commonlogic="eq" multselect="0"  fieldname="define15"  iscommon="0" allowupdatecomparelogic="1"  commoncaption="define15" mustinput="0" defaultvalue="" descvalue="[####]"  orlogic="0" projectno="U8CUSTDEF" pointbit="-1" showstyle="0"  ispara="0" fieldclass="" displayinportalview="0" autodisplaytext="0" isfacilitycondition="0" isjoinfulltextquery="0"/>
<item position= "770" name="define16" caption="define16" reftype="3" refid="" rangeinput="1" commonlogic="eq" multselect="0"  fieldname="define16"  iscommon="0" allowupdatecomparelogic="1"  commoncaption="define16" mustinput="0" defaultvalue="" descvalue="[####]"  orlogic="0" projectno="U8CUSTDEF" pointbit="-1" showstyle="0"  ispara="0" fieldclass="" displayinportalview="0" autodisplaytext="0" isfacilitycondition="0" isjoinfulltextquery="0"/>
<item position= "780" name="define2" caption="define2" reftype="0" refid="" rangeinput="1" commonlogic="eq" multselect="0"  fieldname="define2" iscommon="0" allowupdatecomparelogic="1"   commoncaption="define2" mustinput="0"  descvalue=""  orlogic="0" projectno="U8CUSTDEF" pointbit="-1" showstyle="0"  ispara="0" fieldclass="" displayinportalview="0" autodisplaytext="0" isfacilitycondition="0" isjoinfulltextquery="0"/>
<item position= "790" name="define22" caption="define22" reftype="0" refid="" rangeinput="1" commonlogic="eq" multselect="0"  fieldname="define22" iscommon="0" allowupdatecomparelogic="1"   commoncaption="define22" mustinput="0"  descvalue=""  orlogic="0" projectno="U8CUSTDEF" pointbit="-1" showstyle="0"  ispara="0" fieldclass="" displayinportalview="0" autodisplaytext="0" isfacilitycondition="0" isjoinfulltextquery="0"/>
<item position= "800" name="define23" caption="define23" reftype="0" refid="" rangeinput="1" commonlogic="eq" multselect="0"  fieldname="define23" iscommon="0" allowupdatecomparelogic="1"   commoncaption="define23" mustinput="0"  descvalue=""  orlogic="0" projectno="U8CUSTDEF" pointbit="-1" showstyle="0"  ispara="0" fieldclass="" displayinportalview="0" autodisplaytext="0" isfacilitycondition="0" isjoinfulltextquery="0"/>
<item position= "810" name="define24" caption="define24" reftype="0" refid="" rangeinput="1" commonlogic="eq" multselect="0"  fieldname="define24" iscommon="0" allowupdatecomparelogic="1"   commoncaption="define24" mustinput="0"  descvalue=""  orlogic="0" projectno="U8CUSTDEF" pointbit="-1" showstyle="0"  ispara="0" fieldclass="" displayinportalview="0" autodisplaytext="0" isfacilitycondition="0" isjoinfulltextquery="0"/>
<item position= "820" name="define25" caption="define25" reftype="2" refid="" rangeinput="1" commonlogic="eq" multselect="0"  fieldname="define25" returnfield="sys__ReturnFieldName" iscommon="0" allowupdatecomparelogic="1"   commoncaption="define25" mustinput="0" defaultvalue="" descvalue="" groupnum="" orlogic="0" projectno="U8CUSTDEF" pointbit="-1" showstyle="0" format="" ispara="0" fieldclass="" displayinportalview="0" autodisplaytext="0" isfacilitycondition="0" isjoinfulltextquery="0"/>
<item position= "830" name="define26" caption="define26" reftype="3" refid="" rangeinput="1" commonlogic="eq" multselect="0"  fieldname="define26"  iscommon="0" allowupdatecomparelogic="1"  commoncaption="define26" mustinput="0" defaultvalue="" descvalue="[####]"  orlogic="0" projectno="U8CUSTDEF" pointbit="-1" showstyle="0"  ispara="0" fieldclass="" displayinportalview="0" autodisplaytext="0" isfacilitycondition="0" isjoinfulltextquery="0"/>
<item position= "840" name="define27" caption="define27" reftype="2" refid="" rangeinput="1" commonlogic="eq" multselect="0"  fieldname="define27" returnfield="sys__ReturnFieldName" iscommon="0" allowupdatecomparelogic="1"   commoncaption="define27" mustinput="0" defaultvalue="" descvalue="" groupnum="" orlogic="0" projectno="U8CUSTDEF" pointbit="-1" showstyle="0" format="" ispara="0" fieldclass="" displayinportalview="0" autodisplaytext="0" isfacilitycondition="0" isjoinfulltextquery="0"/>
<item position= "850" name="define28" caption="define28" reftype="3" refid="" rangeinput="1" commonlogic="eq" multselect="0"  fieldname="define28"  iscommon="0" allowupdatecomparelogic="1"  commoncaption="define28" mustinput="0" defaultvalue="" descvalue="[####]"  orlogic="0" projectno="U8CUSTDEF" pointbit="-1" showstyle="0"  ispara="0" fieldclass="" displayinportalview="0" autodisplaytext="0" isfacilitycondition="0" isjoinfulltextquery="0"/>
<item position= "860" name="define29" caption="define29" reftype="0" refid="" rangeinput="1" commonlogic="eq" multselect="0"  fieldname="define29" iscommon="0" allowupdatecomparelogic="1"   commoncaption="define29" mustinput="0"  descvalue=""  orlogic="0" projectno="U8CUSTDEF" pointbit="-1" showstyle="0"  ispara="0" fieldclass="" displayinportalview="0" autodisplaytext="0" isfacilitycondition="0" isjoinfulltextquery="0"/>
<item position= "870" name="define3" caption="define3" reftype="0" refid="" rangeinput="1" commonlogic="eq" multselect="0"  fieldname="define3" iscommon="0" allowupdatecomparelogic="1"   commoncaption="define3" mustinput="0"  descvalue=""  orlogic="0" projectno="U8CUSTDEF" pointbit="-1" showstyle="0"  ispara="0" fieldclass="" displayinportalview="0" autodisplaytext="0" isfacilitycondition="0" isjoinfulltextquery="0"/>
<item position= "880" name="define30" caption="define30" reftype="0" refid="" rangeinput="1" commonlogic="eq" multselect="0"  fieldname="define30" iscommon="0" allowupdatecomparelogic="1"   commoncaption="define30" mustinput="0"  descvalue=""  orlogic="0" projectno="U8CUSTDEF" pointbit="-1" showstyle="0"  ispara="0" fieldclass="" displayinportalview="0" autodisplaytext="0" isfacilitycondition="0" isjoinfulltextquery="0"/>
<item position= "890" name="define31" caption="项目清单号" reftype="0" refid="" rangeinput="1" commonlogic="eq" multselect="0"  fieldname="define31" iscommon="0" allowupdatecomparelogic="1"   commoncaption="项目清单号" mustinput="0"  descvalue=""  orlogic="0" projectno="U8CUSTDEF" pointbit="-1" showstyle="0"  ispara="0" fieldclass="" displayinportalview="0" autodisplaytext="0" isfacilitycondition="0" isjoinfulltextquery="0"/>
<item position= "900" name="define32" caption="采购计划单号" reftype="0" refid="" rangeinput="1" commonlogic="eq" multselect="0"  fieldname="define32" iscommon="0" allowupdatecomparelogic="1"   commoncaption="采购计划单号" mustinput="0"  descvalue=""  orlogic="0" projectno="U8CUSTDEF" pointbit="-1" showstyle="0"  ispara="0" fieldclass="" displayinportalview="0" autodisplaytext="0" isfacilitycondition="0" isjoinfulltextquery="0"/>
<item position= "910" name="define33" caption="define33" reftype="0" refid="" rangeinput="1" commonlogic="eq" multselect="0"  fieldname="define33" iscommon="0" allowupdatecomparelogic="1"   commoncaption="define33" mustinput="0"  descvalue=""  orlogic="0" projectno="U8CUSTDEF" pointbit="-1" showstyle="0"  ispara="0" fieldclass="" displayinportalview="0" autodisplaytext="0" isfacilitycondition="0" isjoinfulltextquery="0"/>
<item position= "920" name="define34" caption="define34" reftype="0" refid="" rangeinput="1" commonlogic="eq" multselect="0"  fieldname="define34" iscommon="0" allowupdatecomparelogic="1"   commoncaption="define34" mustinput="0"  descvalue=""  orlogic="0" projectno="U8CUSTDEF" pointbit="-1" showstyle="0"  ispara="0" fieldclass="" displayinportalview="0" autodisplaytext="0" isfacilitycondition="0" isjoinfulltextquery="0"/>
<item position= "930" name="define35" caption="define35" reftype="0" refid="" rangeinput="1" commonlogic="eq" multselect="0"  fieldname="define35" iscommon="0" allowupdatecomparelogic="1"   commoncaption="define35" mustinput="0"  descvalue=""  orlogic="0" projectno="U8CUSTDEF" pointbit="-1" showstyle="0"  ispara="0" fieldclass="" displayinportalview="0" autodisplaytext="0" isfacilitycondition="0" isjoinfulltextquery="0"/>
<item position= "940" name="define36" caption="define36" reftype="3" refid="" rangeinput="1" commonlogic="eq" multselect="0"  fieldname="define36"  iscommon="0" allowupdatecomparelogic="1"  commoncaption="define36" mustinput="0" defaultvalue="" descvalue="[####]"  orlogic="0" projectno="U8CUSTDEF" pointbit="-1" showstyle="0"  ispara="0" fieldclass="" displayinportalview="0" autodisplaytext="0" isfacilitycondition="0" isjoinfulltextquery="0"/>
<item position= "950" name="define37" caption="define37" reftype="3" refid="" rangeinput="1" commonlogic="eq" multselect="0"  fieldname="define37"  iscommon="0" allowupdatecomparelogic="1"  commoncaption="define37" mustinput="0" defaultvalue="" descvalue="[####]"  orlogic="0" projectno="U8CUSTDEF" pointbit="-1" showstyle="0"  ispara="0" fieldclass="" displayinportalview="0" autodisplaytext="0" isfacilitycondition="0" isjoinfulltextquery="0"/>
<item position= "960" name="define4" caption="define4" reftype="2" refid="" rangeinput="1" commonlogic="eq" multselect="0"  fieldname="define4" returnfield="sys__ReturnFieldName" iscommon="0" allowupdatecomparelogic="1"   commoncaption="define4" mustinput="0" defaultvalue="" descvalue="" groupnum="" orlogic="0" projectno="U8CUSTDEF" pointbit="-1" showstyle="0" format="" ispara="0" fieldclass="" displayinportalview="0" autodisplaytext="0" isfacilitycondition="0" isjoinfulltextquery="0"/>
<item position= "970" name="define5" caption="define5" reftype="3" refid="" rangeinput="1" commonlogic="eq" multselect="0"  fieldname="define5"  iscommon="0" allowupdatecomparelogic="1"  commoncaption="define5" mustinput="0" defaultvalue="" descvalue="[####]"  orlogic="0" projectno="U8CUSTDEF" pointbit="-1" showstyle="0"  ispara="0" fieldclass="" displayinportalview="0" autodisplaytext="0" isfacilitycondition="0" isjoinfulltextquery="0"/>
<item position= "980" name="define6" caption="define6" reftype="2" refid="" rangeinput="1" commonlogic="eq" multselect="0"  fieldname="define6" returnfield="sys__ReturnFieldName" iscommon="0" allowupdatecomparelogic="1"   commoncaption="define6" mustinput="0" defaultvalue="" descvalue="" groupnum="" orlogic="0" projectno="U8CUSTDEF" pointbit="-1" showstyle="0" format="" ispara="0" fieldclass="" displayinportalview="0" autodisplaytext="0" isfacilitycondition="0" isjoinfulltextquery="0"/>
<item position= "990" name="define7" caption="define7" reftype="3" refid="" rangeinput="1" commonlogic="eq" multselect="0"  fieldname="define7"  iscommon="0" allowupdatecomparelogic="1"  commoncaption="define7" mustinput="0" defaultvalue="" descvalue="[####]"  orlogic="0" projectno="U8CUSTDEF" pointbit="-1" showstyle="0"  ispara="0" fieldclass="" displayinportalview="0" autodisplaytext="0" isfacilitycondition="0" isjoinfulltextquery="0"/>
<item position= "1000" name="define8" caption="define8" reftype="0" refid="" rangeinput="1" commonlogic="eq" multselect="0"  fieldname="define8" iscommon="0" allowupdatecomparelogic="1"   commoncaption="define8" mustinput="0"  descvalue=""  orlogic="0" projectno="U8CUSTDEF" pointbit="-1" showstyle="0"  ispara="0" fieldclass="" displayinportalview="0" autodisplaytext="0" isfacilitycondition="0" isjoinfulltextquery="0"/>
<item position= "1010" name="define9" caption="define9" reftype="0" refid="" rangeinput="1" commonlogic="eq" multselect="0"  fieldname="define9" iscommon="0" allowupdatecomparelogic="1"   commoncaption="define9" mustinput="0"  descvalue=""  orlogic="0" projectno="U8CUSTDEF" pointbit="-1" showstyle="0"  ispara="0" fieldclass="" displayinportalview="0" autodisplaytext="0" isfacilitycondition="0" isjoinfulltextquery="0"/>
<item position= "1020" name="dmoddate" caption="修改日期" reftype="1" refid="" rangeinput="1" commonlogic="eq" multselect="0"  fieldname="dmoddate" returnfield="sys__ReturnFieldCode" iscommon="1" allowupdatecomparelogic="1"  commoncaption="修改日期" mustinput="0" defaultvalue="" descvalue="[####]" groupnum="" orlogic="0" projectno="U8CUSTDEF" pointbit="-1" showstyle="0" format="" ispara="0" fieldclass="" displayinportalview="0" autodisplaytext="0" isfacilitycondition="0" isjoinfulltextquery="0"/>
<item position= "1030" name="dmodifysystime" caption="修改时间" reftype="1" refid="" rangeinput="1" commonlogic="eq" multselect="0"  fieldname="dmodifysystime" returnfield="sys__ReturnFieldCode" iscommon="1" allowupdatecomparelogic="1"  commoncaption="修改时间" mustinput="0" defaultvalue="" descvalue="[####]" groupnum="" orlogic="0" projectno="U8CUSTDEF" pointbit="-1" showstyle="0" format="" ispara="0" fieldclass="" displayinportalview="0" autodisplaytext="0" isfacilitycondition="0" isjoinfulltextquery="0"/>
<item position= "1040" name="dnverifytime" caption="审核时间" reftype="1" refid="" rangeinput="1" commonlogic="eq" multselect="0"  fieldname="dnverifytime" returnfield="sys__ReturnFieldCode" iscommon="1" allowupdatecomparelogic="1"  commoncaption="审核时间" mustinput="0" defaultvalue="" descvalue="[####]" groupnum="" orlogic="0" projectno="U8CUSTDEF" pointbit="-1" showstyle="0" format="" ispara="0" fieldclass="" displayinportalview="0" autodisplaytext="0" isfacilitycondition="0" isjoinfulltextquery="0"/>
<item position= "1050" name="dverifydate" caption="审核日期" reftype="2" refid="" rangeinput="1" commonlogic="eq" multselect="0"  fieldname="dverifydate" iscommon="1" allowupdatecomparelogic="1"   commoncaption="审核日期" mustinput="0"  descvalue=""  orlogic="0" projectno="U8CUSTDEF" pointbit="-1" showstyle="0"  ispara="0" fieldclass="" displayinportalview="0" autodisplaytext="0" isfacilitycondition="0" isjoinfulltextquery="0"/>
<item position= "1060" name="iinvexchrate" caption="换算率" reftype="1" refid="" rangeinput="1" commonlogic="eq" multselect="0"  fieldname="iinvexchrate" returnfield="sys__ReturnFieldCode" iscommon="0" allowupdatecomparelogic="1"  commoncaption="换算率" mustinput="0" defaultvalue="" descvalue="[####]" groupnum="" orlogic="0" projectno="U8CUSTDEF" pointbit="-1" showstyle="0" format="" ispara="0" fieldclass="" displayinportalview="0" autodisplaytext="0" isfacilitycondition="0" isjoinfulltextquery="0"/>
<item position= "1070" name="ipqty" caption="产量" reftype="1" refid="" rangeinput="1" commonlogic="eq" multselect="0"  fieldname="ipqty" returnfield="sys__ReturnFieldCode" iscommon="1" allowupdatecomparelogic="1"  commoncaption="产量" mustinput="0" defaultvalue="" descvalue="[####]" groupnum="" orlogic="0" projectno="U8CUSTDEF" pointbit="-1" showstyle="0" format="" ispara="0" fieldclass="" displayinportalview="0" autodisplaytext="0" isfacilitycondition="0" isjoinfulltextquery="0"/>
<item position= "1080" name="iqty" caption="总数（重）量" reftype="1" refid="" rangeinput="1" commonlogic="eq" multselect="0"  fieldname="iqty" returnfield="sys__ReturnFieldCode" iscommon="1" allowupdatecomparelogic="1"  commoncaption="总数（重）量" mustinput="0" defaultvalue="" descvalue="[####]" groupnum="" orlogic="0" projectno="U8CUSTDEF" pointbit="-1" showstyle="0" format="" ispara="0" fieldclass="" displayinportalview="0" autodisplaytext="0" isfacilitycondition="0" isjoinfulltextquery="0"/>
<item position= "1090" name="iqtyold" caption="原总数（重）量" reftype="1" refid="" rangeinput="1" commonlogic="eq" multselect="0"  fieldname="iqtyold" returnfield="sys__ReturnFieldCode" iscommon="1" allowupdatecomparelogic="1"  commoncaption="原总数（重）量" mustinput="0" defaultvalue="" descvalue="[####]" groupnum="" orlogic="0" projectno="U8CUSTDEF" pointbit="-1" showstyle="0" format="" ispara="0" fieldclass="" displayinportalview="0" autodisplaytext="0" isfacilitycondition="0" isjoinfulltextquery="0"/>
<item position= "1100" name="irowno" caption="行号" reftype="0" refid="" rangeinput="1" commonlogic="eq" multselect="0"  fieldname="irowno" iscommon="1" allowupdatecomparelogic="1"   commoncaption="行号" mustinput="0"  descvalue=""  orlogic="0" projectno="U8CUSTDEF" pointbit="-1" showstyle="0"  ispara="0" fieldclass="" displayinportalview="0" autodisplaytext="0" isfacilitycondition="0" isjoinfulltextquery="0"/>
<item position= "1110" name="iunitqty" caption="单台用量" reftype="1" refid="" rangeinput="1" commonlogic="eq" multselect="0"  fieldname="iunitqty" returnfield="sys__ReturnFieldCode" iscommon="1" allowupdatecomparelogic="1"  commoncaption="单台用量" mustinput="0" defaultvalue="" descvalue="[####]" groupnum="" orlogic="0" projectno="U8CUSTDEF" pointbit="-1" showstyle="0" format="" ispara="0" fieldclass="" displayinportalview="0" autodisplaytext="0" isfacilitycondition="0" isjoinfulltextquery="0"/>
<item position= "1120" name="iunitqtyold" caption="原单台用量" reftype="1" refid="" rangeinput="1" commonlogic="eq" multselect="0"  fieldname="iunitqtyold" returnfield="sys__ReturnFieldCode" iscommon="1" allowupdatecomparelogic="1"  commoncaption="原单台用量" mustinput="0" defaultvalue="" descvalue="[####]" groupnum="" orlogic="0" projectno="U8CUSTDEF" pointbit="-1" showstyle="0" format="" ispara="0" fieldclass="" displayinportalview="0" autodisplaytext="0" isfacilitycondition="0" isjoinfulltextquery="0"/>
<item position= "1130" name="t_ccuscode" caption="客户编码" reftype="1" refid="customer_sa" rangeinput="1" commonlogic="eq" multselect="0"  fieldname="t_ccuscode" returnfield="sys__ReturnFieldCode" iscommon="0" allowupdatecomparelogic="1"  commoncaption="客户编码" mustinput="0" defaultvalue="" descvalue="[####]" groupnum="" orlogic="0" projectno="U8CUSTDEF" pointbit="-1" showstyle="0" format="" ispara="0" fieldclass="" displayinportalview="0" autodisplaytext="0" isfacilitycondition="0" isjoinfulltextquery="0"/>
<item position= "1140" name="t_ccusname" caption="客户名称" reftype="1" refid="customer_sa" rangeinput="1" commonlogic="eq" multselect="0"  fieldname="t_ccusname" returnfield="sys__ReturnFieldCode" iscommon="0" allowupdatecomparelogic="1"  commoncaption="客户名称" mustinput="0" defaultvalue="" descvalue="[####]" groupnum="" orlogic="0" projectno="U8CUSTDEF" pointbit="-1" showstyle="0" format="" ispara="0" fieldclass="" displayinportalview="0" autodisplaytext="0" isfacilitycondition="0" isjoinfulltextquery="0"/>
<item position= "1150" name="t_cdepcode" caption="部门编码" reftype="1" refid="department_aa" rangeinput="1" commonlogic="eq" multselect="0"  fieldname="t_cdepcode" returnfield="sys__ReturnFieldCode" iscommon="0" allowupdatecomparelogic="1"  commoncaption="部门编码" mustinput="0" defaultvalue="" descvalue="[####]" groupnum="" orlogic="0" projectno="U8CUSTDEF" pointbit="-1" showstyle="0" format="" ispara="0" fieldclass="" displayinportalview="0" autodisplaytext="0" isfacilitycondition="0" isjoinfulltextquery="0"/>
<item position= "1160" name="t_cdepname" caption="部门名称" reftype="1" refid="department_aa" rangeinput="1" commonlogic="eq" multselect="0"  fieldname="t_cdepname" returnfield="sys__ReturnFieldCode" iscommon="0" allowupdatecomparelogic="1"  commoncaption="部门名称" mustinput="0" defaultvalue="" descvalue="[####]" groupnum="" orlogic="0" projectno="U8CUSTDEF" pointbit="-1" showstyle="0" format="" ispara="0" fieldclass="" displayinportalview="0" autodisplaytext="0" isfacilitycondition="0" isjoinfulltextquery="0"/>
<item position= "1170" name="t_cfree1" caption="表头存货自由项1" reftype="1" refid="" rangeinput="1" commonlogic="eq" multselect="0"  fieldname="t_cfree1" returnfield="sys__ReturnFieldCode" iscommon="0" allowupdatecomparelogic="1"  commoncaption="表头存货自由项1" mustinput="0" defaultvalue="" descvalue="[####]" groupnum="" orlogic="0" projectno="U8CUSTDEF" pointbit="-1" showstyle="0" format="" ispara="0" fieldclass="" displayinportalview="0" autodisplaytext="0" isfacilitycondition="0" isjoinfulltextquery="0"/>
<item position= "1180" name="t_cfree10" caption="表头存货自由项10" reftype="1" refid="" rangeinput="1" commonlogic="eq" multselect="0"  fieldname="t_cfree10" returnfield="sys__ReturnFieldCode" iscommon="0" allowupdatecomparelogic="1"  commoncaption="表头存货自由项10" mustinput="0" defaultvalue="" descvalue="[####]" groupnum="" orlogic="0" projectno="U8CUSTDEF" pointbit="-1" showstyle="0" format="" ispara="0" fieldclass="" displayinportalview="0" autodisplaytext="0" isfacilitycondition="0" isjoinfulltextquery="0"/>
<item position= "1190" name="t_cfree2" caption="表头存货自由项2" reftype="1" refid="" rangeinput="1" commonlogic="eq" multselect="0"  fieldname="t_cfree2" returnfield="sys__ReturnFieldCode" iscommon="0" allowupdatecomparelogic="1"  commoncaption="表头存货自由项2" mustinput="0" defaultvalue="" descvalue="[####]" groupnum="" orlogic="0" projectno="U8CUSTDEF" pointbit="-1" showstyle="0" format="" ispara="0" fieldclass="" displayinportalview="0" autodisplaytext="0" isfacilitycondition="0" isjoinfulltextquery="0"/>
<item position= "1200" name="t_cfree3" caption="表头存货自由项3" reftype="1" refid="" rangeinput="1" commonlogic="eq" multselect="0"  fieldname="t_cfree3" returnfield="sys__ReturnFieldCode" iscommon="0" allowupdatecomparelogic="1"  commoncaption="表头存货自由项3" mustinput="0" defaultvalue="" descvalue="[####]" groupnum="" orlogic="0" projectno="U8CUSTDEF" pointbit="-1" showstyle="0" format="" ispara="0" fieldclass="" displayinportalview="0" autodisplaytext="0" isfacilitycondition="0" isjoinfulltextquery="0"/>
<item position= "1210" name="t_cfree4" caption="表头存货自由项4" reftype="1" refid="" rangeinput="1" commonlogic="eq" multselect="0"  fieldname="t_cfree4" returnfield="sys__ReturnFieldCode" iscommon="0" allowupdatecomparelogic="1"  commoncaption="表头存货自由项4" mustinput="0" defaultvalue="" descvalue="[####]" groupnum="" orlogic="0" projectno="U8CUSTDEF" pointbit="-1" showstyle="0" format="" ispara="0" fieldclass="" displayinportalview="0" autodisplaytext="0" isfacilitycondition="0" isjoinfulltextquery="0"/>
<item position= "1220" name="t_cfree5" caption="表头存货自由项5" reftype="1" refid="" rangeinput="1" commonlogic="eq" multselect="0"  fieldname="t_cfree5" returnfield="sys__ReturnFieldCode" iscommon="0" allowupdatecomparelogic="1"  commoncaption="表头存货自由项5" mustinput="0" defaultvalue="" descvalue="[####]" groupnum="" orlogic="0" projectno="U8CUSTDEF" pointbit="-1" showstyle="0" format="" ispara="0" fieldclass="" displayinportalview="0" autodisplaytext="0" isfacilitycondition="0" isjoinfulltextquery="0"/>
<item position= "1230" name="t_cfree6" caption="表头存货自由项6" reftype="1" refid="" rangeinput="1" commonlogic="eq" multselect="0"  fieldname="t_cfree6" returnfield="sys__ReturnFieldCode" iscommon="0" allowupdatecomparelogic="1"  commoncaption="表头存货自由项6" mustinput="0" defaultvalue="" descvalue="[####]" groupnum="" orlogic="0" projectno="U8CUSTDEF" pointbit="-1" showstyle="0" format="" ispara="0" fieldclass="" displayinportalview="0" autodisplaytext="0" isfacilitycondition="0" isjoinfulltextquery="0"/>
<item position= "1240" name="t_cfree7" caption="表头存货自由项7" reftype="1" refid="" rangeinput="1" commonlogic="eq" multselect="0"  fieldname="t_cfree7" returnfield="sys__ReturnFieldCode" iscommon="0" allowupdatecomparelogic="1"  commoncaption="表头存货自由项7" mustinput="0" defaultvalue="" descvalue="[####]" groupnum="" orlogic="0" projectno="U8CUSTDEF" pointbit="-1" showstyle="0" format="" ispara="0" fieldclass="" displayinportalview="0" autodisplaytext="0" isfacilitycondition="0" isjoinfulltextquery="0"/>
<item position= "1250" name="t_cfree8" caption="表头存货自由项8" reftype="1" refid="" rangeinput="1" commonlogic="eq" multselect="0"  fieldname="t_cfree8" returnfield="sys__ReturnFieldCode" iscommon="0" allowupdatecomparelogic="1"  commoncaption="表头存货自由项8" mustinput="0" defaultvalue="" descvalue="[####]" groupnum="" orlogic="0" projectno="U8CUSTDEF" pointbit="-1" showstyle="0" format="" ispara="0" fieldclass="" displayinportalview="0" autodisplaytext="0" isfacilitycondition="0" isjoinfulltextquery="0"/>
<item position= "1260" name="t_cfree9" caption="表头存货自由项9" reftype="1" refid="" rangeinput="1" commonlogic="eq" multselect="0"  fieldname="t_cfree9" returnfield="sys__ReturnFieldCode" iscommon="0" allowupdatecomparelogic="1"  commoncaption="表头存货自由项9" mustinput="0" defaultvalue="" descvalue="[####]" groupnum="" orlogic="0" projectno="U8CUSTDEF" pointbit="-1" showstyle="0" format="" ispara="0" fieldclass="" displayinportalview="0" autodisplaytext="0" isfacilitycondition="0" isjoinfulltextquery="0"/>
<item position= "1270" name="t_cinvcode" caption="存货编码" reftype="1" refid="inventory_aa" rangeinput="1" commonlogic="eq" multselect="0"  fieldname="t_cinvcode" returnfield="sys__ReturnFieldCode" iscommon="0" allowupdatecomparelogic="1"  commoncaption="存货编码" mustinput="0" defaultvalue="" descvalue="[####]" groupnum="" orlogic="0" projectno="U8CUSTDEF" pointbit="-1" showstyle="0" format="" ispara="0" fieldclass="" displayinportalview="0" autodisplaytext="0" isfacilitycondition="0" isjoinfulltextquery="0"/>
<item position= "1280" name="t_cinvname" caption="存货名称" reftype="1" refid="inventory_aa" rangeinput="1" commonlogic="eq" multselect="0"  fieldname="t_cinvname" returnfield="sys__ReturnFieldCode" iscommon="0" allowupdatecomparelogic="1"  commoncaption="存货名称" mustinput="0" defaultvalue="" descvalue="[####]" groupnum="" orlogic="0" projectno="U8CUSTDEF" pointbit="-1" showstyle="0" format="" ispara="0" fieldclass="" displayinportalview="0" autodisplaytext="0" isfacilitycondition="0" isjoinfulltextquery="0"/>
<item position= "1290" name="t_cpersoncode" caption="人员编码" reftype="1" refid="person_aa" rangeinput="1" commonlogic="eq" multselect="0"  fieldname="t_cpersoncode" returnfield="sys__ReturnFieldCode" iscommon="0" allowupdatecomparelogic="1"  commoncaption="人员编码" mustinput="0" defaultvalue="" descvalue="[####]" groupnum="" orlogic="0" projectno="U8CUSTDEF" pointbit="-1" showstyle="0" format="" ispara="0" fieldclass="" displayinportalview="0" autodisplaytext="0" isfacilitycondition="0" isjoinfulltextquery="0"/>
<item position= "1300" name="t_cpersonname" caption="人员名称" reftype="1" refid="person_aa" rangeinput="1" commonlogic="eq" multselect="0"  fieldname="t_cpersonname" returnfield="sys__ReturnFieldCode" iscommon="0" allowupdatecomparelogic="1"  commoncaption="人员名称" mustinput="0" defaultvalue="" descvalue="[####]" groupnum="" orlogic="0" projectno="U8CUSTDEF" pointbit="-1" showstyle="0" format="" ispara="0" fieldclass="" displayinportalview="0" autodisplaytext="0" isfacilitycondition="0" isjoinfulltextquery="0"/>
<item position= "1310" name="t_cvencode" caption="供应商编码" reftype="1" refid="vendor_aa" rangeinput="1" commonlogic="eq" multselect="0"  fieldname="t_cvencode" returnfield="sys__ReturnFieldCode" iscommon="0" allowupdatecomparelogic="1"  commoncaption="供应商编码" mustinput="0" defaultvalue="" descvalue="[####]" groupnum="" orlogic="0" projectno="U8CUSTDEF" pointbit="-1" showstyle="0" format="" ispara="0" fieldclass="" displayinportalview="0" autodisplaytext="0" isfacilitycondition="0" isjoinfulltextquery="0"/>
<item position= "1320" name="t_cvenname" caption="供应商名称" reftype="1" refid="vendor_aa" rangeinput="1" commonlogic="eq" multselect="0"  fieldname="t_cvenname" returnfield="sys__ReturnFieldCode" iscommon="0" allowupdatecomparelogic="1"  commoncaption="供应商名称" mustinput="0" defaultvalue="" descvalue="[####]" groupnum="" orlogic="0" projectno="U8CUSTDEF" pointbit="-1" showstyle="0" format="" ispara="0" fieldclass="" displayinportalview="0" autodisplaytext="0" isfacilitycondition="0" isjoinfulltextquery="0"/>
<item position= "1330" name="t_cwhcode" caption="仓库编码" reftype="1" refid="warehouse_aa" rangeinput="1" commonlogic="eq" multselect="0"  fieldname="t_cwhcode" returnfield="sys__ReturnFieldCode" iscommon="0" allowupdatecomparelogic="1"  commoncaption="仓库编码" mustinput="0" defaultvalue="" descvalue="[####]" groupnum="" orlogic="0" projectno="U8CUSTDEF" pointbit="-1" showstyle="0" format="" ispara="0" fieldclass="" displayinportalview="0" autodisplaytext="0" isfacilitycondition="0" isjoinfulltextquery="0"/>
<item position= "1340" name="t_cwhname" caption="仓库名称" reftype="1" refid="warehouse_aa" rangeinput="1" commonlogic="eq" multselect="0"  fieldname="t_cwhname" returnfield="sys__ReturnFieldCode" iscommon="0" allowupdatecomparelogic="1"  commoncaption="仓库名称" mustinput="0" defaultvalue="" descvalue="[####]" groupnum="" orlogic="0" projectno="U8CUSTDEF" pointbit="-1" showstyle="0" format="" ispara="0" fieldclass="" displayinportalview="0" autodisplaytext="0" isfacilitycondition="0" isjoinfulltextquery="0"/>
<item position= "1350" name="VoucherCode" caption="VoucherCode" reftype="0" refid="" rangeinput="1" commonlogic="eq" multselect="0"  fieldname="VoucherCode" iscommon="0" allowupdatecomparelogic="1"   commoncaption="VoucherCode" mustinput="0"  descvalue=""  orlogic="0" projectno="U8CUSTDEF" pointbit="-1" showstyle="0"  ispara="0" fieldclass="" displayinportalview="0" autodisplaytext="0" isfacilitycondition="0" isjoinfulltextquery="0"/>
<item position= "1360" name="VoucherId" caption="VoucherId" reftype="0" refid="" rangeinput="1" commonlogic="eq" multselect="0"  fieldname="VoucherId" iscommon="0" allowupdatecomparelogic="1"   commoncaption="VoucherId" mustinput="0"  descvalue=""  orlogic="0" projectno="U8CUSTDEF" pointbit="-1" showstyle="0"  ispara="0" fieldclass="" displayinportalview="0" autodisplaytext="0" isfacilitycondition="0" isjoinfulltextquery="0"/>
<item position= "1370" name="VoucherType" caption="VoucherType" reftype="0" refid="" rangeinput="1" commonlogic="eq" multselect="0"  fieldname="VoucherType" iscommon="0" allowupdatecomparelogic="1"   commoncaption="VoucherType" mustinput="0"  descvalue=""  orlogic="0" projectno="U8CUSTDEF" pointbit="-1" showstyle="0"  ispara="0" fieldclass="" displayinportalview="0" autodisplaytext="0" isfacilitycondition="0" isjoinfulltextquery="0"/>
</items></filter></root>',N'','项目需求计划变更单列表','项目需求计划变更单列表',0,null,null)

insert into flt_definemeta_lang ([FilterID],[LocaleID],[XMLExpression],[SubNO],[ProjectNO],[Title])
values('EP0203','zh-cn','<root><items><item name="auxunitcode" caption="辅计量单位编码" columncaption="" /> 
<item name="auxunitname" caption="辅计量单位" columncaption="" /> 
<item name="b_ccomunitname" caption="主计量单位" columncaption="" /> 
<item name="b_ccuscode" caption="客户编码" columncaption="" /> 
<item name="b_ccusname" caption="客户名称" columncaption="" /> 
<item name="b_cdepcode" caption="部门编码" columncaption="" /> 
<item name="b_cdepname" caption="部门名称" columncaption="" /> 
<item name="b_cfree1" caption="表体存货自由项1" columncaption="" /> 
<item name="b_cfree10" caption="表体存货自由项10" columncaption="" /> 
<item name="b_cfree2" caption="表体存货自由项2" columncaption="" /> 
<item name="b_cfree3" caption="表体存货自由项3" columncaption="" /> 
<item name="b_cfree4" caption="表体存货自由项4" columncaption="" /> 
<item name="b_cfree5" caption="表体存货自由项5" columncaption="" /> 
<item name="b_cfree6" caption="表体存货自由项6" columncaption="" /> 
<item name="b_cfree7" caption="表体存货自由项7" columncaption="" /> 
<item name="b_cfree8" caption="表体存货自由项8" columncaption="" /> 
<item name="b_cfree9" caption="表体存货自由项9" columncaption="" /> 
<item name="b_cinvcode" caption="存货编码" columncaption="" /> 
<item name="b_cinvname" caption="存货名称" columncaption="" /> 
<item name="b_cinvstd" caption="规格" columncaption="" /> 
<item name="b_cpersoncode" caption="人员编码" columncaption="" /> 
<item name="b_cpersonname" caption="人员名称" columncaption="" /> 
<item name="b_cvencode" caption="供应商编码" columncaption="" /> 
<item name="b_cvenname" caption="供应商名称" columncaption="" /> 
<item name="b_cwhcode" caption="仓库编码" columncaption="" /> 
<item name="b_cwhname" caption="仓库名称" columncaption="" /> 
<item name="cbclosedate" caption="关闭日期" columncaption="" /> 
<item name="cbcloser" caption="关闭人" columncaption="" /> 
<item name="cbmemo" caption="表体备注" columncaption="" /> 
<item name="ccloser" caption="关闭人" columncaption="" /> 
<item name="ccode" caption="单据编号" columncaption="" /> 
<item name="ccusname" caption="客户" columncaption="" /> 
<item name="cInvDefine1" caption="存货自定义项1" columncaption="" /> 
<item name="cInvDefine10" caption="存货自定义项10" columncaption="" /> 
<item name="cInvDefine11" caption="存货自定义项11" columncaption="" /> 
<item name="cInvDefine12" caption="存货自定义项12" columncaption="" /> 
<item name="cInvDefine13" caption="存货自定义项13" columncaption="" /> 
<item name="cInvDefine14" caption="存货自定义项14" columncaption="" /> 
<item name="cInvDefine15" caption="存货自定义项15" columncaption="" /> 
<item name="cInvDefine16" caption="存货自定义项16" columncaption="" /> 
<item name="cInvDefine2" caption="存货自定义项2" columncaption="" /> 
<item name="cInvDefine3" caption="存货自定义项3" columncaption="" /> 
<item name="cInvDefine4" caption="存货自定义项4" columncaption="" /> 
<item name="cInvDefine5" caption="存货自定义项5" columncaption="" /> 
<item name="cInvDefine6" caption="存货自定义项6" columncaption="" /> 
<item name="cInvDefine7" caption="存货自定义项7" columncaption="" /> 
<item name="cInvDefine8" caption="存货自定义项8" columncaption="" /> 
<item name="cInvDefine9" caption="存货自定义项9" columncaption="" /> 
<item name="citem_class" caption="项目大类编码" columncaption="" /> 
<item name="citem_cname" caption="项目大类" columncaption="" /> 
<item name="citemcode" caption="项目编码" columncaption="" /> 
<item name="citemgg" caption="产品规格" columncaption="" /> 
<item name="citemname" caption="项目" columncaption="" /> 
<item name="citemth" caption="产品图号" columncaption="" /> 
<item name="cmaker" caption="制单人" columncaption="" /> 
<item name="cmakerddate" caption="制单日期" columncaption="" /> 
<item name="cmemo" caption="备注" columncaption="" /> 
<item name="cmodifer" caption="变更人" columncaption="" /> 
<item name="cmodiferDate" caption="变更日期" columncaption="" /> 
<item name="cmodifier" caption="修改人" columncaption="" /> 
<item name="coutsourced" caption="外协外购" columncaption="" /> 
<item name="cpart" caption="产品部件" columncaption="" /> 
<item name="cperform" caption="材质性能" columncaption="" /> 
<item name="cpmrpautoid" caption="计划单子表主键" columncaption="" /> 
<item name="cpmrpcode" caption="项目清单号" columncaption="" /> 
<item name="cpmrpid" caption="计划单主键" columncaption="" /> 
<item name="cverifier" caption="审核人" columncaption="" /> 
<item name="dcloserdate" caption="关闭日期" columncaption="" /> 
<item name="ddate" caption="单据日期" columncaption="" /> 
<item name="define1" caption="define1" columncaption="" /> 
<item name="define10" caption="define10" columncaption="" /> 
<item name="define11" caption="define11" columncaption="" /> 
<item name="define12" caption="define12" columncaption="" /> 
<item name="define13" caption="define13" columncaption="" /> 
<item name="define14" caption="define14" columncaption="" /> 
<item name="define15" caption="define15" columncaption="" /> 
<item name="define16" caption="define16" columncaption="" /> 
<item name="define2" caption="define2" columncaption="" /> 
<item name="define22" caption="define22" columncaption="" /> 
<item name="define23" caption="define23" columncaption="" /> 
<item name="define24" caption="define24" columncaption="" /> 
<item name="define25" caption="define25" columncaption="" /> 
<item name="define26" caption="define26" columncaption="" /> 
<item name="define27" caption="define27" columncaption="" /> 
<item name="define28" caption="define28" columncaption="" /> 
<item name="define29" caption="define29" columncaption="" /> 
<item name="define3" caption="define3" columncaption="" /> 
<item name="define30" caption="define30" columncaption="" /> 
<item name="define31" caption="项目清单号" columncaption="" /> 
<item name="define32" caption="采购计划单号" columncaption="" /> 
<item name="define33" caption="define33" columncaption="" /> 
<item name="define34" caption="define34" columncaption="" /> 
<item name="define35" caption="define35" columncaption="" /> 
<item name="define36" caption="define36" columncaption="" /> 
<item name="define37" caption="define37" columncaption="" /> 
<item name="define4" caption="define4" columncaption="" /> 
<item name="define5" caption="define5" columncaption="" /> 
<item name="define6" caption="define6" columncaption="" /> 
<item name="define7" caption="define7" columncaption="" /> 
<item name="define8" caption="define8" columncaption="" /> 
<item name="define9" caption="define9" columncaption="" /> 
<item name="dmoddate" caption="修改日期" columncaption="" /> 
<item name="dmodifysystime" caption="修改时间" columncaption="" /> 
<item name="dnverifytime" caption="审核时间" columncaption="" /> 
<item name="dverifydate" caption="审核日期" columncaption="" /> 
<item name="iinvexchrate" caption="换算率" columncaption="" /> 
<item name="ipqty" caption="产量" columncaption="" /> 
<item name="iqty" caption="总数（重）量" columncaption="" /> 
<item name="iqtyold" caption="原总数（重）量" columncaption="" /> 
<item name="irowno" caption="行号" columncaption="" /> 
<item name="iunitqty" caption="单台用量" columncaption="" /> 
<item name="iunitqtyold" caption="原单台用量" columncaption="" /> 
<item name="t_ccuscode" caption="客户编码" columncaption="" /> 
<item name="t_ccusname" caption="客户名称" columncaption="" /> 
<item name="t_cdepcode" caption="部门编码" columncaption="" /> 
<item name="t_cdepname" caption="部门名称" columncaption="" /> 
<item name="t_cfree1" caption="表头存货自由项1" columncaption="" /> 
<item name="t_cfree10" caption="表头存货自由项10" columncaption="" /> 
<item name="t_cfree2" caption="表头存货自由项2" columncaption="" /> 
<item name="t_cfree3" caption="表头存货自由项3" columncaption="" /> 
<item name="t_cfree4" caption="表头存货自由项4" columncaption="" /> 
<item name="t_cfree5" caption="表头存货自由项5" columncaption="" /> 
<item name="t_cfree6" caption="表头存货自由项6" columncaption="" /> 
<item name="t_cfree7" caption="表头存货自由项7" columncaption="" /> 
<item name="t_cfree8" caption="表头存货自由项8" columncaption="" /> 
<item name="t_cfree9" caption="表头存货自由项9" columncaption="" /> 
<item name="t_cinvcode" caption="存货编码" columncaption="" /> 
<item name="t_cinvname" caption="存货名称" columncaption="" /> 
<item name="t_cpersoncode" caption="人员编码" columncaption="" /> 
<item name="t_cpersonname" caption="人员名称" columncaption="" /> 
<item name="t_cvencode" caption="供应商编码" columncaption="" /> 
<item name="t_cvenname" caption="供应商名称" columncaption="" /> 
<item name="t_cwhcode" caption="仓库编码" columncaption="" /> 
<item name="t_cwhname" caption="仓库名称" columncaption="" /> 
<item name="VoucherCode" caption="VoucherCode" columncaption="" /> 
<item name="VoucherId" caption="VoucherId" columncaption="" /> 
<item name="VoucherType" caption="VoucherType" columncaption="" /> 
</items> </root>','EF','U8CUSTDEF','项目需求计划变更单列表')

insert into flt_definemeta_lang ([FilterID],[LocaleID],[XMLExpression],[SubNO],[ProjectNO],[Title])
values('EP0203','en-us','<root><items><item name="auxunitcode" caption="辅计量单位编码" columncaption="" /> 
<item name="auxunitname" caption="辅计量单位" columncaption="" /> 
<item name="b_ccomunitname" caption="主计量单位" columncaption="" /> 
<item name="b_ccuscode" caption="客户编码" columncaption="" /> 
<item name="b_ccusname" caption="客户名称" columncaption="" /> 
<item name="b_cdepcode" caption="部门编码" columncaption="" /> 
<item name="b_cdepname" caption="部门名称" columncaption="" /> 
<item name="b_cfree1" caption="表体存货自由项1" columncaption="" /> 
<item name="b_cfree10" caption="表体存货自由项10" columncaption="" /> 
<item name="b_cfree2" caption="表体存货自由项2" columncaption="" /> 
<item name="b_cfree3" caption="表体存货自由项3" columncaption="" /> 
<item name="b_cfree4" caption="表体存货自由项4" columncaption="" /> 
<item name="b_cfree5" caption="表体存货自由项5" columncaption="" /> 
<item name="b_cfree6" caption="表体存货自由项6" columncaption="" /> 
<item name="b_cfree7" caption="表体存货自由项7" columncaption="" /> 
<item name="b_cfree8" caption="表体存货自由项8" columncaption="" /> 
<item name="b_cfree9" caption="表体存货自由项9" columncaption="" /> 
<item name="b_cinvcode" caption="存货编码" columncaption="" /> 
<item name="b_cinvname" caption="存货名称" columncaption="" /> 
<item name="b_cinvstd" caption="规格" columncaption="" /> 
<item name="b_cpersoncode" caption="人员编码" columncaption="" /> 
<item name="b_cpersonname" caption="人员名称" columncaption="" /> 
<item name="b_cvencode" caption="供应商编码" columncaption="" /> 
<item name="b_cvenname" caption="供应商名称" columncaption="" /> 
<item name="b_cwhcode" caption="仓库编码" columncaption="" /> 
<item name="b_cwhname" caption="仓库名称" columncaption="" /> 
<item name="cbclosedate" caption="关闭日期" columncaption="" /> 
<item name="cbcloser" caption="关闭人" columncaption="" /> 
<item name="cbmemo" caption="表体备注" columncaption="" /> 
<item name="ccloser" caption="关闭人" columncaption="" /> 
<item name="ccode" caption="单据编号" columncaption="" /> 
<item name="ccusname" caption="客户" columncaption="" /> 
<item name="cInvDefine1" caption="存货自定义项1" columncaption="" /> 
<item name="cInvDefine10" caption="存货自定义项10" columncaption="" /> 
<item name="cInvDefine11" caption="存货自定义项11" columncaption="" /> 
<item name="cInvDefine12" caption="存货自定义项12" columncaption="" /> 
<item name="cInvDefine13" caption="存货自定义项13" columncaption="" /> 
<item name="cInvDefine14" caption="存货自定义项14" columncaption="" /> 
<item name="cInvDefine15" caption="存货自定义项15" columncaption="" /> 
<item name="cInvDefine16" caption="存货自定义项16" columncaption="" /> 
<item name="cInvDefine2" caption="存货自定义项2" columncaption="" /> 
<item name="cInvDefine3" caption="存货自定义项3" columncaption="" /> 
<item name="cInvDefine4" caption="存货自定义项4" columncaption="" /> 
<item name="cInvDefine5" caption="存货自定义项5" columncaption="" /> 
<item name="cInvDefine6" caption="存货自定义项6" columncaption="" /> 
<item name="cInvDefine7" caption="存货自定义项7" columncaption="" /> 
<item name="cInvDefine8" caption="存货自定义项8" columncaption="" /> 
<item name="cInvDefine9" caption="存货自定义项9" columncaption="" /> 
<item name="citem_class" caption="项目大类编码" columncaption="" /> 
<item name="citem_cname" caption="项目大类" columncaption="" /> 
<item name="citemcode" caption="项目编码" columncaption="" /> 
<item name="citemgg" caption="产品规格" columncaption="" /> 
<item name="citemname" caption="项目" columncaption="" /> 
<item name="citemth" caption="产品图号" columncaption="" /> 
<item name="cmaker" caption="制单人" columncaption="" /> 
<item name="cmakerddate" caption="制单日期" columncaption="" /> 
<item name="cmemo" caption="备注" columncaption="" /> 
<item name="cmodifer" caption="变更人" columncaption="" /> 
<item name="cmodiferDate" caption="变更日期" columncaption="" /> 
<item name="cmodifier" caption="修改人" columncaption="" /> 
<item name="coutsourced" caption="外协外购" columncaption="" /> 
<item name="cpart" caption="产品部件" columncaption="" /> 
<item name="cperform" caption="材质性能" columncaption="" /> 
<item name="cpmrpautoid" caption="计划单子表主键" columncaption="" /> 
<item name="cpmrpcode" caption="项目清单号" columncaption="" /> 
<item name="cpmrpid" caption="计划单主键" columncaption="" /> 
<item name="cverifier" caption="审核人" columncaption="" /> 
<item name="dcloserdate" caption="关闭日期" columncaption="" /> 
<item name="ddate" caption="单据日期" columncaption="" /> 
<item name="define1" caption="define1" columncaption="" /> 
<item name="define10" caption="define10" columncaption="" /> 
<item name="define11" caption="define11" columncaption="" /> 
<item name="define12" caption="define12" columncaption="" /> 
<item name="define13" caption="define13" columncaption="" /> 
<item name="define14" caption="define14" columncaption="" /> 
<item name="define15" caption="define15" columncaption="" /> 
<item name="define16" caption="define16" columncaption="" /> 
<item name="define2" caption="define2" columncaption="" /> 
<item name="define22" caption="define22" columncaption="" /> 
<item name="define23" caption="define23" columncaption="" /> 
<item name="define24" caption="define24" columncaption="" /> 
<item name="define25" caption="define25" columncaption="" /> 
<item name="define26" caption="define26" columncaption="" /> 
<item name="define27" caption="define27" columncaption="" /> 
<item name="define28" caption="define28" columncaption="" /> 
<item name="define29" caption="define29" columncaption="" /> 
<item name="define3" caption="define3" columncaption="" /> 
<item name="define30" caption="define30" columncaption="" /> 
<item name="define31" caption="项目清单号" columncaption="" /> 
<item name="define32" caption="采购计划单号" columncaption="" /> 
<item name="define33" caption="define33" columncaption="" /> 
<item name="define34" caption="define34" columncaption="" /> 
<item name="define35" caption="define35" columncaption="" /> 
<item name="define36" caption="define36" columncaption="" /> 
<item name="define37" caption="define37" columncaption="" /> 
<item name="define4" caption="define4" columncaption="" /> 
<item name="define5" caption="define5" columncaption="" /> 
<item name="define6" caption="define6" columncaption="" /> 
<item name="define7" caption="define7" columncaption="" /> 
<item name="define8" caption="define8" columncaption="" /> 
<item name="define9" caption="define9" columncaption="" /> 
<item name="dmoddate" caption="修改日期" columncaption="" /> 
<item name="dmodifysystime" caption="修改时间" columncaption="" /> 
<item name="dnverifytime" caption="审核时间" columncaption="" /> 
<item name="dverifydate" caption="审核日期" columncaption="" /> 
<item name="iinvexchrate" caption="换算率" columncaption="" /> 
<item name="ipqty" caption="产量" columncaption="" /> 
<item name="iqty" caption="总数（重）量" columncaption="" /> 
<item name="iqtyold" caption="原总数（重）量" columncaption="" /> 
<item name="irowno" caption="行号" columncaption="" /> 
<item name="iunitqty" caption="单台用量" columncaption="" /> 
<item name="iunitqtyold" caption="原单台用量" columncaption="" /> 
<item name="t_ccuscode" caption="客户编码" columncaption="" /> 
<item name="t_ccusname" caption="客户名称" columncaption="" /> 
<item name="t_cdepcode" caption="部门编码" columncaption="" /> 
<item name="t_cdepname" caption="部门名称" columncaption="" /> 
<item name="t_cfree1" caption="表头存货自由项1" columncaption="" /> 
<item name="t_cfree10" caption="表头存货自由项10" columncaption="" /> 
<item name="t_cfree2" caption="表头存货自由项2" columncaption="" /> 
<item name="t_cfree3" caption="表头存货自由项3" columncaption="" /> 
<item name="t_cfree4" caption="表头存货自由项4" columncaption="" /> 
<item name="t_cfree5" caption="表头存货自由项5" columncaption="" /> 
<item name="t_cfree6" caption="表头存货自由项6" columncaption="" /> 
<item name="t_cfree7" caption="表头存货自由项7" columncaption="" /> 
<item name="t_cfree8" caption="表头存货自由项8" columncaption="" /> 
<item name="t_cfree9" caption="表头存货自由项9" columncaption="" /> 
<item name="t_cinvcode" caption="存货编码" columncaption="" /> 
<item name="t_cinvname" caption="存货名称" columncaption="" /> 
<item name="t_cpersoncode" caption="人员编码" columncaption="" /> 
<item name="t_cpersonname" caption="人员名称" columncaption="" /> 
<item name="t_cvencode" caption="供应商编码" columncaption="" /> 
<item name="t_cvenname" caption="供应商名称" columncaption="" /> 
<item name="t_cwhcode" caption="仓库编码" columncaption="" /> 
<item name="t_cwhname" caption="仓库名称" columncaption="" /> 
<item name="VoucherCode" caption="VoucherCode" columncaption="" /> 
<item name="VoucherId" caption="VoucherId" columncaption="" /> 
<item name="VoucherType" caption="VoucherType" columncaption="" /> 
</items> </root>','EF','U8CUSTDEF','项目需求计划变更单列表')

insert into flt_definemeta_lang ([FilterID],[LocaleID],[XMLExpression],[SubNO],[ProjectNO],[Title])
values('EP0203','zh-tw','<root><items><item name="auxunitcode" caption="辅计量单位编码" columncaption="" /> 
<item name="auxunitname" caption="辅计量单位" columncaption="" /> 
<item name="b_ccomunitname" caption="主计量单位" columncaption="" /> 
<item name="b_ccuscode" caption="客户编码" columncaption="" /> 
<item name="b_ccusname" caption="客户名称" columncaption="" /> 
<item name="b_cdepcode" caption="部门编码" columncaption="" /> 
<item name="b_cdepname" caption="部门名称" columncaption="" /> 
<item name="b_cfree1" caption="表体存货自由项1" columncaption="" /> 
<item name="b_cfree10" caption="表体存货自由项10" columncaption="" /> 
<item name="b_cfree2" caption="表体存货自由项2" columncaption="" /> 
<item name="b_cfree3" caption="表体存货自由项3" columncaption="" /> 
<item name="b_cfree4" caption="表体存货自由项4" columncaption="" /> 
<item name="b_cfree5" caption="表体存货自由项5" columncaption="" /> 
<item name="b_cfree6" caption="表体存货自由项6" columncaption="" /> 
<item name="b_cfree7" caption="表体存货自由项7" columncaption="" /> 
<item name="b_cfree8" caption="表体存货自由项8" columncaption="" /> 
<item name="b_cfree9" caption="表体存货自由项9" columncaption="" /> 
<item name="b_cinvcode" caption="存货编码" columncaption="" /> 
<item name="b_cinvname" caption="存货名称" columncaption="" /> 
<item name="b_cinvstd" caption="规格" columncaption="" /> 
<item name="b_cpersoncode" caption="人员编码" columncaption="" /> 
<item name="b_cpersonname" caption="人员名称" columncaption="" /> 
<item name="b_cvencode" caption="供应商编码" columncaption="" /> 
<item name="b_cvenname" caption="供应商名称" columncaption="" /> 
<item name="b_cwhcode" caption="仓库编码" columncaption="" /> 
<item name="b_cwhname" caption="仓库名称" columncaption="" /> 
<item name="cbclosedate" caption="关闭日期" columncaption="" /> 
<item name="cbcloser" caption="关闭人" columncaption="" /> 
<item name="cbmemo" caption="表体备注" columncaption="" /> 
<item name="ccloser" caption="关闭人" columncaption="" /> 
<item name="ccode" caption="单据编号" columncaption="" /> 
<item name="ccusname" caption="客户" columncaption="" /> 
<item name="cInvDefine1" caption="存货自定义项1" columncaption="" /> 
<item name="cInvDefine10" caption="存货自定义项10" columncaption="" /> 
<item name="cInvDefine11" caption="存货自定义项11" columncaption="" /> 
<item name="cInvDefine12" caption="存货自定义项12" columncaption="" /> 
<item name="cInvDefine13" caption="存货自定义项13" columncaption="" /> 
<item name="cInvDefine14" caption="存货自定义项14" columncaption="" /> 
<item name="cInvDefine15" caption="存货自定义项15" columncaption="" /> 
<item name="cInvDefine16" caption="存货自定义项16" columncaption="" /> 
<item name="cInvDefine2" caption="存货自定义项2" columncaption="" /> 
<item name="cInvDefine3" caption="存货自定义项3" columncaption="" /> 
<item name="cInvDefine4" caption="存货自定义项4" columncaption="" /> 
<item name="cInvDefine5" caption="存货自定义项5" columncaption="" /> 
<item name="cInvDefine6" caption="存货自定义项6" columncaption="" /> 
<item name="cInvDefine7" caption="存货自定义项7" columncaption="" /> 
<item name="cInvDefine8" caption="存货自定义项8" columncaption="" /> 
<item name="cInvDefine9" caption="存货自定义项9" columncaption="" /> 
<item name="citem_class" caption="项目大类编码" columncaption="" /> 
<item name="citem_cname" caption="项目大类" columncaption="" /> 
<item name="citemcode" caption="项目编码" columncaption="" /> 
<item name="citemgg" caption="产品规格" columncaption="" /> 
<item name="citemname" caption="项目" columncaption="" /> 
<item name="citemth" caption="产品图号" columncaption="" /> 
<item name="cmaker" caption="制单人" columncaption="" /> 
<item name="cmakerddate" caption="制单日期" columncaption="" /> 
<item name="cmemo" caption="备注" columncaption="" /> 
<item name="cmodifer" caption="变更人" columncaption="" /> 
<item name="cmodiferDate" caption="变更日期" columncaption="" /> 
<item name="cmodifier" caption="修改人" columncaption="" /> 
<item name="coutsourced" caption="外协外购" columncaption="" /> 
<item name="cpart" caption="产品部件" columncaption="" /> 
<item name="cperform" caption="材质性能" columncaption="" /> 
<item name="cpmrpautoid" caption="计划单子表主键" columncaption="" /> 
<item name="cpmrpcode" caption="项目清单号" columncaption="" /> 
<item name="cpmrpid" caption="计划单主键" columncaption="" /> 
<item name="cverifier" caption="审核人" columncaption="" /> 
<item name="dcloserdate" caption="关闭日期" columncaption="" /> 
<item name="ddate" caption="单据日期" columncaption="" /> 
<item name="define1" caption="define1" columncaption="" /> 
<item name="define10" caption="define10" columncaption="" /> 
<item name="define11" caption="define11" columncaption="" /> 
<item name="define12" caption="define12" columncaption="" /> 
<item name="define13" caption="define13" columncaption="" /> 
<item name="define14" caption="define14" columncaption="" /> 
<item name="define15" caption="define15" columncaption="" /> 
<item name="define16" caption="define16" columncaption="" /> 
<item name="define2" caption="define2" columncaption="" /> 
<item name="define22" caption="define22" columncaption="" /> 
<item name="define23" caption="define23" columncaption="" /> 
<item name="define24" caption="define24" columncaption="" /> 
<item name="define25" caption="define25" columncaption="" /> 
<item name="define26" caption="define26" columncaption="" /> 
<item name="define27" caption="define27" columncaption="" /> 
<item name="define28" caption="define28" columncaption="" /> 
<item name="define29" caption="define29" columncaption="" /> 
<item name="define3" caption="define3" columncaption="" /> 
<item name="define30" caption="define30" columncaption="" /> 
<item name="define31" caption="项目清单号" columncaption="" /> 
<item name="define32" caption="采购计划单号" columncaption="" /> 
<item name="define33" caption="define33" columncaption="" /> 
<item name="define34" caption="define34" columncaption="" /> 
<item name="define35" caption="define35" columncaption="" /> 
<item name="define36" caption="define36" columncaption="" /> 
<item name="define37" caption="define37" columncaption="" /> 
<item name="define4" caption="define4" columncaption="" /> 
<item name="define5" caption="define5" columncaption="" /> 
<item name="define6" caption="define6" columncaption="" /> 
<item name="define7" caption="define7" columncaption="" /> 
<item name="define8" caption="define8" columncaption="" /> 
<item name="define9" caption="define9" columncaption="" /> 
<item name="dmoddate" caption="修改日期" columncaption="" /> 
<item name="dmodifysystime" caption="修改时间" columncaption="" /> 
<item name="dnverifytime" caption="审核时间" columncaption="" /> 
<item name="dverifydate" caption="审核日期" columncaption="" /> 
<item name="iinvexchrate" caption="换算率" columncaption="" /> 
<item name="ipqty" caption="产量" columncaption="" /> 
<item name="iqty" caption="总数（重）量" columncaption="" /> 
<item name="iqtyold" caption="原总数（重）量" columncaption="" /> 
<item name="irowno" caption="行号" columncaption="" /> 
<item name="iunitqty" caption="单台用量" columncaption="" /> 
<item name="iunitqtyold" caption="原单台用量" columncaption="" /> 
<item name="t_ccuscode" caption="客户编码" columncaption="" /> 
<item name="t_ccusname" caption="客户名称" columncaption="" /> 
<item name="t_cdepcode" caption="部门编码" columncaption="" /> 
<item name="t_cdepname" caption="部门名称" columncaption="" /> 
<item name="t_cfree1" caption="表头存货自由项1" columncaption="" /> 
<item name="t_cfree10" caption="表头存货自由项10" columncaption="" /> 
<item name="t_cfree2" caption="表头存货自由项2" columncaption="" /> 
<item name="t_cfree3" caption="表头存货自由项3" columncaption="" /> 
<item name="t_cfree4" caption="表头存货自由项4" columncaption="" /> 
<item name="t_cfree5" caption="表头存货自由项5" columncaption="" /> 
<item name="t_cfree6" caption="表头存货自由项6" columncaption="" /> 
<item name="t_cfree7" caption="表头存货自由项7" columncaption="" /> 
<item name="t_cfree8" caption="表头存货自由项8" columncaption="" /> 
<item name="t_cfree9" caption="表头存货自由项9" columncaption="" /> 
<item name="t_cinvcode" caption="存货编码" columncaption="" /> 
<item name="t_cinvname" caption="存货名称" columncaption="" /> 
<item name="t_cpersoncode" caption="人员编码" columncaption="" /> 
<item name="t_cpersonname" caption="人员名称" columncaption="" /> 
<item name="t_cvencode" caption="供应商编码" columncaption="" /> 
<item name="t_cvenname" caption="供应商名称" columncaption="" /> 
<item name="t_cwhcode" caption="仓库编码" columncaption="" /> 
<item name="t_cwhname" caption="仓库名称" columncaption="" /> 
<item name="VoucherCode" caption="VoucherCode" columncaption="" /> 
<item name="VoucherId" caption="VoucherId" columncaption="" /> 
<item name="VoucherType" caption="VoucherType" columncaption="" /> 
</items> </root>','EF','U8CUSTDEF','项目需求计划变更单列表')

---------end
--------------------------------当前工具版本 V12.12.1   脚本创建时间:2018-05-30 10:07:28-----
-- select  *   from   aa_busobject_base where cbusobid  ='EP0205' 
-- select  *   from   aa_columnset_base where ckey ='EP0205'
-- select  *   from   aa_columndic_base where ckey ='EP0205'
--- 
delete  from aa_busobject_base where cbusobid  ='EP0205' 
GO
delete  from aa_columndic_base where ckey ='EP0205'
GO

GO
-----------------------------预置单据列表数据以下部分脚本为工具自动生成，不需要手工预置------------------------------

insert into aa_busobject_base ([cBusObId],[cBusObName],[iAuthType],[bAuthControl],[cSub_Id],[cMark],[iFuncType],[langid],[iOrder])
values('EP0205','采购计划单列表',2,'0','EP',Null,2,'zh-CN',4)
--
insert into aa_columndic_base ([cKey],[cFld],[cQryField],[iColPos],[cCaption],[cCaptionPar],[bFixed],[bDisp],[iColWidth],[iAlign],[cOrder],[bLock],[iMergeCols],[bMustSel],[bNeedSum],[LocaleID],[IsEnum],[EnumType],[EnumTypeString],[bFilter],[bMerge],[CanModify],[ReferType],[bHideInColSet],[cSumType],[cProjectNO])
values('EP0205','selcol','selcol',1,'选择',Null,'1','1',800,4,Null,'1',0,'1','0','zh-CN','0',Null,Null,'0','0','0',Null,'0',Null,'U870')
insert into aa_columndic_base  ([cKey],[cFld],[cQryField],[iColPos],[cCaption],[cCaptionPar],[bFixed],[bDisp],[iColWidth],[iAlign],[cOrder],[bLock],[iMergeCols],[bMustSel],[bNeedSum],[LocaleID],[IsEnum],[EnumType],[EnumTypeString],[bFilter],[bMerge],[CanModify],[ReferType],[bHideInColSet],[cSumType],[cProjectNO])
values('EP0205','id','id',2,'id','','0',0,1500,4,'','0','0',1,'0','zh-CN','','','','0','0','','','0','','U870')
insert into aa_columndic_base  ([cKey],[cFld],[cQryField],[iColPos],[cCaption],[cCaptionPar],[bFixed],[bDisp],[iColWidth],[iAlign],[cOrder],[bLock],[iMergeCols],[bMustSel],[bNeedSum],[LocaleID],[IsEnum],[EnumType],[EnumTypeString],[bFilter],[bMerge],[CanModify],[ReferType],[bHideInColSet],[cSumType],[cProjectNO])
values('EP0205','vt_id','vt_id',3,'vt_id','','0',0,1500,4,'','0','0',1,'0','zh-CN','','','','0','0','','','0','','U870')
insert into aa_columndic_base  ([cKey],[cFld],[cQryField],[iColPos],[cCaption],[cCaptionPar],[bFixed],[bDisp],[iColWidth],[iAlign],[cOrder],[bLock],[iMergeCols],[bMustSel],[bNeedSum],[LocaleID],[IsEnum],[EnumType],[EnumTypeString],[bFilter],[bMerge],[CanModify],[ReferType],[bHideInColSet],[cSumType],[cProjectNO])
values('EP0205','ufts','ufts',4,'ufts','','0',0,1500,1,'','0','0',1,'0','zh-CN','','','','0','0','','','0','','U870')
insert into aa_columndic_base  ([cKey],[cFld],[cQryField],[iColPos],[cCaption],[cCaptionPar],[bFixed],[bDisp],[iColWidth],[iAlign],[cOrder],[bLock],[iMergeCols],[bMustSel],[bNeedSum],[LocaleID],[IsEnum],[EnumType],[EnumTypeString],[bFilter],[bMerge],[CanModify],[ReferType],[bHideInColSet],[cSumType],[cProjectNO])
values('EP0205','cvouchtype','cvouchtype',5,'cvouchtype','','0',0,1500,1,'','0','0',1,'0','zh-CN','','','','0','0','','','0','','U870')
insert into aa_columndic_base  ([cKey],[cFld],[cQryField],[iColPos],[cCaption],[cCaptionPar],[bFixed],[bDisp],[iColWidth],[iAlign],[cOrder],[bLock],[iMergeCols],[bMustSel],[bNeedSum],[LocaleID],[IsEnum],[EnumType],[EnumTypeString],[bFilter],[bMerge],[CanModify],[ReferType],[bHideInColSet],[cSumType],[cProjectNO])
values('EP0205','ireturncount','ireturncount',6,'ireturncount','','0',0,1500,4,'','0','0',1,'0','zh-CN','','','','0','0','','','0','','U870')
insert into aa_columndic_base  ([cKey],[cFld],[cQryField],[iColPos],[cCaption],[cCaptionPar],[bFixed],[bDisp],[iColWidth],[iAlign],[cOrder],[bLock],[iMergeCols],[bMustSel],[bNeedSum],[LocaleID],[IsEnum],[EnumType],[EnumTypeString],[bFilter],[bMerge],[CanModify],[ReferType],[bHideInColSet],[cSumType],[cProjectNO])
values('EP0205','iswfcontrolled','iswfcontrolled',7,'iswfcontrolled','','0',0,1500,4,'','0','0',1,'0','zh-CN','','','','0','0','','','0','','U870')
insert into aa_columndic_base  ([cKey],[cFld],[cQryField],[iColPos],[cCaption],[cCaptionPar],[bFixed],[bDisp],[iColWidth],[iAlign],[cOrder],[bLock],[iMergeCols],[bMustSel],[bNeedSum],[LocaleID],[IsEnum],[EnumType],[EnumTypeString],[bFilter],[bMerge],[CanModify],[ReferType],[bHideInColSet],[cSumType],[cProjectNO])
values('EP0205','iverifystate','iverifystate',8,'iverifystate','','0',0,1500,4,'','0','0',1,'0','zh-CN','','','','0','0','','','0','','U870')
insert into aa_columndic_base  ([cKey],[cFld],[cQryField],[iColPos],[cCaption],[cCaptionPar],[bFixed],[bDisp],[iColWidth],[iAlign],[cOrder],[bLock],[iMergeCols],[bMustSel],[bNeedSum],[LocaleID],[IsEnum],[EnumType],[EnumTypeString],[bFilter],[bMerge],[CanModify],[ReferType],[bHideInColSet],[cSumType],[cProjectNO])
values('EP0205','VoucherId','VoucherId',9,'VoucherId','','0',0,1500,4,'','0','0',1,'0','zh-CN','','','','0','0','','','0','','U870')
insert into aa_columndic_base  ([cKey],[cFld],[cQryField],[iColPos],[cCaption],[cCaptionPar],[bFixed],[bDisp],[iColWidth],[iAlign],[cOrder],[bLock],[iMergeCols],[bMustSel],[bNeedSum],[LocaleID],[IsEnum],[EnumType],[EnumTypeString],[bFilter],[bMerge],[CanModify],[ReferType],[bHideInColSet],[cSumType],[cProjectNO])
values('EP0205','VoucherCode','VoucherCode',10,'VoucherCode','','0',0,1500,1,'','0','0',1,'0','zh-CN','','','','0','0','','','0','','U870')
insert into aa_columndic_base  ([cKey],[cFld],[cQryField],[iColPos],[cCaption],[cCaptionPar],[bFixed],[bDisp],[iColWidth],[iAlign],[cOrder],[bLock],[iMergeCols],[bMustSel],[bNeedSum],[LocaleID],[IsEnum],[EnumType],[EnumTypeString],[bFilter],[bMerge],[CanModify],[ReferType],[bHideInColSet],[cSumType],[cProjectNO])
values('EP0205','VoucherType','VoucherType',11,'VoucherType','','0',0,1500,1,'','0','0',1,'0','zh-CN','','','','0','0','','','0','','U870')
insert into aa_columndic_base  ([cKey],[cFld],[cQryField],[iColPos],[cCaption],[cCaptionPar],[bFixed],[bDisp],[iColWidth],[iAlign],[cOrder],[bLock],[iMergeCols],[bMustSel],[bNeedSum],[LocaleID],[IsEnum],[EnumType],[EnumTypeString],[bFilter],[bMerge],[CanModify],[ReferType],[bHideInColSet],[cSumType],[cProjectNO])
values('EP0205','define1','define1',12,'define1','','0',0,1500,1,'','0','0',0,'0','zh-CN','','','','0','0','','','0','','U870')
insert into aa_columndic_base  ([cKey],[cFld],[cQryField],[iColPos],[cCaption],[cCaptionPar],[bFixed],[bDisp],[iColWidth],[iAlign],[cOrder],[bLock],[iMergeCols],[bMustSel],[bNeedSum],[LocaleID],[IsEnum],[EnumType],[EnumTypeString],[bFilter],[bMerge],[CanModify],[ReferType],[bHideInColSet],[cSumType],[cProjectNO])
values('EP0205','define2','define2',13,'define2','','0',0,1500,1,'','0','0',0,'0','zh-CN','','','','0','0','','','0','','U870')
insert into aa_columndic_base  ([cKey],[cFld],[cQryField],[iColPos],[cCaption],[cCaptionPar],[bFixed],[bDisp],[iColWidth],[iAlign],[cOrder],[bLock],[iMergeCols],[bMustSel],[bNeedSum],[LocaleID],[IsEnum],[EnumType],[EnumTypeString],[bFilter],[bMerge],[CanModify],[ReferType],[bHideInColSet],[cSumType],[cProjectNO])
values('EP0205','define3','define3',14,'define3','','0',0,1500,1,'','0','0',0,'0','zh-CN','','','','0','0','','','0','','U870')
insert into aa_columndic_base  ([cKey],[cFld],[cQryField],[iColPos],[cCaption],[cCaptionPar],[bFixed],[bDisp],[iColWidth],[iAlign],[cOrder],[bLock],[iMergeCols],[bMustSel],[bNeedSum],[LocaleID],[IsEnum],[EnumType],[EnumTypeString],[bFilter],[bMerge],[CanModify],[ReferType],[bHideInColSet],[cSumType],[cProjectNO])
values('EP0205','define4','define4',15,'define4','','0',0,1500,1,'','0','0',0,'0','zh-CN','','','','0','0','','','0','','U870')
insert into aa_columndic_base  ([cKey],[cFld],[cQryField],[iColPos],[cCaption],[cCaptionPar],[bFixed],[bDisp],[iColWidth],[iAlign],[cOrder],[bLock],[iMergeCols],[bMustSel],[bNeedSum],[LocaleID],[IsEnum],[EnumType],[EnumTypeString],[bFilter],[bMerge],[CanModify],[ReferType],[bHideInColSet],[cSumType],[cProjectNO])
values('EP0205','define5','define5',16,'define5','','0',0,1500,7,'','0','0',0,'0','zh-CN','','','','0','0','','','0','','U870')
insert into aa_columndic_base  ([cKey],[cFld],[cQryField],[iColPos],[cCaption],[cCaptionPar],[bFixed],[bDisp],[iColWidth],[iAlign],[cOrder],[bLock],[iMergeCols],[bMustSel],[bNeedSum],[LocaleID],[IsEnum],[EnumType],[EnumTypeString],[bFilter],[bMerge],[CanModify],[ReferType],[bHideInColSet],[cSumType],[cProjectNO])
values('EP0205','define6','define6',17,'define6','','0',0,1500,1,'','0','0',0,'0','zh-CN','','','','0','0','','','0','','U870')
insert into aa_columndic_base  ([cKey],[cFld],[cQryField],[iColPos],[cCaption],[cCaptionPar],[bFixed],[bDisp],[iColWidth],[iAlign],[cOrder],[bLock],[iMergeCols],[bMustSel],[bNeedSum],[LocaleID],[IsEnum],[EnumType],[EnumTypeString],[bFilter],[bMerge],[CanModify],[ReferType],[bHideInColSet],[cSumType],[cProjectNO])
values('EP0205','define7','define7',18,'define7','','0',0,1500,7,'','0','0',0,'0','zh-CN','','','','0','0','','','0','','U870')
insert into aa_columndic_base  ([cKey],[cFld],[cQryField],[iColPos],[cCaption],[cCaptionPar],[bFixed],[bDisp],[iColWidth],[iAlign],[cOrder],[bLock],[iMergeCols],[bMustSel],[bNeedSum],[LocaleID],[IsEnum],[EnumType],[EnumTypeString],[bFilter],[bMerge],[CanModify],[ReferType],[bHideInColSet],[cSumType],[cProjectNO])
values('EP0205','define8','define8',19,'define8','','0',0,1500,1,'','0','0',0,'0','zh-CN','','','','0','0','','','0','','U870')
insert into aa_columndic_base  ([cKey],[cFld],[cQryField],[iColPos],[cCaption],[cCaptionPar],[bFixed],[bDisp],[iColWidth],[iAlign],[cOrder],[bLock],[iMergeCols],[bMustSel],[bNeedSum],[LocaleID],[IsEnum],[EnumType],[EnumTypeString],[bFilter],[bMerge],[CanModify],[ReferType],[bHideInColSet],[cSumType],[cProjectNO])
values('EP0205','define9','define9',20,'define9','','0',0,1500,1,'','0','0',0,'0','zh-CN','','','','0','0','','','0','','U870')
insert into aa_columndic_base  ([cKey],[cFld],[cQryField],[iColPos],[cCaption],[cCaptionPar],[bFixed],[bDisp],[iColWidth],[iAlign],[cOrder],[bLock],[iMergeCols],[bMustSel],[bNeedSum],[LocaleID],[IsEnum],[EnumType],[EnumTypeString],[bFilter],[bMerge],[CanModify],[ReferType],[bHideInColSet],[cSumType],[cProjectNO])
values('EP0205','define10','define10',21,'define10','','0',0,1500,1,'','0','0',0,'0','zh-CN','','','','0','0','','','0','','U870')
insert into aa_columndic_base  ([cKey],[cFld],[cQryField],[iColPos],[cCaption],[cCaptionPar],[bFixed],[bDisp],[iColWidth],[iAlign],[cOrder],[bLock],[iMergeCols],[bMustSel],[bNeedSum],[LocaleID],[IsEnum],[EnumType],[EnumTypeString],[bFilter],[bMerge],[CanModify],[ReferType],[bHideInColSet],[cSumType],[cProjectNO])
values('EP0205','define11','define11',22,'define11','','0',0,1500,1,'','0','0',0,'0','zh-CN','','','','0','0','','','0','','U870')
insert into aa_columndic_base  ([cKey],[cFld],[cQryField],[iColPos],[cCaption],[cCaptionPar],[bFixed],[bDisp],[iColWidth],[iAlign],[cOrder],[bLock],[iMergeCols],[bMustSel],[bNeedSum],[LocaleID],[IsEnum],[EnumType],[EnumTypeString],[bFilter],[bMerge],[CanModify],[ReferType],[bHideInColSet],[cSumType],[cProjectNO])
values('EP0205','define12','define12',23,'define12','','0',0,1500,1,'','0','0',0,'0','zh-CN','','','','0','0','','','0','','U870')
insert into aa_columndic_base  ([cKey],[cFld],[cQryField],[iColPos],[cCaption],[cCaptionPar],[bFixed],[bDisp],[iColWidth],[iAlign],[cOrder],[bLock],[iMergeCols],[bMustSel],[bNeedSum],[LocaleID],[IsEnum],[EnumType],[EnumTypeString],[bFilter],[bMerge],[CanModify],[ReferType],[bHideInColSet],[cSumType],[cProjectNO])
values('EP0205','define13','define13',24,'define13','','0',0,1500,1,'','0','0',0,'0','zh-CN','','','','0','0','','','0','','U870')
insert into aa_columndic_base  ([cKey],[cFld],[cQryField],[iColPos],[cCaption],[cCaptionPar],[bFixed],[bDisp],[iColWidth],[iAlign],[cOrder],[bLock],[iMergeCols],[bMustSel],[bNeedSum],[LocaleID],[IsEnum],[EnumType],[EnumTypeString],[bFilter],[bMerge],[CanModify],[ReferType],[bHideInColSet],[cSumType],[cProjectNO])
values('EP0205','define14','define14',25,'define14','','0',0,1500,1,'','0','0',0,'0','zh-CN','','','','0','0','','','0','','U870')
insert into aa_columndic_base  ([cKey],[cFld],[cQryField],[iColPos],[cCaption],[cCaptionPar],[bFixed],[bDisp],[iColWidth],[iAlign],[cOrder],[bLock],[iMergeCols],[bMustSel],[bNeedSum],[LocaleID],[IsEnum],[EnumType],[EnumTypeString],[bFilter],[bMerge],[CanModify],[ReferType],[bHideInColSet],[cSumType],[cProjectNO])
values('EP0205','define15','define15',26,'define15','','0',0,1500,7,'','0','0',0,'0','zh-CN','','','','0','0','','','0','','U870')
insert into aa_columndic_base  ([cKey],[cFld],[cQryField],[iColPos],[cCaption],[cCaptionPar],[bFixed],[bDisp],[iColWidth],[iAlign],[cOrder],[bLock],[iMergeCols],[bMustSel],[bNeedSum],[LocaleID],[IsEnum],[EnumType],[EnumTypeString],[bFilter],[bMerge],[CanModify],[ReferType],[bHideInColSet],[cSumType],[cProjectNO])
values('EP0205','define16','define16',27,'define16','','0',0,1500,7,'','0','0',0,'0','zh-CN','','','','0','0','','','0','','U870')
insert into aa_columndic_base  ([cKey],[cFld],[cQryField],[iColPos],[cCaption],[cCaptionPar],[bFixed],[bDisp],[iColWidth],[iAlign],[cOrder],[bLock],[iMergeCols],[bMustSel],[bNeedSum],[LocaleID],[IsEnum],[EnumType],[EnumTypeString],[bFilter],[bMerge],[CanModify],[ReferType],[bHideInColSet],[cSumType],[cProjectNO])
values('EP0205','ccode','ccode',28,'单据编号','','0',1,1500,1,'','0','0',0,'0','zh-CN','','','','0','0','','','0','','U870')
insert into aa_columndic_base  ([cKey],[cFld],[cQryField],[iColPos],[cCaption],[cCaptionPar],[bFixed],[bDisp],[iColWidth],[iAlign],[cOrder],[bLock],[iMergeCols],[bMustSel],[bNeedSum],[LocaleID],[IsEnum],[EnumType],[EnumTypeString],[bFilter],[bMerge],[CanModify],[ReferType],[bHideInColSet],[cSumType],[cProjectNO])
values('EP0205','ddate','ddate',29,'单据日期','','0',1,1500,1,'','0','0',0,'0','zh-CN','','','','0','0','','','0','','U870')
insert into aa_columndic_base  ([cKey],[cFld],[cQryField],[iColPos],[cCaption],[cCaptionPar],[bFixed],[bDisp],[iColWidth],[iAlign],[cOrder],[bLock],[iMergeCols],[bMustSel],[bNeedSum],[LocaleID],[IsEnum],[EnumType],[EnumTypeString],[bFilter],[bMerge],[CanModify],[ReferType],[bHideInColSet],[cSumType],[cProjectNO])
values('EP0205','t_cfree1','t_cfree1',30,'表头存货自由项1','','0',0,1500,1,'','0','0',0,'0','zh-CN','','','','0','0','','','0','','U870')
insert into aa_columndic_base  ([cKey],[cFld],[cQryField],[iColPos],[cCaption],[cCaptionPar],[bFixed],[bDisp],[iColWidth],[iAlign],[cOrder],[bLock],[iMergeCols],[bMustSel],[bNeedSum],[LocaleID],[IsEnum],[EnumType],[EnumTypeString],[bFilter],[bMerge],[CanModify],[ReferType],[bHideInColSet],[cSumType],[cProjectNO])
values('EP0205','t_cfree10','t_cfree10',31,'表头存货自由项10','','0',0,1500,1,'','0','0',0,'0','zh-CN','','','','0','0','','','0','','U870')
insert into aa_columndic_base  ([cKey],[cFld],[cQryField],[iColPos],[cCaption],[cCaptionPar],[bFixed],[bDisp],[iColWidth],[iAlign],[cOrder],[bLock],[iMergeCols],[bMustSel],[bNeedSum],[LocaleID],[IsEnum],[EnumType],[EnumTypeString],[bFilter],[bMerge],[CanModify],[ReferType],[bHideInColSet],[cSumType],[cProjectNO])
values('EP0205','t_cfree2','t_cfree2',32,'表头存货自由项2','','0',0,1500,1,'','0','0',0,'0','zh-CN','','','','0','0','','','0','','U870')
insert into aa_columndic_base  ([cKey],[cFld],[cQryField],[iColPos],[cCaption],[cCaptionPar],[bFixed],[bDisp],[iColWidth],[iAlign],[cOrder],[bLock],[iMergeCols],[bMustSel],[bNeedSum],[LocaleID],[IsEnum],[EnumType],[EnumTypeString],[bFilter],[bMerge],[CanModify],[ReferType],[bHideInColSet],[cSumType],[cProjectNO])
values('EP0205','t_cfree3','t_cfree3',33,'表头存货自由项3','','0',0,1500,1,'','0','0',0,'0','zh-CN','','','','0','0','','','0','','U870')
insert into aa_columndic_base  ([cKey],[cFld],[cQryField],[iColPos],[cCaption],[cCaptionPar],[bFixed],[bDisp],[iColWidth],[iAlign],[cOrder],[bLock],[iMergeCols],[bMustSel],[bNeedSum],[LocaleID],[IsEnum],[EnumType],[EnumTypeString],[bFilter],[bMerge],[CanModify],[ReferType],[bHideInColSet],[cSumType],[cProjectNO])
values('EP0205','t_cfree4','t_cfree4',34,'表头存货自由项4','','0',0,1500,1,'','0','0',0,'0','zh-CN','','','','0','0','','','0','','U870')
insert into aa_columndic_base  ([cKey],[cFld],[cQryField],[iColPos],[cCaption],[cCaptionPar],[bFixed],[bDisp],[iColWidth],[iAlign],[cOrder],[bLock],[iMergeCols],[bMustSel],[bNeedSum],[LocaleID],[IsEnum],[EnumType],[EnumTypeString],[bFilter],[bMerge],[CanModify],[ReferType],[bHideInColSet],[cSumType],[cProjectNO])
values('EP0205','t_cfree5','t_cfree5',35,'表头存货自由项5','','0',0,1500,1,'','0','0',0,'0','zh-CN','','','','0','0','','','0','','U870')
insert into aa_columndic_base  ([cKey],[cFld],[cQryField],[iColPos],[cCaption],[cCaptionPar],[bFixed],[bDisp],[iColWidth],[iAlign],[cOrder],[bLock],[iMergeCols],[bMustSel],[bNeedSum],[LocaleID],[IsEnum],[EnumType],[EnumTypeString],[bFilter],[bMerge],[CanModify],[ReferType],[bHideInColSet],[cSumType],[cProjectNO])
values('EP0205','t_cfree6','t_cfree6',36,'表头存货自由项6','','0',0,1500,1,'','0','0',0,'0','zh-CN','','','','0','0','','','0','','U870')
insert into aa_columndic_base  ([cKey],[cFld],[cQryField],[iColPos],[cCaption],[cCaptionPar],[bFixed],[bDisp],[iColWidth],[iAlign],[cOrder],[bLock],[iMergeCols],[bMustSel],[bNeedSum],[LocaleID],[IsEnum],[EnumType],[EnumTypeString],[bFilter],[bMerge],[CanModify],[ReferType],[bHideInColSet],[cSumType],[cProjectNO])
values('EP0205','t_cfree7','t_cfree7',37,'表头存货自由项7','','0',0,1500,1,'','0','0',0,'0','zh-CN','','','','0','0','','','0','','U870')
insert into aa_columndic_base  ([cKey],[cFld],[cQryField],[iColPos],[cCaption],[cCaptionPar],[bFixed],[bDisp],[iColWidth],[iAlign],[cOrder],[bLock],[iMergeCols],[bMustSel],[bNeedSum],[LocaleID],[IsEnum],[EnumType],[EnumTypeString],[bFilter],[bMerge],[CanModify],[ReferType],[bHideInColSet],[cSumType],[cProjectNO])
values('EP0205','t_cfree8','t_cfree8',38,'表头存货自由项8','','0',0,1500,1,'','0','0',0,'0','zh-CN','','','','0','0','','','0','','U870')
insert into aa_columndic_base  ([cKey],[cFld],[cQryField],[iColPos],[cCaption],[cCaptionPar],[bFixed],[bDisp],[iColWidth],[iAlign],[cOrder],[bLock],[iMergeCols],[bMustSel],[bNeedSum],[LocaleID],[IsEnum],[EnumType],[EnumTypeString],[bFilter],[bMerge],[CanModify],[ReferType],[bHideInColSet],[cSumType],[cProjectNO])
values('EP0205','t_cfree9','t_cfree9',39,'表头存货自由项9','','0',0,1500,1,'','0','0',0,'0','zh-CN','','','','0','0','','','0','','U870')
insert into aa_columndic_base  ([cKey],[cFld],[cQryField],[iColPos],[cCaption],[cCaptionPar],[bFixed],[bDisp],[iColWidth],[iAlign],[cOrder],[bLock],[iMergeCols],[bMustSel],[bNeedSum],[LocaleID],[IsEnum],[EnumType],[EnumTypeString],[bFilter],[bMerge],[CanModify],[ReferType],[bHideInColSet],[cSumType],[cProjectNO])
values('EP0205','dnverifytime','dnverifytime',40,'审核时间','','0',1,1500,1,'','0','0',0,'0','zh-CN','','','','0','0','','','0','','U870')
insert into aa_columndic_base  ([cKey],[cFld],[cQryField],[iColPos],[cCaption],[cCaptionPar],[bFixed],[bDisp],[iColWidth],[iAlign],[cOrder],[bLock],[iMergeCols],[bMustSel],[bNeedSum],[LocaleID],[IsEnum],[EnumType],[EnumTypeString],[bFilter],[bMerge],[CanModify],[ReferType],[bHideInColSet],[cSumType],[cProjectNO])
values('EP0205','t_cdepname','t_cdepname',41,'部门名称','','0',0,1500,1,'','0','0',0,'0','zh-CN','','','','0','0','','','0','','U870')
insert into aa_columndic_base  ([cKey],[cFld],[cQryField],[iColPos],[cCaption],[cCaptionPar],[bFixed],[bDisp],[iColWidth],[iAlign],[cOrder],[bLock],[iMergeCols],[bMustSel],[bNeedSum],[LocaleID],[IsEnum],[EnumType],[EnumTypeString],[bFilter],[bMerge],[CanModify],[ReferType],[bHideInColSet],[cSumType],[cProjectNO])
values('EP0205','cpmrpcode','cpmrpcode',42,'项目清单号','','0',1,1500,1,'','0','0',0,'0','zh-CN','','','','0','0','','','0','','U870')
insert into aa_columndic_base  ([cKey],[cFld],[cQryField],[iColPos],[cCaption],[cCaptionPar],[bFixed],[bDisp],[iColWidth],[iAlign],[cOrder],[bLock],[iMergeCols],[bMustSel],[bNeedSum],[LocaleID],[IsEnum],[EnumType],[EnumTypeString],[bFilter],[bMerge],[CanModify],[ReferType],[bHideInColSet],[cSumType],[cProjectNO])
values('EP0205','citem_class','citem_class',43,'项目大类编码','','0',1,1500,1,'','0','0',0,'0','zh-CN','','','','0','0','','','0','','U870')
insert into aa_columndic_base  ([cKey],[cFld],[cQryField],[iColPos],[cCaption],[cCaptionPar],[bFixed],[bDisp],[iColWidth],[iAlign],[cOrder],[bLock],[iMergeCols],[bMustSel],[bNeedSum],[LocaleID],[IsEnum],[EnumType],[EnumTypeString],[bFilter],[bMerge],[CanModify],[ReferType],[bHideInColSet],[cSumType],[cProjectNO])
values('EP0205','citem_cname','citem_cname',44,'项目大类','','0',1,1500,1,'','0','0',0,'0','zh-CN','','','','0','0','','','0','','U870')
insert into aa_columndic_base  ([cKey],[cFld],[cQryField],[iColPos],[cCaption],[cCaptionPar],[bFixed],[bDisp],[iColWidth],[iAlign],[cOrder],[bLock],[iMergeCols],[bMustSel],[bNeedSum],[LocaleID],[IsEnum],[EnumType],[EnumTypeString],[bFilter],[bMerge],[CanModify],[ReferType],[bHideInColSet],[cSumType],[cProjectNO])
values('EP0205','citemcode','citemcode',45,'项目编码','','0',1,1500,1,'','0','0',0,'0','zh-CN','','','','0','0','','','0','','U870')
insert into aa_columndic_base  ([cKey],[cFld],[cQryField],[iColPos],[cCaption],[cCaptionPar],[bFixed],[bDisp],[iColWidth],[iAlign],[cOrder],[bLock],[iMergeCols],[bMustSel],[bNeedSum],[LocaleID],[IsEnum],[EnumType],[EnumTypeString],[bFilter],[bMerge],[CanModify],[ReferType],[bHideInColSet],[cSumType],[cProjectNO])
values('EP0205','citemname','citemname',46,'项目','','0',1,1500,1,'','0','0',0,'0','zh-CN','','','','0','0','','','0','','U870')
insert into aa_columndic_base  ([cKey],[cFld],[cQryField],[iColPos],[cCaption],[cCaptionPar],[bFixed],[bDisp],[iColWidth],[iAlign],[cOrder],[bLock],[iMergeCols],[bMustSel],[bNeedSum],[LocaleID],[IsEnum],[EnumType],[EnumTypeString],[bFilter],[bMerge],[CanModify],[ReferType],[bHideInColSet],[cSumType],[cProjectNO])
values('EP0205','t_cpersoncode','t_cpersoncode',47,'人员编码','','0',0,1500,1,'','0','0',0,'0','zh-CN','','','','0','0','','','0','','U870')
insert into aa_columndic_base  ([cKey],[cFld],[cQryField],[iColPos],[cCaption],[cCaptionPar],[bFixed],[bDisp],[iColWidth],[iAlign],[cOrder],[bLock],[iMergeCols],[bMustSel],[bNeedSum],[LocaleID],[IsEnum],[EnumType],[EnumTypeString],[bFilter],[bMerge],[CanModify],[ReferType],[bHideInColSet],[cSumType],[cProjectNO])
values('EP0205','t_cpersonname','t_cpersonname',48,'人员名称','','0',0,1500,1,'','0','0',0,'0','zh-CN','','','','0','0','','','0','','U870')
insert into aa_columndic_base  ([cKey],[cFld],[cQryField],[iColPos],[cCaption],[cCaptionPar],[bFixed],[bDisp],[iColWidth],[iAlign],[cOrder],[bLock],[iMergeCols],[bMustSel],[bNeedSum],[LocaleID],[IsEnum],[EnumType],[EnumTypeString],[bFilter],[bMerge],[CanModify],[ReferType],[bHideInColSet],[cSumType],[cProjectNO])
values('EP0205','ipqty','ipqty',49,'产量','','0',1,1500,7,'','0','0',0,'0','zh-CN','','','','0','0','','','0','','U870')
insert into aa_columndic_base  ([cKey],[cFld],[cQryField],[iColPos],[cCaption],[cCaptionPar],[bFixed],[bDisp],[iColWidth],[iAlign],[cOrder],[bLock],[iMergeCols],[bMustSel],[bNeedSum],[LocaleID],[IsEnum],[EnumType],[EnumTypeString],[bFilter],[bMerge],[CanModify],[ReferType],[bHideInColSet],[cSumType],[cProjectNO])
values('EP0205','citemth','citemth',50,'产品图号','','0',1,1500,1,'','0','0',0,'0','zh-CN','','','','0','0','','','0','','U870')
insert into aa_columndic_base  ([cKey],[cFld],[cQryField],[iColPos],[cCaption],[cCaptionPar],[bFixed],[bDisp],[iColWidth],[iAlign],[cOrder],[bLock],[iMergeCols],[bMustSel],[bNeedSum],[LocaleID],[IsEnum],[EnumType],[EnumTypeString],[bFilter],[bMerge],[CanModify],[ReferType],[bHideInColSet],[cSumType],[cProjectNO])
values('EP0205','citemgg','citemgg',51,'产品规格','','0',1,1500,1,'','0','0',0,'0','zh-CN','','','','0','0','','','0','','U870')
insert into aa_columndic_base  ([cKey],[cFld],[cQryField],[iColPos],[cCaption],[cCaptionPar],[bFixed],[bDisp],[iColWidth],[iAlign],[cOrder],[bLock],[iMergeCols],[bMustSel],[bNeedSum],[LocaleID],[IsEnum],[EnumType],[EnumTypeString],[bFilter],[bMerge],[CanModify],[ReferType],[bHideInColSet],[cSumType],[cProjectNO])
values('EP0205','ccusname','ccusname',52,'客户','','0',1,1500,1,'','0','0',0,'0','zh-CN','','','','0','0','','','0','','U870')
insert into aa_columndic_base  ([cKey],[cFld],[cQryField],[iColPos],[cCaption],[cCaptionPar],[bFixed],[bDisp],[iColWidth],[iAlign],[cOrder],[bLock],[iMergeCols],[bMustSel],[bNeedSum],[LocaleID],[IsEnum],[EnumType],[EnumTypeString],[bFilter],[bMerge],[CanModify],[ReferType],[bHideInColSet],[cSumType],[cProjectNO])
values('EP0205','t_cdepcode','t_cdepcode',53,'部门编码','','0',0,1500,1,'','0','0',0,'0','zh-CN','','','','0','0','','','0','','U870')
insert into aa_columndic_base  ([cKey],[cFld],[cQryField],[iColPos],[cCaption],[cCaptionPar],[bFixed],[bDisp],[iColWidth],[iAlign],[cOrder],[bLock],[iMergeCols],[bMustSel],[bNeedSum],[LocaleID],[IsEnum],[EnumType],[EnumTypeString],[bFilter],[bMerge],[CanModify],[ReferType],[bHideInColSet],[cSumType],[cProjectNO])
values('EP0205','cmemo','cmemo',54,'备注','','0',1,1500,1,'','0','0',0,'0','zh-CN','','','','0','0','','','0','','U870')
insert into aa_columndic_base  ([cKey],[cFld],[cQryField],[iColPos],[cCaption],[cCaptionPar],[bFixed],[bDisp],[iColWidth],[iAlign],[cOrder],[bLock],[iMergeCols],[bMustSel],[bNeedSum],[LocaleID],[IsEnum],[EnumType],[EnumTypeString],[bFilter],[bMerge],[CanModify],[ReferType],[bHideInColSet],[cSumType],[cProjectNO])
values('EP0205','t_ccuscode','t_ccuscode',55,'客户编码','','0',0,1500,1,'','0','0',0,'0','zh-CN','','','','0','0','','','0','','U870')
insert into aa_columndic_base  ([cKey],[cFld],[cQryField],[iColPos],[cCaption],[cCaptionPar],[bFixed],[bDisp],[iColWidth],[iAlign],[cOrder],[bLock],[iMergeCols],[bMustSel],[bNeedSum],[LocaleID],[IsEnum],[EnumType],[EnumTypeString],[bFilter],[bMerge],[CanModify],[ReferType],[bHideInColSet],[cSumType],[cProjectNO])
values('EP0205','t_ccusname','t_ccusname',56,'客户名称','','0',0,1500,1,'','0','0',0,'0','zh-CN','','','','0','0','','','0','','U870')
insert into aa_columndic_base  ([cKey],[cFld],[cQryField],[iColPos],[cCaption],[cCaptionPar],[bFixed],[bDisp],[iColWidth],[iAlign],[cOrder],[bLock],[iMergeCols],[bMustSel],[bNeedSum],[LocaleID],[IsEnum],[EnumType],[EnumTypeString],[bFilter],[bMerge],[CanModify],[ReferType],[bHideInColSet],[cSumType],[cProjectNO])
values('EP0205','t_cvencode','t_cvencode',57,'供应商编码','','0',0,1500,1,'','0','0',0,'0','zh-CN','','','','0','0','','','0','','U870')
insert into aa_columndic_base  ([cKey],[cFld],[cQryField],[iColPos],[cCaption],[cCaptionPar],[bFixed],[bDisp],[iColWidth],[iAlign],[cOrder],[bLock],[iMergeCols],[bMustSel],[bNeedSum],[LocaleID],[IsEnum],[EnumType],[EnumTypeString],[bFilter],[bMerge],[CanModify],[ReferType],[bHideInColSet],[cSumType],[cProjectNO])
values('EP0205','t_cvenname','t_cvenname',58,'供应商名称','','0',0,1500,1,'','0','0',0,'0','zh-CN','','','','0','0','','','0','','U870')
insert into aa_columndic_base  ([cKey],[cFld],[cQryField],[iColPos],[cCaption],[cCaptionPar],[bFixed],[bDisp],[iColWidth],[iAlign],[cOrder],[bLock],[iMergeCols],[bMustSel],[bNeedSum],[LocaleID],[IsEnum],[EnumType],[EnumTypeString],[bFilter],[bMerge],[CanModify],[ReferType],[bHideInColSet],[cSumType],[cProjectNO])
values('EP0205','t_cwhcode','t_cwhcode',59,'仓库编码','','0',0,1500,1,'','0','0',0,'0','zh-CN','','','','0','0','','','0','','U870')
insert into aa_columndic_base  ([cKey],[cFld],[cQryField],[iColPos],[cCaption],[cCaptionPar],[bFixed],[bDisp],[iColWidth],[iAlign],[cOrder],[bLock],[iMergeCols],[bMustSel],[bNeedSum],[LocaleID],[IsEnum],[EnumType],[EnumTypeString],[bFilter],[bMerge],[CanModify],[ReferType],[bHideInColSet],[cSumType],[cProjectNO])
values('EP0205','t_cwhname','t_cwhname',60,'仓库名称','','0',0,1500,1,'','0','0',0,'0','zh-CN','','','','0','0','','','0','','U870')
insert into aa_columndic_base  ([cKey],[cFld],[cQryField],[iColPos],[cCaption],[cCaptionPar],[bFixed],[bDisp],[iColWidth],[iAlign],[cOrder],[bLock],[iMergeCols],[bMustSel],[bNeedSum],[LocaleID],[IsEnum],[EnumType],[EnumTypeString],[bFilter],[bMerge],[CanModify],[ReferType],[bHideInColSet],[cSumType],[cProjectNO])
values('EP0205','t_cinvcode','t_cinvcode',61,'存货编码','','0',0,1500,1,'','0','0',0,'0','zh-CN','','','','0','0','','','0','','U870')
insert into aa_columndic_base  ([cKey],[cFld],[cQryField],[iColPos],[cCaption],[cCaptionPar],[bFixed],[bDisp],[iColWidth],[iAlign],[cOrder],[bLock],[iMergeCols],[bMustSel],[bNeedSum],[LocaleID],[IsEnum],[EnumType],[EnumTypeString],[bFilter],[bMerge],[CanModify],[ReferType],[bHideInColSet],[cSumType],[cProjectNO])
values('EP0205','t_cinvname','t_cinvname',62,'存货名称','','0',0,1500,1,'','0','0',0,'0','zh-CN','','','','0','0','','','0','','U870')
insert into aa_columndic_base  ([cKey],[cFld],[cQryField],[iColPos],[cCaption],[cCaptionPar],[bFixed],[bDisp],[iColWidth],[iAlign],[cOrder],[bLock],[iMergeCols],[bMustSel],[bNeedSum],[LocaleID],[IsEnum],[EnumType],[EnumTypeString],[bFilter],[bMerge],[CanModify],[ReferType],[bHideInColSet],[cSumType],[cProjectNO])
values('EP0205','cmodifer','cmodifer',63,'变更人','','0',0,1500,1,'','0','0',0,'0','zh-CN','','','','0','0','','','0','','U870')
insert into aa_columndic_base  ([cKey],[cFld],[cQryField],[iColPos],[cCaption],[cCaptionPar],[bFixed],[bDisp],[iColWidth],[iAlign],[cOrder],[bLock],[iMergeCols],[bMustSel],[bNeedSum],[LocaleID],[IsEnum],[EnumType],[EnumTypeString],[bFilter],[bMerge],[CanModify],[ReferType],[bHideInColSet],[cSumType],[cProjectNO])
values('EP0205','cmodiferDate','cmodiferDate',64,'变更日期','','0',0,1500,1,'','0','0',0,'0','zh-CN','','','','0','0','','','0','','U870')
insert into aa_columndic_base  ([cKey],[cFld],[cQryField],[iColPos],[cCaption],[cCaptionPar],[bFixed],[bDisp],[iColWidth],[iAlign],[cOrder],[bLock],[iMergeCols],[bMustSel],[bNeedSum],[LocaleID],[IsEnum],[EnumType],[EnumTypeString],[bFilter],[bMerge],[CanModify],[ReferType],[bHideInColSet],[cSumType],[cProjectNO])
values('EP0205','cmaker','cmaker',65,'制单人','','0',1,1500,1,'','0','0',0,'0','zh-CN','','','','0','0','','','0','','U870')
insert into aa_columndic_base  ([cKey],[cFld],[cQryField],[iColPos],[cCaption],[cCaptionPar],[bFixed],[bDisp],[iColWidth],[iAlign],[cOrder],[bLock],[iMergeCols],[bMustSel],[bNeedSum],[LocaleID],[IsEnum],[EnumType],[EnumTypeString],[bFilter],[bMerge],[CanModify],[ReferType],[bHideInColSet],[cSumType],[cProjectNO])
values('EP0205','cmakerddate','cmakerddate',66,'制单日期','','0',1,1500,1,'','0','0',0,'0','zh-CN','','','','0','0','','','0','','U870')
insert into aa_columndic_base  ([cKey],[cFld],[cQryField],[iColPos],[cCaption],[cCaptionPar],[bFixed],[bDisp],[iColWidth],[iAlign],[cOrder],[bLock],[iMergeCols],[bMustSel],[bNeedSum],[LocaleID],[IsEnum],[EnumType],[EnumTypeString],[bFilter],[bMerge],[CanModify],[ReferType],[bHideInColSet],[cSumType],[cProjectNO])
values('EP0205','cmodifier','cmodifier',67,'修改人','','0',1,1500,1,'','0','0',0,'0','zh-CN','','','','0','0','','','0','','U870')
insert into aa_columndic_base  ([cKey],[cFld],[cQryField],[iColPos],[cCaption],[cCaptionPar],[bFixed],[bDisp],[iColWidth],[iAlign],[cOrder],[bLock],[iMergeCols],[bMustSel],[bNeedSum],[LocaleID],[IsEnum],[EnumType],[EnumTypeString],[bFilter],[bMerge],[CanModify],[ReferType],[bHideInColSet],[cSumType],[cProjectNO])
values('EP0205','dmoddate','dmoddate',68,'修改日期','','0',1,1500,1,'','0','0',0,'0','zh-CN','','','','0','0','','','0','','U870')
insert into aa_columndic_base  ([cKey],[cFld],[cQryField],[iColPos],[cCaption],[cCaptionPar],[bFixed],[bDisp],[iColWidth],[iAlign],[cOrder],[bLock],[iMergeCols],[bMustSel],[bNeedSum],[LocaleID],[IsEnum],[EnumType],[EnumTypeString],[bFilter],[bMerge],[CanModify],[ReferType],[bHideInColSet],[cSumType],[cProjectNO])
values('EP0205','dverifydate','dverifydate',69,'审核日期','','0',1,1500,1,'','0','0',0,'0','zh-CN','','','','0','0','','','0','','U870')
insert into aa_columndic_base  ([cKey],[cFld],[cQryField],[iColPos],[cCaption],[cCaptionPar],[bFixed],[bDisp],[iColWidth],[iAlign],[cOrder],[bLock],[iMergeCols],[bMustSel],[bNeedSum],[LocaleID],[IsEnum],[EnumType],[EnumTypeString],[bFilter],[bMerge],[CanModify],[ReferType],[bHideInColSet],[cSumType],[cProjectNO])
values('EP0205','cverifier','cverifier',70,'审核人','','0',1,1500,1,'','0','0',0,'0','zh-CN','','','','0','0','','','0','','U870')
insert into aa_columndic_base  ([cKey],[cFld],[cQryField],[iColPos],[cCaption],[cCaptionPar],[bFixed],[bDisp],[iColWidth],[iAlign],[cOrder],[bLock],[iMergeCols],[bMustSel],[bNeedSum],[LocaleID],[IsEnum],[EnumType],[EnumTypeString],[bFilter],[bMerge],[CanModify],[ReferType],[bHideInColSet],[cSumType],[cProjectNO])
values('EP0205','ccloser','ccloser',71,'关闭人','','0',0,1500,1,'','0','0',0,'0','zh-CN','','','','0','0','','','0','','U870')
insert into aa_columndic_base  ([cKey],[cFld],[cQryField],[iColPos],[cCaption],[cCaptionPar],[bFixed],[bDisp],[iColWidth],[iAlign],[cOrder],[bLock],[iMergeCols],[bMustSel],[bNeedSum],[LocaleID],[IsEnum],[EnumType],[EnumTypeString],[bFilter],[bMerge],[CanModify],[ReferType],[bHideInColSet],[cSumType],[cProjectNO])
values('EP0205','dcloserdate','dcloserdate',72,'关闭日期','','0',0,1500,1,'','0','0',0,'0','zh-CN','','','','0','0','','','0','','U870')
insert into aa_columndic_base  ([cKey],[cFld],[cQryField],[iColPos],[cCaption],[cCaptionPar],[bFixed],[bDisp],[iColWidth],[iAlign],[cOrder],[bLock],[iMergeCols],[bMustSel],[bNeedSum],[LocaleID],[IsEnum],[EnumType],[EnumTypeString],[bFilter],[bMerge],[CanModify],[ReferType],[bHideInColSet],[cSumType],[cProjectNO])
values('EP0205','dmodifysystime','dmodifysystime',73,'修改时间','','0',1,1500,1,'','0','0',0,'0','zh-CN','','','','0','0','','','0','','U870')
insert into aa_columndic_base  ([cKey],[cFld],[cQryField],[iColPos],[cCaption],[cCaptionPar],[bFixed],[bDisp],[iColWidth],[iAlign],[cOrder],[bLock],[iMergeCols],[bMustSel],[bNeedSum],[LocaleID],[IsEnum],[EnumType],[EnumTypeString],[bFilter],[bMerge],[CanModify],[ReferType],[bHideInColSet],[cSumType],[cProjectNO])
values('EP0205','iprintcount','iprintcount',74,'打印次数','','0',1,1500,7,'','0','0',0,'0','zh-CN','','','','0','0','','','0','','U870')
insert into aa_columndic_base  ([cKey],[cFld],[cQryField],[iColPos],[cCaption],[cCaptionPar],[bFixed],[bDisp],[iColWidth],[iAlign],[cOrder],[bLock],[iMergeCols],[bMustSel],[bNeedSum],[LocaleID],[IsEnum],[EnumType],[EnumTypeString],[bFilter],[bMerge],[CanModify],[ReferType],[bHideInColSet],[cSumType],[cProjectNO])
values('EP0205','irowno','irowno',75,'行号','','0',1,1500,7,'','0','0',0,'0','zh-CN','','','','0','0','','','0','','U870')
insert into aa_columndic_base  ([cKey],[cFld],[cQryField],[iColPos],[cCaption],[cCaptionPar],[bFixed],[bDisp],[iColWidth],[iAlign],[cOrder],[bLock],[iMergeCols],[bMustSel],[bNeedSum],[LocaleID],[IsEnum],[EnumType],[EnumTypeString],[bFilter],[bMerge],[CanModify],[ReferType],[bHideInColSet],[cSumType],[cProjectNO])
values('EP0205','b_cdepcode','b_cdepcode',76,'部门编码','','0',0,1500,1,'','0','0',0,'0','zh-CN','','','','0','0','','','0','','U870')
insert into aa_columndic_base  ([cKey],[cFld],[cQryField],[iColPos],[cCaption],[cCaptionPar],[bFixed],[bDisp],[iColWidth],[iAlign],[cOrder],[bLock],[iMergeCols],[bMustSel],[bNeedSum],[LocaleID],[IsEnum],[EnumType],[EnumTypeString],[bFilter],[bMerge],[CanModify],[ReferType],[bHideInColSet],[cSumType],[cProjectNO])
values('EP0205','b_cdepname','b_cdepname',77,'部门名称','','0',0,1500,1,'','0','0',0,'0','zh-CN','','','','0','0','','','0','','U870')
insert into aa_columndic_base  ([cKey],[cFld],[cQryField],[iColPos],[cCaption],[cCaptionPar],[bFixed],[bDisp],[iColWidth],[iAlign],[cOrder],[bLock],[iMergeCols],[bMustSel],[bNeedSum],[LocaleID],[IsEnum],[EnumType],[EnumTypeString],[bFilter],[bMerge],[CanModify],[ReferType],[bHideInColSet],[cSumType],[cProjectNO])
values('EP0205','b_cpersoncode','b_cpersoncode',78,'采购员编码','','0',1,1500,1,'','0','0',0,'0','zh-CN','','','','0','0','','','0','','U870')
insert into aa_columndic_base  ([cKey],[cFld],[cQryField],[iColPos],[cCaption],[cCaptionPar],[bFixed],[bDisp],[iColWidth],[iAlign],[cOrder],[bLock],[iMergeCols],[bMustSel],[bNeedSum],[LocaleID],[IsEnum],[EnumType],[EnumTypeString],[bFilter],[bMerge],[CanModify],[ReferType],[bHideInColSet],[cSumType],[cProjectNO])
values('EP0205','b_cpersonname','b_cpersonname',79,'采购员','','0',1,1500,1,'','0','0',0,'0','zh-CN','','','','0','0','','','0','','U870')
insert into aa_columndic_base  ([cKey],[cFld],[cQryField],[iColPos],[cCaption],[cCaptionPar],[bFixed],[bDisp],[iColWidth],[iAlign],[cOrder],[bLock],[iMergeCols],[bMustSel],[bNeedSum],[LocaleID],[IsEnum],[EnumType],[EnumTypeString],[bFilter],[bMerge],[CanModify],[ReferType],[bHideInColSet],[cSumType],[cProjectNO])
values('EP0205','b_ccuscode','b_ccuscode',80,'客户编码','','0',0,1500,1,'','0','0',0,'0','zh-CN','','','','0','0','','','0','','U870')
insert into aa_columndic_base  ([cKey],[cFld],[cQryField],[iColPos],[cCaption],[cCaptionPar],[bFixed],[bDisp],[iColWidth],[iAlign],[cOrder],[bLock],[iMergeCols],[bMustSel],[bNeedSum],[LocaleID],[IsEnum],[EnumType],[EnumTypeString],[bFilter],[bMerge],[CanModify],[ReferType],[bHideInColSet],[cSumType],[cProjectNO])
values('EP0205','b_ccusname','b_ccusname',81,'客户名称','','0',0,1500,1,'','0','0',0,'0','zh-CN','','','','0','0','','','0','','U870')
insert into aa_columndic_base  ([cKey],[cFld],[cQryField],[iColPos],[cCaption],[cCaptionPar],[bFixed],[bDisp],[iColWidth],[iAlign],[cOrder],[bLock],[iMergeCols],[bMustSel],[bNeedSum],[LocaleID],[IsEnum],[EnumType],[EnumTypeString],[bFilter],[bMerge],[CanModify],[ReferType],[bHideInColSet],[cSumType],[cProjectNO])
values('EP0205','b_cvencode','b_cvencode',82,'供应商编码','','0',0,1500,1,'','0','0',0,'0','zh-CN','','','','0','0','','','0','','U870')
insert into aa_columndic_base  ([cKey],[cFld],[cQryField],[iColPos],[cCaption],[cCaptionPar],[bFixed],[bDisp],[iColWidth],[iAlign],[cOrder],[bLock],[iMergeCols],[bMustSel],[bNeedSum],[LocaleID],[IsEnum],[EnumType],[EnumTypeString],[bFilter],[bMerge],[CanModify],[ReferType],[bHideInColSet],[cSumType],[cProjectNO])
values('EP0205','b_cvenname','b_cvenname',83,'供应商名称','','0',0,1500,1,'','0','0',0,'0','zh-CN','','','','0','0','','','0','','U870')
insert into aa_columndic_base  ([cKey],[cFld],[cQryField],[iColPos],[cCaption],[cCaptionPar],[bFixed],[bDisp],[iColWidth],[iAlign],[cOrder],[bLock],[iMergeCols],[bMustSel],[bNeedSum],[LocaleID],[IsEnum],[EnumType],[EnumTypeString],[bFilter],[bMerge],[CanModify],[ReferType],[bHideInColSet],[cSumType],[cProjectNO])
values('EP0205','b_cwhcode','b_cwhcode',84,'仓库编码','','0',0,1500,1,'','0','0',0,'0','zh-CN','','','','0','0','','','0','','U870')
insert into aa_columndic_base  ([cKey],[cFld],[cQryField],[iColPos],[cCaption],[cCaptionPar],[bFixed],[bDisp],[iColWidth],[iAlign],[cOrder],[bLock],[iMergeCols],[bMustSel],[bNeedSum],[LocaleID],[IsEnum],[EnumType],[EnumTypeString],[bFilter],[bMerge],[CanModify],[ReferType],[bHideInColSet],[cSumType],[cProjectNO])
values('EP0205','b_cwhname','b_cwhname',85,'仓库名称','','0',0,1500,1,'','0','0',0,'0','zh-CN','','','','0','0','','','0','','U870')
insert into aa_columndic_base  ([cKey],[cFld],[cQryField],[iColPos],[cCaption],[cCaptionPar],[bFixed],[bDisp],[iColWidth],[iAlign],[cOrder],[bLock],[iMergeCols],[bMustSel],[bNeedSum],[LocaleID],[IsEnum],[EnumType],[EnumTypeString],[bFilter],[bMerge],[CanModify],[ReferType],[bHideInColSet],[cSumType],[cProjectNO])
values('EP0205','b_cinvcode','b_cinvcode',86,'存货编码','','0',1,1500,1,'','0','0',0,'0','zh-CN','','','','0','0','','','0','','U870')
insert into aa_columndic_base  ([cKey],[cFld],[cQryField],[iColPos],[cCaption],[cCaptionPar],[bFixed],[bDisp],[iColWidth],[iAlign],[cOrder],[bLock],[iMergeCols],[bMustSel],[bNeedSum],[LocaleID],[IsEnum],[EnumType],[EnumTypeString],[bFilter],[bMerge],[CanModify],[ReferType],[bHideInColSet],[cSumType],[cProjectNO])
values('EP0205','b_cinvname','b_cinvname',87,'存货名称','','0',1,1500,1,'','0','0',0,'0','zh-CN','','','','0','0','','','0','','U870')
insert into aa_columndic_base  ([cKey],[cFld],[cQryField],[iColPos],[cCaption],[cCaptionPar],[bFixed],[bDisp],[iColWidth],[iAlign],[cOrder],[bLock],[iMergeCols],[bMustSel],[bNeedSum],[LocaleID],[IsEnum],[EnumType],[EnumTypeString],[bFilter],[bMerge],[CanModify],[ReferType],[bHideInColSet],[cSumType],[cProjectNO])
values('EP0205','define22','define22',88,'define22','','0',0,1500,1,'','0','0',0,'0','zh-CN','','','','0','0','','','0','','U870')
insert into aa_columndic_base  ([cKey],[cFld],[cQryField],[iColPos],[cCaption],[cCaptionPar],[bFixed],[bDisp],[iColWidth],[iAlign],[cOrder],[bLock],[iMergeCols],[bMustSel],[bNeedSum],[LocaleID],[IsEnum],[EnumType],[EnumTypeString],[bFilter],[bMerge],[CanModify],[ReferType],[bHideInColSet],[cSumType],[cProjectNO])
values('EP0205','define23','define23',89,'define23','','0',0,1500,1,'','0','0',0,'0','zh-CN','','','','0','0','','','0','','U870')
insert into aa_columndic_base  ([cKey],[cFld],[cQryField],[iColPos],[cCaption],[cCaptionPar],[bFixed],[bDisp],[iColWidth],[iAlign],[cOrder],[bLock],[iMergeCols],[bMustSel],[bNeedSum],[LocaleID],[IsEnum],[EnumType],[EnumTypeString],[bFilter],[bMerge],[CanModify],[ReferType],[bHideInColSet],[cSumType],[cProjectNO])
values('EP0205','define24','define24',90,'define24','','0',0,1500,1,'','0','0',0,'0','zh-CN','','','','0','0','','','0','','U870')
insert into aa_columndic_base  ([cKey],[cFld],[cQryField],[iColPos],[cCaption],[cCaptionPar],[bFixed],[bDisp],[iColWidth],[iAlign],[cOrder],[bLock],[iMergeCols],[bMustSel],[bNeedSum],[LocaleID],[IsEnum],[EnumType],[EnumTypeString],[bFilter],[bMerge],[CanModify],[ReferType],[bHideInColSet],[cSumType],[cProjectNO])
values('EP0205','define25','define25',91,'define25','','0',0,1500,1,'','0','0',0,'0','zh-CN','','','','0','0','','','0','','U870')
insert into aa_columndic_base  ([cKey],[cFld],[cQryField],[iColPos],[cCaption],[cCaptionPar],[bFixed],[bDisp],[iColWidth],[iAlign],[cOrder],[bLock],[iMergeCols],[bMustSel],[bNeedSum],[LocaleID],[IsEnum],[EnumType],[EnumTypeString],[bFilter],[bMerge],[CanModify],[ReferType],[bHideInColSet],[cSumType],[cProjectNO])
values('EP0205','define26','define26',92,'define26','','0',0,1500,7,'','0','0',0,'0','zh-CN','','','','0','0','','','0','','U870')
insert into aa_columndic_base  ([cKey],[cFld],[cQryField],[iColPos],[cCaption],[cCaptionPar],[bFixed],[bDisp],[iColWidth],[iAlign],[cOrder],[bLock],[iMergeCols],[bMustSel],[bNeedSum],[LocaleID],[IsEnum],[EnumType],[EnumTypeString],[bFilter],[bMerge],[CanModify],[ReferType],[bHideInColSet],[cSumType],[cProjectNO])
values('EP0205','define27','define27',93,'define27','','0',0,1500,1,'','0','0',0,'0','zh-CN','','','','0','0','','','0','','U870')
insert into aa_columndic_base  ([cKey],[cFld],[cQryField],[iColPos],[cCaption],[cCaptionPar],[bFixed],[bDisp],[iColWidth],[iAlign],[cOrder],[bLock],[iMergeCols],[bMustSel],[bNeedSum],[LocaleID],[IsEnum],[EnumType],[EnumTypeString],[bFilter],[bMerge],[CanModify],[ReferType],[bHideInColSet],[cSumType],[cProjectNO])
values('EP0205','define28','define28',94,'define28','','0',0,1500,7,'','0','0',0,'0','zh-CN','','','','0','0','','','0','','U870')
insert into aa_columndic_base  ([cKey],[cFld],[cQryField],[iColPos],[cCaption],[cCaptionPar],[bFixed],[bDisp],[iColWidth],[iAlign],[cOrder],[bLock],[iMergeCols],[bMustSel],[bNeedSum],[LocaleID],[IsEnum],[EnumType],[EnumTypeString],[bFilter],[bMerge],[CanModify],[ReferType],[bHideInColSet],[cSumType],[cProjectNO])
values('EP0205','define29','define29',95,'define29','','0',0,1500,1,'','0','0',0,'0','zh-CN','','','','0','0','','','0','','U870')
insert into aa_columndic_base  ([cKey],[cFld],[cQryField],[iColPos],[cCaption],[cCaptionPar],[bFixed],[bDisp],[iColWidth],[iAlign],[cOrder],[bLock],[iMergeCols],[bMustSel],[bNeedSum],[LocaleID],[IsEnum],[EnumType],[EnumTypeString],[bFilter],[bMerge],[CanModify],[ReferType],[bHideInColSet],[cSumType],[cProjectNO])
values('EP0205','define30','define30',96,'define30','','0',0,1500,1,'','0','0',0,'0','zh-CN','','','','0','0','','','0','','U870')
insert into aa_columndic_base  ([cKey],[cFld],[cQryField],[iColPos],[cCaption],[cCaptionPar],[bFixed],[bDisp],[iColWidth],[iAlign],[cOrder],[bLock],[iMergeCols],[bMustSel],[bNeedSum],[LocaleID],[IsEnum],[EnumType],[EnumTypeString],[bFilter],[bMerge],[CanModify],[ReferType],[bHideInColSet],[cSumType],[cProjectNO])
values('EP0205','define31','define31',97,'项目清单号','','0',0,1500,1,'','0','0',0,'0','zh-CN','','','','0','0','','','0','','U870')
insert into aa_columndic_base  ([cKey],[cFld],[cQryField],[iColPos],[cCaption],[cCaptionPar],[bFixed],[bDisp],[iColWidth],[iAlign],[cOrder],[bLock],[iMergeCols],[bMustSel],[bNeedSum],[LocaleID],[IsEnum],[EnumType],[EnumTypeString],[bFilter],[bMerge],[CanModify],[ReferType],[bHideInColSet],[cSumType],[cProjectNO])
values('EP0205','define32','define32',98,'采购计划单号','','0',0,1500,1,'','0','0',0,'0','zh-CN','','','','0','0','','','0','','U870')
insert into aa_columndic_base  ([cKey],[cFld],[cQryField],[iColPos],[cCaption],[cCaptionPar],[bFixed],[bDisp],[iColWidth],[iAlign],[cOrder],[bLock],[iMergeCols],[bMustSel],[bNeedSum],[LocaleID],[IsEnum],[EnumType],[EnumTypeString],[bFilter],[bMerge],[CanModify],[ReferType],[bHideInColSet],[cSumType],[cProjectNO])
values('EP0205','define33','define33',99,'define33','','0',0,1500,1,'','0','0',0,'0','zh-CN','','','','0','0','','','0','','U870')
insert into aa_columndic_base  ([cKey],[cFld],[cQryField],[iColPos],[cCaption],[cCaptionPar],[bFixed],[bDisp],[iColWidth],[iAlign],[cOrder],[bLock],[iMergeCols],[bMustSel],[bNeedSum],[LocaleID],[IsEnum],[EnumType],[EnumTypeString],[bFilter],[bMerge],[CanModify],[ReferType],[bHideInColSet],[cSumType],[cProjectNO])
values('EP0205','define34','define34',100,'define34','','0',0,1500,1,'','0','0',0,'0','zh-CN','','','','0','0','','','0','','U870')
insert into aa_columndic_base  ([cKey],[cFld],[cQryField],[iColPos],[cCaption],[cCaptionPar],[bFixed],[bDisp],[iColWidth],[iAlign],[cOrder],[bLock],[iMergeCols],[bMustSel],[bNeedSum],[LocaleID],[IsEnum],[EnumType],[EnumTypeString],[bFilter],[bMerge],[CanModify],[ReferType],[bHideInColSet],[cSumType],[cProjectNO])
values('EP0205','define35','define35',101,'define35','','0',0,1500,1,'','0','0',0,'0','zh-CN','','','','0','0','','','0','','U870')
insert into aa_columndic_base  ([cKey],[cFld],[cQryField],[iColPos],[cCaption],[cCaptionPar],[bFixed],[bDisp],[iColWidth],[iAlign],[cOrder],[bLock],[iMergeCols],[bMustSel],[bNeedSum],[LocaleID],[IsEnum],[EnumType],[EnumTypeString],[bFilter],[bMerge],[CanModify],[ReferType],[bHideInColSet],[cSumType],[cProjectNO])
values('EP0205','define36','define36',102,'define36','','0',0,1500,7,'','0','0',0,'0','zh-CN','','','','0','0','','','0','','U870')
insert into aa_columndic_base  ([cKey],[cFld],[cQryField],[iColPos],[cCaption],[cCaptionPar],[bFixed],[bDisp],[iColWidth],[iAlign],[cOrder],[bLock],[iMergeCols],[bMustSel],[bNeedSum],[LocaleID],[IsEnum],[EnumType],[EnumTypeString],[bFilter],[bMerge],[CanModify],[ReferType],[bHideInColSet],[cSumType],[cProjectNO])
values('EP0205','define37','define37',103,'define37','','0',0,1500,7,'','0','0',0,'0','zh-CN','','','','0','0','','','0','','U870')
insert into aa_columndic_base  ([cKey],[cFld],[cQryField],[iColPos],[cCaption],[cCaptionPar],[bFixed],[bDisp],[iColWidth],[iAlign],[cOrder],[bLock],[iMergeCols],[bMustSel],[bNeedSum],[LocaleID],[IsEnum],[EnumType],[EnumTypeString],[bFilter],[bMerge],[CanModify],[ReferType],[bHideInColSet],[cSumType],[cProjectNO])
values('EP0205','b_cinvstd','b_cinvstd',104,'规格','','0',1,1500,1,'','0','0',0,'0','zh-CN','','','','0','0','','','0','','U870')
insert into aa_columndic_base  ([cKey],[cFld],[cQryField],[iColPos],[cCaption],[cCaptionPar],[bFixed],[bDisp],[iColWidth],[iAlign],[cOrder],[bLock],[iMergeCols],[bMustSel],[bNeedSum],[LocaleID],[IsEnum],[EnumType],[EnumTypeString],[bFilter],[bMerge],[CanModify],[ReferType],[bHideInColSet],[cSumType],[cProjectNO])
values('EP0205','b_ccomunitname','b_ccomunitname',105,'主计量单位','','0',1,1500,1,'','0','0',0,'0','zh-CN','','','','0','0','','','0','','U870')
insert into aa_columndic_base  ([cKey],[cFld],[cQryField],[iColPos],[cCaption],[cCaptionPar],[bFixed],[bDisp],[iColWidth],[iAlign],[cOrder],[bLock],[iMergeCols],[bMustSel],[bNeedSum],[LocaleID],[IsEnum],[EnumType],[EnumTypeString],[bFilter],[bMerge],[CanModify],[ReferType],[bHideInColSet],[cSumType],[cProjectNO])
values('EP0205','b_cfree1','b_cfree1',106,'表体存货自由项1','','0',0,1500,1,'','0','0',0,'0','zh-CN','','','','0','0','','','0','','U870')
insert into aa_columndic_base  ([cKey],[cFld],[cQryField],[iColPos],[cCaption],[cCaptionPar],[bFixed],[bDisp],[iColWidth],[iAlign],[cOrder],[bLock],[iMergeCols],[bMustSel],[bNeedSum],[LocaleID],[IsEnum],[EnumType],[EnumTypeString],[bFilter],[bMerge],[CanModify],[ReferType],[bHideInColSet],[cSumType],[cProjectNO])
values('EP0205','b_cfree2','b_cfree2',107,'表体存货自由项2','','0',0,1500,1,'','0','0',0,'0','zh-CN','','','','0','0','','','0','','U870')
insert into aa_columndic_base  ([cKey],[cFld],[cQryField],[iColPos],[cCaption],[cCaptionPar],[bFixed],[bDisp],[iColWidth],[iAlign],[cOrder],[bLock],[iMergeCols],[bMustSel],[bNeedSum],[LocaleID],[IsEnum],[EnumType],[EnumTypeString],[bFilter],[bMerge],[CanModify],[ReferType],[bHideInColSet],[cSumType],[cProjectNO])
values('EP0205','b_cfree3','b_cfree3',108,'表体存货自由项3','','0',0,1500,1,'','0','0',0,'0','zh-CN','','','','0','0','','','0','','U870')
insert into aa_columndic_base  ([cKey],[cFld],[cQryField],[iColPos],[cCaption],[cCaptionPar],[bFixed],[bDisp],[iColWidth],[iAlign],[cOrder],[bLock],[iMergeCols],[bMustSel],[bNeedSum],[LocaleID],[IsEnum],[EnumType],[EnumTypeString],[bFilter],[bMerge],[CanModify],[ReferType],[bHideInColSet],[cSumType],[cProjectNO])
values('EP0205','b_cfree4','b_cfree4',109,'表体存货自由项4','','0',0,1500,1,'','0','0',0,'0','zh-CN','','','','0','0','','','0','','U870')
insert into aa_columndic_base  ([cKey],[cFld],[cQryField],[iColPos],[cCaption],[cCaptionPar],[bFixed],[bDisp],[iColWidth],[iAlign],[cOrder],[bLock],[iMergeCols],[bMustSel],[bNeedSum],[LocaleID],[IsEnum],[EnumType],[EnumTypeString],[bFilter],[bMerge],[CanModify],[ReferType],[bHideInColSet],[cSumType],[cProjectNO])
values('EP0205','b_cfree5','b_cfree5',110,'表体存货自由项5','','0',0,1500,1,'','0','0',0,'0','zh-CN','','','','0','0','','','0','','U870')
insert into aa_columndic_base  ([cKey],[cFld],[cQryField],[iColPos],[cCaption],[cCaptionPar],[bFixed],[bDisp],[iColWidth],[iAlign],[cOrder],[bLock],[iMergeCols],[bMustSel],[bNeedSum],[LocaleID],[IsEnum],[EnumType],[EnumTypeString],[bFilter],[bMerge],[CanModify],[ReferType],[bHideInColSet],[cSumType],[cProjectNO])
values('EP0205','b_cfree6','b_cfree6',111,'表体存货自由项6','','0',0,1500,1,'','0','0',0,'0','zh-CN','','','','0','0','','','0','','U870')
insert into aa_columndic_base  ([cKey],[cFld],[cQryField],[iColPos],[cCaption],[cCaptionPar],[bFixed],[bDisp],[iColWidth],[iAlign],[cOrder],[bLock],[iMergeCols],[bMustSel],[bNeedSum],[LocaleID],[IsEnum],[EnumType],[EnumTypeString],[bFilter],[bMerge],[CanModify],[ReferType],[bHideInColSet],[cSumType],[cProjectNO])
values('EP0205','b_cfree7','b_cfree7',112,'表体存货自由项7','','0',0,1500,1,'','0','0',0,'0','zh-CN','','','','0','0','','','0','','U870')
insert into aa_columndic_base  ([cKey],[cFld],[cQryField],[iColPos],[cCaption],[cCaptionPar],[bFixed],[bDisp],[iColWidth],[iAlign],[cOrder],[bLock],[iMergeCols],[bMustSel],[bNeedSum],[LocaleID],[IsEnum],[EnumType],[EnumTypeString],[bFilter],[bMerge],[CanModify],[ReferType],[bHideInColSet],[cSumType],[cProjectNO])
values('EP0205','b_cfree8','b_cfree8',113,'表体存货自由项8','','0',0,1500,1,'','0','0',0,'0','zh-CN','','','','0','0','','','0','','U870')
insert into aa_columndic_base  ([cKey],[cFld],[cQryField],[iColPos],[cCaption],[cCaptionPar],[bFixed],[bDisp],[iColWidth],[iAlign],[cOrder],[bLock],[iMergeCols],[bMustSel],[bNeedSum],[LocaleID],[IsEnum],[EnumType],[EnumTypeString],[bFilter],[bMerge],[CanModify],[ReferType],[bHideInColSet],[cSumType],[cProjectNO])
values('EP0205','b_cfree9','b_cfree9',114,'表体存货自由项9','','0',0,1500,1,'','0','0',0,'0','zh-CN','','','','0','0','','','0','','U870')
insert into aa_columndic_base  ([cKey],[cFld],[cQryField],[iColPos],[cCaption],[cCaptionPar],[bFixed],[bDisp],[iColWidth],[iAlign],[cOrder],[bLock],[iMergeCols],[bMustSel],[bNeedSum],[LocaleID],[IsEnum],[EnumType],[EnumTypeString],[bFilter],[bMerge],[CanModify],[ReferType],[bHideInColSet],[cSumType],[cProjectNO])
values('EP0205','b_cfree10','b_cfree10',115,'表体存货自由项10','','0',0,1500,1,'','0','0',0,'0','zh-CN','','','','0','0','','','0','','U870')
insert into aa_columndic_base  ([cKey],[cFld],[cQryField],[iColPos],[cCaption],[cCaptionPar],[bFixed],[bDisp],[iColWidth],[iAlign],[cOrder],[bLock],[iMergeCols],[bMustSel],[bNeedSum],[LocaleID],[IsEnum],[EnumType],[EnumTypeString],[bFilter],[bMerge],[CanModify],[ReferType],[bHideInColSet],[cSumType],[cProjectNO])
values('EP0205','cInvDefine1','cInvDefine1',116,'存货自定义项1','','0',0,1500,1,'','0','0',0,'0','zh-CN','','','','0','0','','','0','','U870')
insert into aa_columndic_base  ([cKey],[cFld],[cQryField],[iColPos],[cCaption],[cCaptionPar],[bFixed],[bDisp],[iColWidth],[iAlign],[cOrder],[bLock],[iMergeCols],[bMustSel],[bNeedSum],[LocaleID],[IsEnum],[EnumType],[EnumTypeString],[bFilter],[bMerge],[CanModify],[ReferType],[bHideInColSet],[cSumType],[cProjectNO])
values('EP0205','cInvDefine2','cInvDefine2',117,'存货自定义项2','','0',0,1500,1,'','0','0',0,'0','zh-CN','','','','0','0','','','0','','U870')
insert into aa_columndic_base  ([cKey],[cFld],[cQryField],[iColPos],[cCaption],[cCaptionPar],[bFixed],[bDisp],[iColWidth],[iAlign],[cOrder],[bLock],[iMergeCols],[bMustSel],[bNeedSum],[LocaleID],[IsEnum],[EnumType],[EnumTypeString],[bFilter],[bMerge],[CanModify],[ReferType],[bHideInColSet],[cSumType],[cProjectNO])
values('EP0205','cInvDefine3','cInvDefine3',118,'存货自定义项3','','0',0,1500,1,'','0','0',0,'0','zh-CN','','','','0','0','','','0','','U870')
insert into aa_columndic_base  ([cKey],[cFld],[cQryField],[iColPos],[cCaption],[cCaptionPar],[bFixed],[bDisp],[iColWidth],[iAlign],[cOrder],[bLock],[iMergeCols],[bMustSel],[bNeedSum],[LocaleID],[IsEnum],[EnumType],[EnumTypeString],[bFilter],[bMerge],[CanModify],[ReferType],[bHideInColSet],[cSumType],[cProjectNO])
values('EP0205','cInvDefine4','cInvDefine4',119,'存货自定义项4','','0',0,1500,1,'','0','0',0,'0','zh-CN','','','','0','0','','','0','','U870')
insert into aa_columndic_base  ([cKey],[cFld],[cQryField],[iColPos],[cCaption],[cCaptionPar],[bFixed],[bDisp],[iColWidth],[iAlign],[cOrder],[bLock],[iMergeCols],[bMustSel],[bNeedSum],[LocaleID],[IsEnum],[EnumType],[EnumTypeString],[bFilter],[bMerge],[CanModify],[ReferType],[bHideInColSet],[cSumType],[cProjectNO])
values('EP0205','cInvDefine5','cInvDefine5',120,'存货自定义项5','','0',0,1500,1,'','0','0',0,'0','zh-CN','','','','0','0','','','0','','U870')
insert into aa_columndic_base  ([cKey],[cFld],[cQryField],[iColPos],[cCaption],[cCaptionPar],[bFixed],[bDisp],[iColWidth],[iAlign],[cOrder],[bLock],[iMergeCols],[bMustSel],[bNeedSum],[LocaleID],[IsEnum],[EnumType],[EnumTypeString],[bFilter],[bMerge],[CanModify],[ReferType],[bHideInColSet],[cSumType],[cProjectNO])
values('EP0205','cInvDefine6','cInvDefine6',121,'存货自定义项6','','0',0,1500,1,'','0','0',0,'0','zh-CN','','','','0','0','','','0','','U870')
insert into aa_columndic_base  ([cKey],[cFld],[cQryField],[iColPos],[cCaption],[cCaptionPar],[bFixed],[bDisp],[iColWidth],[iAlign],[cOrder],[bLock],[iMergeCols],[bMustSel],[bNeedSum],[LocaleID],[IsEnum],[EnumType],[EnumTypeString],[bFilter],[bMerge],[CanModify],[ReferType],[bHideInColSet],[cSumType],[cProjectNO])
values('EP0205','cInvDefine7','cInvDefine7',122,'存货自定义项7','','0',0,1500,1,'','0','0',0,'0','zh-CN','','','','0','0','','','0','','U870')
insert into aa_columndic_base  ([cKey],[cFld],[cQryField],[iColPos],[cCaption],[cCaptionPar],[bFixed],[bDisp],[iColWidth],[iAlign],[cOrder],[bLock],[iMergeCols],[bMustSel],[bNeedSum],[LocaleID],[IsEnum],[EnumType],[EnumTypeString],[bFilter],[bMerge],[CanModify],[ReferType],[bHideInColSet],[cSumType],[cProjectNO])
values('EP0205','cInvDefine8','cInvDefine8',123,'存货自定义项8','','0',0,1500,1,'','0','0',0,'0','zh-CN','','','','0','0','','','0','','U870')
insert into aa_columndic_base  ([cKey],[cFld],[cQryField],[iColPos],[cCaption],[cCaptionPar],[bFixed],[bDisp],[iColWidth],[iAlign],[cOrder],[bLock],[iMergeCols],[bMustSel],[bNeedSum],[LocaleID],[IsEnum],[EnumType],[EnumTypeString],[bFilter],[bMerge],[CanModify],[ReferType],[bHideInColSet],[cSumType],[cProjectNO])
values('EP0205','cInvDefine9','cInvDefine9',124,'存货自定义项9','','0',0,1500,1,'','0','0',0,'0','zh-CN','','','','0','0','','','0','','U870')
insert into aa_columndic_base  ([cKey],[cFld],[cQryField],[iColPos],[cCaption],[cCaptionPar],[bFixed],[bDisp],[iColWidth],[iAlign],[cOrder],[bLock],[iMergeCols],[bMustSel],[bNeedSum],[LocaleID],[IsEnum],[EnumType],[EnumTypeString],[bFilter],[bMerge],[CanModify],[ReferType],[bHideInColSet],[cSumType],[cProjectNO])
values('EP0205','cInvDefine10','cInvDefine10',125,'存货自定义项10','','0',0,1500,1,'','0','0',0,'0','zh-CN','','','','0','0','','','0','','U870')
insert into aa_columndic_base  ([cKey],[cFld],[cQryField],[iColPos],[cCaption],[cCaptionPar],[bFixed],[bDisp],[iColWidth],[iAlign],[cOrder],[bLock],[iMergeCols],[bMustSel],[bNeedSum],[LocaleID],[IsEnum],[EnumType],[EnumTypeString],[bFilter],[bMerge],[CanModify],[ReferType],[bHideInColSet],[cSumType],[cProjectNO])
values('EP0205','cInvDefine11','cInvDefine11',126,'存货自定义项11','','0',0,1500,7,'','0','0',0,'0','zh-CN','','','','0','0','','','0','','U870')
insert into aa_columndic_base  ([cKey],[cFld],[cQryField],[iColPos],[cCaption],[cCaptionPar],[bFixed],[bDisp],[iColWidth],[iAlign],[cOrder],[bLock],[iMergeCols],[bMustSel],[bNeedSum],[LocaleID],[IsEnum],[EnumType],[EnumTypeString],[bFilter],[bMerge],[CanModify],[ReferType],[bHideInColSet],[cSumType],[cProjectNO])
values('EP0205','cInvDefine12','cInvDefine12',127,'存货自定义项12','','0',0,1500,7,'','0','0',0,'0','zh-CN','','','','0','0','','','0','','U870')
insert into aa_columndic_base  ([cKey],[cFld],[cQryField],[iColPos],[cCaption],[cCaptionPar],[bFixed],[bDisp],[iColWidth],[iAlign],[cOrder],[bLock],[iMergeCols],[bMustSel],[bNeedSum],[LocaleID],[IsEnum],[EnumType],[EnumTypeString],[bFilter],[bMerge],[CanModify],[ReferType],[bHideInColSet],[cSumType],[cProjectNO])
values('EP0205','cInvDefine13','cInvDefine13',128,'存货自定义项13','','0',1,1500,7,'','0','0',0,'0','zh-CN','','','','0','0','','','0','','U870')
insert into aa_columndic_base  ([cKey],[cFld],[cQryField],[iColPos],[cCaption],[cCaptionPar],[bFixed],[bDisp],[iColWidth],[iAlign],[cOrder],[bLock],[iMergeCols],[bMustSel],[bNeedSum],[LocaleID],[IsEnum],[EnumType],[EnumTypeString],[bFilter],[bMerge],[CanModify],[ReferType],[bHideInColSet],[cSumType],[cProjectNO])
values('EP0205','cInvDefine14','cInvDefine14',129,'存货自定义项14','','0',0,1500,7,'','0','0',0,'0','zh-CN','','','','0','0','','','0','','U870')
insert into aa_columndic_base  ([cKey],[cFld],[cQryField],[iColPos],[cCaption],[cCaptionPar],[bFixed],[bDisp],[iColWidth],[iAlign],[cOrder],[bLock],[iMergeCols],[bMustSel],[bNeedSum],[LocaleID],[IsEnum],[EnumType],[EnumTypeString],[bFilter],[bMerge],[CanModify],[ReferType],[bHideInColSet],[cSumType],[cProjectNO])
values('EP0205','cInvDefine15','cInvDefine15',130,'存货自定义项15','','0',0,1500,1,'','0','0',0,'0','zh-CN','','','','0','0','','','0','','U870')
insert into aa_columndic_base  ([cKey],[cFld],[cQryField],[iColPos],[cCaption],[cCaptionPar],[bFixed],[bDisp],[iColWidth],[iAlign],[cOrder],[bLock],[iMergeCols],[bMustSel],[bNeedSum],[LocaleID],[IsEnum],[EnumType],[EnumTypeString],[bFilter],[bMerge],[CanModify],[ReferType],[bHideInColSet],[cSumType],[cProjectNO])
values('EP0205','cInvDefine16','cInvDefine16',131,'存货自定义项16','','0',0,1500,1,'','0','0',0,'0','zh-CN','','','','0','0','','','0','','U870')
insert into aa_columndic_base  ([cKey],[cFld],[cQryField],[iColPos],[cCaption],[cCaptionPar],[bFixed],[bDisp],[iColWidth],[iAlign],[cOrder],[bLock],[iMergeCols],[bMustSel],[bNeedSum],[LocaleID],[IsEnum],[EnumType],[EnumTypeString],[bFilter],[bMerge],[CanModify],[ReferType],[bHideInColSet],[cSumType],[cProjectNO])
values('EP0205','iinvexchrate','iinvexchrate',132,'换算率','','0',0,1500,7,'','0','0',0,'0','zh-CN','','','','0','0','','','0','','U870')
insert into aa_columndic_base  ([cKey],[cFld],[cQryField],[iColPos],[cCaption],[cCaptionPar],[bFixed],[bDisp],[iColWidth],[iAlign],[cOrder],[bLock],[iMergeCols],[bMustSel],[bNeedSum],[LocaleID],[IsEnum],[EnumType],[EnumTypeString],[bFilter],[bMerge],[CanModify],[ReferType],[bHideInColSet],[cSumType],[cProjectNO])
values('EP0205','auxunitcode','auxunitcode',133,'辅计量单位编码','','0',0,1500,1,'','0','0',0,'0','zh-CN','','','','0','0','','','0','','U870')
insert into aa_columndic_base  ([cKey],[cFld],[cQryField],[iColPos],[cCaption],[cCaptionPar],[bFixed],[bDisp],[iColWidth],[iAlign],[cOrder],[bLock],[iMergeCols],[bMustSel],[bNeedSum],[LocaleID],[IsEnum],[EnumType],[EnumTypeString],[bFilter],[bMerge],[CanModify],[ReferType],[bHideInColSet],[cSumType],[cProjectNO])
values('EP0205','auxunitname','auxunitname',134,'辅计量单位','','0',0,1500,1,'','0','0',0,'0','zh-CN','','','','0','0','','','0','','U870')
insert into aa_columndic_base  ([cKey],[cFld],[cQryField],[iColPos],[cCaption],[cCaptionPar],[bFixed],[bDisp],[iColWidth],[iAlign],[cOrder],[bLock],[iMergeCols],[bMustSel],[bNeedSum],[LocaleID],[IsEnum],[EnumType],[EnumTypeString],[bFilter],[bMerge],[CanModify],[ReferType],[bHideInColSet],[cSumType],[cProjectNO])
values('EP0205','cbmemo','cbmemo',135,'表体备注','','0',1,1500,1,'','0','0',0,'0','zh-CN','','','','0','0','','','0','','U870')
insert into aa_columndic_base  ([cKey],[cFld],[cQryField],[iColPos],[cCaption],[cCaptionPar],[bFixed],[bDisp],[iColWidth],[iAlign],[cOrder],[bLock],[iMergeCols],[bMustSel],[bNeedSum],[LocaleID],[IsEnum],[EnumType],[EnumTypeString],[bFilter],[bMerge],[CanModify],[ReferType],[bHideInColSet],[cSumType],[cProjectNO])
values('EP0205','coutsourced','coutsourced',136,'外协外购','','0',1,1500,1,'','0','0',0,'0','zh-CN','','','','0','0','','','0','','U870')
insert into aa_columndic_base  ([cKey],[cFld],[cQryField],[iColPos],[cCaption],[cCaptionPar],[bFixed],[bDisp],[iColWidth],[iAlign],[cOrder],[bLock],[iMergeCols],[bMustSel],[bNeedSum],[LocaleID],[IsEnum],[EnumType],[EnumTypeString],[bFilter],[bMerge],[CanModify],[ReferType],[bHideInColSet],[cSumType],[cProjectNO])
values('EP0205','imrpqty','imrpqty',137,'需求计划量','','0',1,1500,7,'','0','0',0,'1','zh-CN','','','','0','0','','','0','','U870')
insert into aa_columndic_base  ([cKey],[cFld],[cQryField],[iColPos],[cCaption],[cCaptionPar],[bFixed],[bDisp],[iColWidth],[iAlign],[cOrder],[bLock],[iMergeCols],[bMustSel],[bNeedSum],[LocaleID],[IsEnum],[EnumType],[EnumTypeString],[bFilter],[bMerge],[CanModify],[ReferType],[bHideInColSet],[cSumType],[cProjectNO])
values('EP0205','imrpqtyl','imrpqtyl',138,'累计需求计划量','','0',1,1500,7,'','0','0',0,'1','zh-CN','','','','0','0','','','0','','U870')
insert into aa_columndic_base  ([cKey],[cFld],[cQryField],[iColPos],[cCaption],[cCaptionPar],[bFixed],[bDisp],[iColWidth],[iAlign],[cOrder],[bLock],[iMergeCols],[bMustSel],[bNeedSum],[LocaleID],[IsEnum],[EnumType],[EnumTypeString],[bFilter],[bMerge],[CanModify],[ReferType],[bHideInColSet],[cSumType],[cProjectNO])
values('EP0205','isafenum','isafenum',139,'安全库存','','0',1,1500,7,'','0','0',0,'0','zh-CN','','','','0','0','','','0','','U870')
insert into aa_columndic_base  ([cKey],[cFld],[cQryField],[iColPos],[cCaption],[cCaptionPar],[bFixed],[bDisp],[iColWidth],[iAlign],[cOrder],[bLock],[iMergeCols],[bMustSel],[bNeedSum],[LocaleID],[IsEnum],[EnumType],[EnumTypeString],[bFilter],[bMerge],[CanModify],[ReferType],[bHideInColSet],[cSumType],[cProjectNO])
values('EP0205','istock','istock',140,'现存量','','0',1,1500,7,'','0','0',0,'1','zh-CN','','','','0','0','','','0','','U870')
insert into aa_columndic_base  ([cKey],[cFld],[cQryField],[iColPos],[cCaption],[cCaptionPar],[bFixed],[bDisp],[iColWidth],[iAlign],[cOrder],[bLock],[iMergeCols],[bMustSel],[bNeedSum],[LocaleID],[IsEnum],[EnumType],[EnumTypeString],[bFilter],[bMerge],[CanModify],[ReferType],[bHideInColSet],[cSumType],[cProjectNO])
values('EP0205','iinqty','iinqty',141,'预计入库','','0',1,1500,7,'','0','0',0,'1','zh-CN','','','','0','0','','','0','','U870')
insert into aa_columndic_base  ([cKey],[cFld],[cQryField],[iColPos],[cCaption],[cCaptionPar],[bFixed],[bDisp],[iColWidth],[iAlign],[cOrder],[bLock],[iMergeCols],[bMustSel],[bNeedSum],[LocaleID],[IsEnum],[EnumType],[EnumTypeString],[bFilter],[bMerge],[CanModify],[ReferType],[bHideInColSet],[cSumType],[cProjectNO])
values('EP0205','ioutqty','ioutqty',142,'预计出库量','','0',1,1500,7,'','0','0',0,'1','zh-CN','','','','0','0','','','0','','U870')
insert into aa_columndic_base  ([cKey],[cFld],[cQryField],[iColPos],[cCaption],[cCaptionPar],[bFixed],[bDisp],[iColWidth],[iAlign],[cOrder],[bLock],[iMergeCols],[bMustSel],[bNeedSum],[LocaleID],[IsEnum],[EnumType],[EnumTypeString],[bFilter],[bMerge],[CanModify],[ReferType],[bHideInColSet],[cSumType],[cProjectNO])
values('EP0205','ikyl','ikyl',143,'可用量','','0',1,1500,7,'','0','0',0,'1','zh-CN','','','','0','0','','','0','','U870')
insert into aa_columndic_base  ([cKey],[cFld],[cQryField],[iColPos],[cCaption],[cCaptionPar],[bFixed],[bDisp],[iColWidth],[iAlign],[cOrder],[bLock],[iMergeCols],[bMustSel],[bNeedSum],[LocaleID],[IsEnum],[EnumType],[EnumTypeString],[bFilter],[bMerge],[CanModify],[ReferType],[bHideInColSet],[cSumType],[cProjectNO])
values('EP0205','iminqty','iminqty',144,'采购经济批量','','0',1,1500,7,'','0','0',0,'0','zh-CN','','','','0','0','','','0','','U870')
insert into aa_columndic_base  ([cKey],[cFld],[cQryField],[iColPos],[cCaption],[cCaptionPar],[bFixed],[bDisp],[iColWidth],[iAlign],[cOrder],[bLock],[iMergeCols],[bMustSel],[bNeedSum],[LocaleID],[IsEnum],[EnumType],[EnumTypeString],[bFilter],[bMerge],[CanModify],[ReferType],[bHideInColSet],[cSumType],[cProjectNO])
values('EP0205','ijhqty','ijhqty',145,'采购计划量','','0',1,1500,7,'','0','0',0,'1','zh-CN','','','','0','0','','','0','','U870')
insert into aa_columndic_base  ([cKey],[cFld],[cQryField],[iColPos],[cCaption],[cCaptionPar],[bFixed],[bDisp],[iColWidth],[iAlign],[cOrder],[bLock],[iMergeCols],[bMustSel],[bNeedSum],[LocaleID],[IsEnum],[EnumType],[EnumTypeString],[bFilter],[bMerge],[CanModify],[ReferType],[bHideInColSet],[cSumType],[cProjectNO])
values('EP0205','ijyqty','ijyqty',146,'建议采购量','','0',1,1500,7,'','0','0',0,'1','zh-CN','','','','0','0','','','0','','U870')
insert into aa_columndic_base  ([cKey],[cFld],[cQryField],[iColPos],[cCaption],[cCaptionPar],[bFixed],[bDisp],[iColWidth],[iAlign],[cOrder],[bLock],[iMergeCols],[bMustSel],[bNeedSum],[LocaleID],[IsEnum],[EnumType],[EnumTypeString],[bFilter],[bMerge],[CanModify],[ReferType],[bHideInColSet],[cSumType],[cProjectNO])
values('EP0205','isjqty','isjqty',147,'实际申请量','','0',1,1500,7,'','0','0',0,'1','zh-CN','','','','0','0','','','0','','U870')
insert into aa_columndic_base  ([cKey],[cFld],[cQryField],[iColPos],[cCaption],[cCaptionPar],[bFixed],[bDisp],[iColWidth],[iAlign],[cOrder],[bLock],[iMergeCols],[bMustSel],[bNeedSum],[LocaleID],[IsEnum],[EnumType],[EnumTypeString],[bFilter],[bMerge],[CanModify],[ReferType],[bHideInColSet],[cSumType],[cProjectNO])
values('EP0205','cbcloser','cbcloser',148,'关闭人','','0',0,1500,1,'','0','0',0,'0','zh-CN','','','','0','0','','','0','','U870')
insert into aa_columndic_base  ([cKey],[cFld],[cQryField],[iColPos],[cCaption],[cCaptionPar],[bFixed],[bDisp],[iColWidth],[iAlign],[cOrder],[bLock],[iMergeCols],[bMustSel],[bNeedSum],[LocaleID],[IsEnum],[EnumType],[EnumTypeString],[bFilter],[bMerge],[CanModify],[ReferType],[bHideInColSet],[cSumType],[cProjectNO])
values('EP0205','cbclosedate','cbclosedate',149,'关闭日期','','0',0,1500,1,'','0','0',0,'0','zh-CN','','','','0','0','','','0','','U870')
insert into aa_columndic_base  ([cKey],[cFld],[cQryField],[iColPos],[cCaption],[cCaptionPar],[bFixed],[bDisp],[iColWidth],[iAlign],[cOrder],[bLock],[iMergeCols],[bMustSel],[bNeedSum],[LocaleID],[IsEnum],[EnumType],[EnumTypeString],[bFilter],[bMerge],[CanModify],[ReferType],[bHideInColSet],[cSumType],[cProjectNO])
values('EP0205','iqglqty','iqglqty',150,'累计请购量','','0',1,1500,7,'','0','0',0,'0','zh-CN','','','','0','0','','','0','','U870')
insert into aa_columndic_base  ([cKey],[cFld],[cQryField],[iColPos],[cCaption],[cCaptionPar],[bFixed],[bDisp],[iColWidth],[iAlign],[cOrder],[bLock],[iMergeCols],[bMustSel],[bNeedSum],[LocaleID],[IsEnum],[EnumType],[EnumTypeString],[bFilter],[bMerge],[CanModify],[ReferType],[bHideInColSet],[cSumType],[cProjectNO])
values('EP0205','iwqgqty','iwqgqty',151,'未请购量','','0',1,1500,7,'','0','0',0,'0','zh-CN','','','','0','0','','','0','','U870')
insert into aa_columndic_base  ([cKey],[cFld],[cQryField],[iColPos],[cCaption],[cCaptionPar],[bFixed],[bDisp],[iColWidth],[iAlign],[cOrder],[bLock],[iMergeCols],[bMustSel],[bNeedSum],[LocaleID],[IsEnum],[EnumType],[EnumTypeString],[bFilter],[bMerge],[CanModify],[ReferType],[bHideInColSet],[cSumType],[cProjectNO])
values('EP0205','cpmrpautoid','cpmrpautoid',152,'cpmrpautoid','','0',1,1500,4,'','0','0',0,'0','zh-CN','','','','0','0','','','0','','U870')
insert into aa_columndic_base  ([cKey],[cFld],[cQryField],[iColPos],[cCaption],[cCaptionPar],[bFixed],[bDisp],[iColWidth],[iAlign],[cOrder],[bLock],[iMergeCols],[bMustSel],[bNeedSum],[LocaleID],[IsEnum],[EnumType],[EnumTypeString],[bFilter],[bMerge],[CanModify],[ReferType],[bHideInColSet],[cSumType],[cProjectNO])
values('EP0205','autoid','autoid',153,'autoid','','0',0,1500,4,'','0','0',1,'0','zh-CN','','','','0','0','','','0','','U870')

--

GO
-- select * from AA_Forms_base Where cFormCode =N'EP0205'
-- select * from AA_Forms_lang Where cFormCode =N'EP0205'
-- select * from AA_FormButtons_base Where cFormCode =N'EP0205'
-- select * from AA_FormButtons_lang Where cFormCode =N'EP0205'
-- select * from AA_FormButtonMenus_base Where cFormCode =N'EP0205'
-- select * from AA_FormButtonMenus_lang Where cFormCode =N'EP0205'
-- select * from AA_FormButtonAuths Where cFormCode =N'EP0205' 
Delete from AA_Forms_base Where cFormCode =N'EP0205'
GO
Delete from AA_Forms_lang Where cFormCode =N'EP0205'
GO
Delete from AA_FormButtons_base Where cFormCode =N'EP0205'
GO
Delete from AA_FormButtons_lang Where cFormCode =N'EP0205'
GO
Delete from AA_FormButtonMenus_base Where cFormCode =N'EP0205'
GO
Delete from AA_FormButtonMenus_lang Where cFormCode =N'EP0205'
GO
Delete from AA_FormButtonAuths Where cFormCode =N'EP0205' 
GO

GO
insert into AA_Forms_base ([cFormCode],[cSubID],[iFormType],[cMemo],[cProjectNO],[bSmallbutton])
values('EP0205','EF',0,'采购计划单','U870',0)

GO
insert into AA_Forms_lang ([cFormCode],[localeid],[cFormCaption],[cFormDesc],[cSubID],[cProjectNO])
values('EP0205','en-US','采购计划单','','EF','U870')
insert into AA_Forms_lang ([cFormCode],[localeid],[cFormCaption],[cFormDesc],[cSubID],[cProjectNO])
values('EP0205','zh-CN','采购计划单','','EF','U870')
insert into AA_Forms_lang ([cFormCode],[localeid],[cFormCaption],[cFormDesc],[cSubID],[cProjectNO])
values('EP0205','zh-TW','采购计划单','','EF','U870')

GO
insert into AA_FormButtons_base ([cFormCode],[cButtonKey],[cGroup],[cPic],[cToolBarType],[iToolBarStyle],[iOrder],[iheightRow],[cHotKey],[cAuthid],[iVoucherCtlIndex],[ctoolbarPosIndex],[cResID],[cTipResID],[cSubID],[cProjectNO],[cForegroundColor],[cBackgroundColor],[cSetGroup],[iSetGroupRow],[ProcessObjectName],[FunctionKey])
values('EP0205','add','EP0205_P_20','Add','PortalToolbar',5,40,3,'F5','',0,'P','','','EF','U870','','','EP0205_P_20_20',1,'','')
insert into AA_FormButtons_base ([cFormCode],[cButtonKey],[cGroup],[cPic],[cToolBarType],[iToolBarStyle],[iOrder],[iheightRow],[cHotKey],[cAuthid],[iVoucherCtlIndex],[ctoolbarPosIndex],[cResID],[cTipResID],[cSubID],[cProjectNO],[cForegroundColor],[cBackgroundColor],[cSetGroup],[iSetGroupRow],[ProcessObjectName],[FunctionKey])
values('EP0205','batchmodify','EP0205_B_10','batchmodify','PortalToolbar',0,50,1,'','',0,'B','','','EF','U870',Null,Null,'EP0205_B_10_0',1,Null,Null)
insert into AA_FormButtons_base ([cFormCode],[cButtonKey],[cGroup],[cPic],[cToolBarType],[iToolBarStyle],[iOrder],[iheightRow],[cHotKey],[cAuthid],[iVoucherCtlIndex],[ctoolbarPosIndex],[cResID],[cTipResID],[cSubID],[cProjectNO],[cForegroundColor],[cBackgroundColor],[cSetGroup],[iSetGroupRow],[ProcessObjectName],[FunctionKey])
values('EP0205','calc','EP0205_P_20','calculate','PortalToolbar',0,100,1,'Ctrl+C','',0,'P','','','EF','U870','','','EP0205_P_20_50',2,'','')
insert into AA_FormButtons_base ([cFormCode],[cButtonKey],[cGroup],[cPic],[cToolBarType],[iToolBarStyle],[iOrder],[iheightRow],[cHotKey],[cAuthid],[iVoucherCtlIndex],[ctoolbarPosIndex],[cResID],[cTipResID],[cSubID],[cProjectNO],[cForegroundColor],[cBackgroundColor],[cSetGroup],[iSetGroupRow],[ProcessObjectName],[FunctionKey])
values('EP0205','cancel','EP0205_P_20','Cancel','PortalToolbar',0,100,1,'Ctrl+Z','',0,'P','','','EF','U870','','','EP0205_P_20_50',2,'','')
insert into AA_FormButtons_base ([cFormCode],[cButtonKey],[cGroup],[cPic],[cToolBarType],[iToolBarStyle],[iOrder],[iheightRow],[cHotKey],[cAuthid],[iVoucherCtlIndex],[ctoolbarPosIndex],[cResID],[cTipResID],[cSubID],[cProjectNO],[cForegroundColor],[cBackgroundColor],[cSetGroup],[iSetGroupRow],[ProcessObjectName],[FunctionKey])
values('EP0205','closeline','EP0205_B_10','close','PortalToolbar',0,60,1,'','',0,'B','','','EF','U870',Null,Null,'EP0205_B_10_0',1,Null,Null)
insert into AA_FormButtons_base ([cFormCode],[cButtonKey],[cGroup],[cPic],[cToolBarType],[iToolBarStyle],[iOrder],[iheightRow],[cHotKey],[cAuthid],[iVoucherCtlIndex],[ctoolbarPosIndex],[cResID],[cTipResID],[cSubID],[cProjectNO],[cForegroundColor],[cBackgroundColor],[cSetGroup],[iSetGroupRow],[ProcessObjectName],[FunctionKey])
values('EP0205','closeorder','EP0205_P_40','close','PortalToolbar',0,180,1,'','',0,'P','','','EF','U870','black','','EP0205_P_40_10',2,'','')
insert into AA_FormButtons_base ([cFormCode],[cButtonKey],[cGroup],[cPic],[cToolBarType],[iToolBarStyle],[iOrder],[iheightRow],[cHotKey],[cAuthid],[iVoucherCtlIndex],[ctoolbarPosIndex],[cResID],[cTipResID],[cSubID],[cProjectNO],[cForegroundColor],[cBackgroundColor],[cSetGroup],[iSetGroupRow],[ProcessObjectName],[FunctionKey])
values('EP0205','copy','EP0205_P_20','Copy','PortalToolbar',0,50,1,'Ctrl+F5','',0,'P','','','EF','U870','black','','EP0205_P_20_30',2,'','')
insert into AA_FormButtons_base ([cFormCode],[cButtonKey],[cGroup],[cPic],[cToolBarType],[iToolBarStyle],[iOrder],[iheightRow],[cHotKey],[cAuthid],[iVoucherCtlIndex],[ctoolbarPosIndex],[cResID],[cTipResID],[cSubID],[cProjectNO],[cForegroundColor],[cBackgroundColor],[cSetGroup],[iSetGroupRow],[ProcessObjectName],[FunctionKey])
values('EP0205','copyline','EP0205_B_10','copy a line','PortalToolbar',0,20,1,'','',0,'B','','','EF','U870',Null,Null,'EP0205_B_10_0',1,Null,Null)
insert into AA_FormButtons_base ([cFormCode],[cButtonKey],[cGroup],[cPic],[cToolBarType],[iToolBarStyle],[iOrder],[iheightRow],[cHotKey],[cAuthid],[iVoucherCtlIndex],[ctoolbarPosIndex],[cResID],[cTipResID],[cSubID],[cProjectNO],[cForegroundColor],[cBackgroundColor],[cSetGroup],[iSetGroupRow],[ProcessObjectName],[FunctionKey])
values('EP0205','delete','EP0205_P_20','Delete','PortalToolbar',0,80,1,'Del','',0,'P','','','EF','U870','','','EP0205_P_20_40',2,'','')
insert into AA_FormButtons_base ([cFormCode],[cButtonKey],[cGroup],[cPic],[cToolBarType],[iToolBarStyle],[iOrder],[iheightRow],[cHotKey],[cAuthid],[iVoucherCtlIndex],[ctoolbarPosIndex],[cResID],[cTipResID],[cSubID],[cProjectNO],[cForegroundColor],[cBackgroundColor],[cSetGroup],[iSetGroupRow],[ProcessObjectName],[FunctionKey])
values('EP0205','delline','EP0205_B_10','Delete a row','PortalToolbar',0,40,1,'Ctrl+D','',0,'B','','','EF','U870',Null,Null,'EP0205_B_10_0',1,Null,Null)
insert into AA_FormButtons_base ([cFormCode],[cButtonKey],[cGroup],[cPic],[cToolBarType],[iToolBarStyle],[iOrder],[iheightRow],[cHotKey],[cAuthid],[iVoucherCtlIndex],[ctoolbarPosIndex],[cResID],[cTipResID],[cSubID],[cProjectNO],[cForegroundColor],[cBackgroundColor],[cSetGroup],[iSetGroupRow],[ProcessObjectName],[FunctionKey])
values('EP0205','Discussion','EP0205_P_50','Discuss','PortalToolbar',0,210,1,'','',0,'P','','','EF','U870','','','EP0205_P_50_10',3,'VchPubButtons.clsMain','Discuss')
insert into AA_FormButtons_base ([cFormCode],[cButtonKey],[cGroup],[cPic],[cToolBarType],[iToolBarStyle],[iOrder],[iheightRow],[cHotKey],[cAuthid],[iVoucherCtlIndex],[ctoolbarPosIndex],[cResID],[cTipResID],[cSubID],[cProjectNO],[cForegroundColor],[cBackgroundColor],[cSetGroup],[iSetGroupRow],[ProcessObjectName],[FunctionKey])
values('EP0205','displayFormat','EP0205_B_10','displayFormat','PortalToolbar',5,100,1,'','',0,'B','','','EF','U870',Null,Null,'EP0205_B_10_0',1,'VchPubButtons.clsMain','ShowFormat')
insert into AA_FormButtons_base ([cFormCode],[cButtonKey],[cGroup],[cPic],[cToolBarType],[iToolBarStyle],[iOrder],[iheightRow],[cHotKey],[cAuthid],[iVoucherCtlIndex],[ctoolbarPosIndex],[cResID],[cTipResID],[cSubID],[cProjectNO],[cForegroundColor],[cBackgroundColor],[cSetGroup],[iSetGroupRow],[ProcessObjectName],[FunctionKey])
values('EP0205','draft','EP0205_P_20','Draft','PortalToolbar',128,60,1,'','',0,'P','','','EF','U870','','','EP0205_P_20_30',2,'VchPubButtons.clsMain','Draft')
insert into AA_FormButtons_base ([cFormCode],[cButtonKey],[cGroup],[cPic],[cToolBarType],[iToolBarStyle],[iOrder],[iheightRow],[cHotKey],[cAuthid],[iVoucherCtlIndex],[ctoolbarPosIndex],[cResID],[cTipResID],[cSubID],[cProjectNO],[cForegroundColor],[cBackgroundColor],[cSetGroup],[iSetGroupRow],[ProcessObjectName],[FunctionKey])
values('EP0205','formatsetup','EP0205_P_60','format','PortalToolbar',0,240,1,'','',0,'P','','','EF','U870','black','','EP0205_P_60_20',3,'','')
insert into AA_FormButtons_base ([cFormCode],[cButtonKey],[cGroup],[cPic],[cToolBarType],[iToolBarStyle],[iOrder],[iheightRow],[cHotKey],[cAuthid],[iVoucherCtlIndex],[ctoolbarPosIndex],[cResID],[cTipResID],[cSubID],[cProjectNO],[cForegroundColor],[cBackgroundColor],[cSetGroup],[iSetGroupRow],[ProcessObjectName],[FunctionKey])
values('EP0205','import','EP0205_P_60','import','PortalToolbar',0,230,3,'','',0,'P','','','EF','U870','black','','EP0205_P_60_10',1,'','')
insert into AA_FormButtons_base ([cFormCode],[cButtonKey],[cGroup],[cPic],[cToolBarType],[iToolBarStyle],[iOrder],[iheightRow],[cHotKey],[cAuthid],[iVoucherCtlIndex],[ctoolbarPosIndex],[cResID],[cTipResID],[cSubID],[cProjectNO],[cForegroundColor],[cBackgroundColor],[cSetGroup],[iSetGroupRow],[ProcessObjectName],[FunctionKey])
values('EP0205','insertline','EP0205_B_10','insert row','PortalToolbar',0,10,1,'Ctrl+I','',0,'B','','','EF','U870',Null,Null,'EP0205_B_10_0',1,Null,Null)
insert into AA_FormButtons_base ([cFormCode],[cButtonKey],[cGroup],[cPic],[cToolBarType],[iToolBarStyle],[iOrder],[iheightRow],[cHotKey],[cAuthid],[iVoucherCtlIndex],[ctoolbarPosIndex],[cResID],[cTipResID],[cSubID],[cProjectNO],[cForegroundColor],[cBackgroundColor],[cSetGroup],[iSetGroupRow],[ProcessObjectName],[FunctionKey])
values('EP0205','locate','PF_Voucher_T_1','Advanced','PortalToolbar',0,80,3,'Ctrl+F3','',0,'T','','','EF','U870',Null,Null,'PF_Voucher_T_1_8',1,Null,Null)
insert into AA_FormButtons_base ([cFormCode],[cButtonKey],[cGroup],[cPic],[cToolBarType],[iToolBarStyle],[iOrder],[iheightRow],[cHotKey],[cAuthid],[iVoucherCtlIndex],[ctoolbarPosIndex],[cResID],[cTipResID],[cSubID],[cProjectNO],[cForegroundColor],[cBackgroundColor],[cSetGroup],[iSetGroupRow],[ProcessObjectName],[FunctionKey])
values('EP0205','mirowsplitter','EP0205_B_10','Split Row','PortalToolbar',0,30,1,'','',0,'B','','','EF','U870','black','','EP0205_B_10_0',1,Null,Null)
insert into AA_FormButtons_base ([cFormCode],[cButtonKey],[cGroup],[cPic],[cToolBarType],[iToolBarStyle],[iOrder],[iheightRow],[cHotKey],[cAuthid],[iVoucherCtlIndex],[ctoolbarPosIndex],[cResID],[cTipResID],[cSubID],[cProjectNO],[cForegroundColor],[cBackgroundColor],[cSetGroup],[iSetGroupRow],[ProcessObjectName],[FunctionKey])
values('EP0205','modify','EP0205_P_20','Modify','PortalToolbar',0,70,1,'F8','',0,'P','','','EF','U870','','','EP0205_P_20_40',2,'','')
insert into AA_FormButtons_base ([cFormCode],[cButtonKey],[cGroup],[cPic],[cToolBarType],[iToolBarStyle],[iOrder],[iheightRow],[cHotKey],[cAuthid],[iVoucherCtlIndex],[ctoolbarPosIndex],[cResID],[cTipResID],[cSubID],[cProjectNO],[cForegroundColor],[cBackgroundColor],[cSetGroup],[iSetGroupRow],[ProcessObjectName],[FunctionKey])
values('EP0205','Notes','EP0205_P_50','Notes','PortalToolbar',0,200,1,'','',0,'P','','','EF','U870','black','','EP0205_P_50_10',3,'VchPubButtons.clsMain','Notes')
insert into AA_FormButtons_base ([cFormCode],[cButtonKey],[cGroup],[cPic],[cToolBarType],[iToolBarStyle],[iOrder],[iheightRow],[cHotKey],[cAuthid],[iVoucherCtlIndex],[ctoolbarPosIndex],[cResID],[cTipResID],[cSubID],[cProjectNO],[cForegroundColor],[cBackgroundColor],[cSetGroup],[iSetGroupRow],[ProcessObjectName],[FunctionKey])
values('EP0205','Notify','EP0205_P_50','Notify','PortalToolbar',0,220,1,'','',0,'P','','','EF','U870','','','EP0205_P_50_10',3,'VchPubButtons.clsMain','Notify')
insert into AA_FormButtons_base ([cFormCode],[cButtonKey],[cGroup],[cPic],[cToolBarType],[iToolBarStyle],[iOrder],[iheightRow],[cHotKey],[cAuthid],[iVoucherCtlIndex],[ctoolbarPosIndex],[cResID],[cTipResID],[cSubID],[cProjectNO],[cForegroundColor],[cBackgroundColor],[cSetGroup],[iSetGroupRow],[ProcessObjectName],[FunctionKey])
values('EP0205','openline','EP0205_B_10','open','PortalToolbar',0,70,1,'','',0,'B','','','EF','U870',Null,Null,'EP0205_B_10_0',1,Null,Null)
insert into AA_FormButtons_base ([cFormCode],[cButtonKey],[cGroup],[cPic],[cToolBarType],[iToolBarStyle],[iOrder],[iheightRow],[cHotKey],[cAuthid],[iVoucherCtlIndex],[ctoolbarPosIndex],[cResID],[cTipResID],[cSubID],[cProjectNO],[cForegroundColor],[cBackgroundColor],[cSetGroup],[iSetGroupRow],[ProcessObjectName],[FunctionKey])
values('EP0205','openorder','EP0205_P_40','open','PortalToolbar',0,190,1,'','',0,'P','','','EF','U870','black','','EP0205_P_40_10',2,'','')
insert into AA_FormButtons_base ([cFormCode],[cButtonKey],[cGroup],[cPic],[cToolBarType],[iToolBarStyle],[iOrder],[iheightRow],[cHotKey],[cAuthid],[iVoucherCtlIndex],[ctoolbarPosIndex],[cResID],[cTipResID],[cSubID],[cProjectNO],[cForegroundColor],[cBackgroundColor],[cSetGroup],[iSetGroupRow],[ProcessObjectName],[FunctionKey])
values('EP0205','output','EP0205_P_10','Output','PortalToolbar',0,20,1,'ALT+E','',0,'P','','','EF','U870','','','EP0205_P_10_10',2,'','')
insert into AA_FormButtons_base ([cFormCode],[cButtonKey],[cGroup],[cPic],[cToolBarType],[iToolBarStyle],[iOrder],[iheightRow],[cHotKey],[cAuthid],[iVoucherCtlIndex],[ctoolbarPosIndex],[cResID],[cTipResID],[cSubID],[cProjectNO],[cForegroundColor],[cBackgroundColor],[cSetGroup],[iSetGroupRow],[ProcessObjectName],[FunctionKey])
values('EP0205','print','EP0205_P_10','Print','PortalToolbar',5,10,1,'Ctrl+P','',0,'P','','','EF','U870','','','EP0205_P_10_10',2,'','')
insert into AA_FormButtons_base ([cFormCode],[cButtonKey],[cGroup],[cPic],[cToolBarType],[iToolBarStyle],[iOrder],[iheightRow],[cHotKey],[cAuthid],[iVoucherCtlIndex],[ctoolbarPosIndex],[cResID],[cTipResID],[cSubID],[cProjectNO],[cForegroundColor],[cBackgroundColor],[cSetGroup],[iSetGroupRow],[ProcessObjectName],[FunctionKey])
values('EP0205','PrintTemplate','EP0205_P_60','PrintTemplate','PortalToolbar',55,270,1,'','',0,'P','','','EF','U870','','','EP0205_P_60_30',1,'','')
insert into AA_FormButtons_base ([cFormCode],[cButtonKey],[cGroup],[cPic],[cToolBarType],[iToolBarStyle],[iOrder],[iheightRow],[cHotKey],[cAuthid],[iVoucherCtlIndex],[ctoolbarPosIndex],[cResID],[cTipResID],[cSubID],[cProjectNO],[cForegroundColor],[cBackgroundColor],[cSetGroup],[iSetGroupRow],[ProcessObjectName],[FunctionKey])
values('EP0205','refresh','PF_Voucher_T_1','Refresh','PortalToolbar',0,30,3,'Ctrl+R','',0,'T','','','EF','U870',Null,Null,'PF_Voucher_T_1_3',1,Null,Null)
insert into AA_FormButtons_base ([cFormCode],[cButtonKey],[cGroup],[cPic],[cToolBarType],[iToolBarStyle],[iOrder],[iheightRow],[cHotKey],[cAuthid],[iVoucherCtlIndex],[ctoolbarPosIndex],[cResID],[cTipResID],[cSubID],[cProjectNO],[cForegroundColor],[cBackgroundColor],[cSetGroup],[iSetGroupRow],[ProcessObjectName],[FunctionKey])
values('EP0205','save','EP0205_P_20','Save','PortalToolbar',5,110,3,'','',0,'P','','','EF','U870','','','EP0205_P_20_60',1,'','')
insert into AA_FormButtons_base ([cFormCode],[cButtonKey],[cGroup],[cPic],[cToolBarType],[iToolBarStyle],[iOrder],[iheightRow],[cHotKey],[cAuthid],[iVoucherCtlIndex],[ctoolbarPosIndex],[cResID],[cTipResID],[cSubID],[cProjectNO],[cForegroundColor],[cBackgroundColor],[cSetGroup],[iSetGroupRow],[ProcessObjectName],[FunctionKey])
values('EP0205','savelayout','EP0205_P_60','SaveFormat','PortalToolbar',0,250,1,'','',0,'P','','','EF','U870','','','EP0205_P_60_20',3,'','')
insert into AA_FormButtons_base ([cFormCode],[cButtonKey],[cGroup],[cPic],[cToolBarType],[iToolBarStyle],[iOrder],[iheightRow],[cHotKey],[cAuthid],[iVoucherCtlIndex],[ctoolbarPosIndex],[cResID],[cTipResID],[cSubID],[cProjectNO],[cForegroundColor],[cBackgroundColor],[cSetGroup],[iSetGroupRow],[ProcessObjectName],[FunctionKey])
values('EP0205','SortLocate','EP0205_B_10','sorting','PortalToolbar',5,90,1,'','',0,'B','','','EF','U870',Null,Null,'EP0205_B_10_0',1,'VchPubButtons.clsMain','Sort')
insert into AA_FormButtons_base ([cFormCode],[cButtonKey],[cGroup],[cPic],[cToolBarType],[iToolBarStyle],[iOrder],[iheightRow],[cHotKey],[cAuthid],[iVoucherCtlIndex],[ctoolbarPosIndex],[cResID],[cTipResID],[cSubID],[cProjectNO],[cForegroundColor],[cBackgroundColor],[cSetGroup],[iSetGroupRow],[ProcessObjectName],[FunctionKey])
values('EP0205','tableline1','EP0205_B_10','','PortalToolbar',3,80,1,'','',0,'B','','','EF','U870','','','EP0205_B_10_0',1,Null,Null)
insert into AA_FormButtons_base ([cFormCode],[cButtonKey],[cGroup],[cPic],[cToolBarType],[iToolBarStyle],[iOrder],[iheightRow],[cHotKey],[cAuthid],[iVoucherCtlIndex],[ctoolbarPosIndex],[cResID],[cTipResID],[cSubID],[cProjectNO],[cForegroundColor],[cBackgroundColor],[cSetGroup],[iSetGroupRow],[ProcessObjectName],[FunctionKey])
values('EP0205','tofirst','PF_Voucher_T_1','first page','PortalToolbar',0,40,3,'ALT+PageUP','',0,'T','','','EF','U870',Null,Null,'PF_Voucher_T_1_4',1,Null,Null)
insert into AA_FormButtons_base ([cFormCode],[cButtonKey],[cGroup],[cPic],[cToolBarType],[iToolBarStyle],[iOrder],[iheightRow],[cHotKey],[cAuthid],[iVoucherCtlIndex],[ctoolbarPosIndex],[cResID],[cTipResID],[cSubID],[cProjectNO],[cForegroundColor],[cBackgroundColor],[cSetGroup],[iSetGroupRow],[ProcessObjectName],[FunctionKey])
values('EP0205','tolast','PF_Voucher_T_1','Last page','PortalToolbar',0,70,3,'ALT+PageDown','',0,'T','','','EF','U870',Null,Null,'PF_Voucher_T_1_7',1,Null,Null)
insert into AA_FormButtons_base ([cFormCode],[cButtonKey],[cGroup],[cPic],[cToolBarType],[iToolBarStyle],[iOrder],[iheightRow],[cHotKey],[cAuthid],[iVoucherCtlIndex],[ctoolbarPosIndex],[cResID],[cTipResID],[cSubID],[cProjectNO],[cForegroundColor],[cBackgroundColor],[cSetGroup],[iSetGroupRow],[ProcessObjectName],[FunctionKey])
values('EP0205','tonext','PF_Voucher_T_1','Next page','PortalToolbar',0,60,1,'PageDown','',0,'T','','','EF','U870',Null,Null,'PF_Voucher_T_1_6',3,Null,Null)
insert into AA_FormButtons_base ([cFormCode],[cButtonKey],[cGroup],[cPic],[cToolBarType],[iToolBarStyle],[iOrder],[iheightRow],[cHotKey],[cAuthid],[iVoucherCtlIndex],[ctoolbarPosIndex],[cResID],[cTipResID],[cSubID],[cProjectNO],[cForegroundColor],[cBackgroundColor],[cSetGroup],[iSetGroupRow],[ProcessObjectName],[FunctionKey])
values('EP0205','toprevious','PF_Voucher_T_1','Previous Page','PortalToolbar',0,50,1,'PageUP','',0,'T','','','EF','U870',Null,Null,'PF_Voucher_T_1_5',3,Null,Null)
insert into AA_FormButtons_base ([cFormCode],[cButtonKey],[cGroup],[cPic],[cToolBarType],[iToolBarStyle],[iOrder],[iheightRow],[cHotKey],[cAuthid],[iVoucherCtlIndex],[ctoolbarPosIndex],[cResID],[cTipResID],[cSubID],[cProjectNO],[cForegroundColor],[cBackgroundColor],[cSetGroup],[iSetGroupRow],[ProcessObjectName],[FunctionKey])
values('EP0205','unverify','EP0205_P_30','Unapprove','PortalToolbar',0,170,1,'','',0,'P','','','EF','U870','','','EP0205_P_30_30',2,'','')
insert into AA_FormButtons_base ([cFormCode],[cButtonKey],[cGroup],[cPic],[cToolBarType],[iToolBarStyle],[iOrder],[iheightRow],[cHotKey],[cAuthid],[iVoucherCtlIndex],[ctoolbarPosIndex],[cResID],[cTipResID],[cSubID],[cProjectNO],[cForegroundColor],[cBackgroundColor],[cSetGroup],[iSetGroupRow],[ProcessObjectName],[FunctionKey])
values('EP0205','verify','EP0205_P_30','Approve','PortalToolbar',0,150,3,'','',0,'P','','','EF','U870','','','EP0205_P_30_20',1,'','')

GO
insert into AA_FormButtons_lang ([cFormCode],[localeid],[cButtonKey],[cCaption],[cToolTip],[cSubID],[cProjectNO])
values('EP0205','en-US','add','Add','Add','EF','U870')
insert into AA_FormButtons_lang ([cFormCode],[localeid],[cButtonKey],[cCaption],[cToolTip],[cSubID],[cProjectNO])
values('EP0205','en-US','batchmodify','batchmodify','batchmodify','EF','U870')
insert into AA_FormButtons_lang ([cFormCode],[localeid],[cButtonKey],[cCaption],[cToolTip],[cSubID],[cProjectNO])
values('EP0205','en-US','cancel','Abolish','Abolish','EF','U870')
insert into AA_FormButtons_lang ([cFormCode],[localeid],[cButtonKey],[cCaption],[cToolTip],[cSubID],[cProjectNO])
values('EP0205','en-US','closeline','Modify','Modify','EF','U870')
insert into AA_FormButtons_lang ([cFormCode],[localeid],[cButtonKey],[cCaption],[cToolTip],[cSubID],[cProjectNO])
values('EP0205','en-US','closeorder','关闭','关闭','EF','U870')
insert into AA_FormButtons_lang ([cFormCode],[localeid],[cButtonKey],[cCaption],[cToolTip],[cSubID],[cProjectNO])
values('EP0205','en-US','copy','复制','复制','EF','U870')
insert into AA_FormButtons_lang ([cFormCode],[localeid],[cButtonKey],[cCaption],[cToolTip],[cSubID],[cProjectNO])
values('EP0205','en-US','copyline','copy a line','copy a line','EF','U870')
insert into AA_FormButtons_lang ([cFormCode],[localeid],[cButtonKey],[cCaption],[cToolTip],[cSubID],[cProjectNO])
values('EP0205','en-US','delete','Delete','Delete','EF','U870')
insert into AA_FormButtons_lang ([cFormCode],[localeid],[cButtonKey],[cCaption],[cToolTip],[cSubID],[cProjectNO])
values('EP0205','en-US','delline','Delete a row','Delete a row','EF','U870')
insert into AA_FormButtons_lang ([cFormCode],[localeid],[cButtonKey],[cCaption],[cToolTip],[cSubID],[cProjectNO])
values('EP0205','en-US','Discussion','Discussion','Discussion','EF','U870')
insert into AA_FormButtons_lang ([cFormCode],[localeid],[cButtonKey],[cCaption],[cToolTip],[cSubID],[cProjectNO])
values('EP0205','en-US','displayFormat','display format','display format','EF','U870')
insert into AA_FormButtons_lang ([cFormCode],[localeid],[cButtonKey],[cCaption],[cToolTip],[cSubID],[cProjectNO])
values('EP0205','en-US','draft','Draft','Draft','EF','U870')
insert into AA_FormButtons_lang ([cFormCode],[localeid],[cButtonKey],[cCaption],[cToolTip],[cSubID],[cProjectNO])
values('EP0205','en-US','formatsetup','格式设置','单据格式设置','EF','U870')
insert into AA_FormButtons_lang ([cFormCode],[localeid],[cButtonKey],[cCaption],[cToolTip],[cSubID],[cProjectNO])
values('EP0205','en-US','import','导入','导入','EF','U870')
insert into AA_FormButtons_lang ([cFormCode],[localeid],[cButtonKey],[cCaption],[cToolTip],[cSubID],[cProjectNO])
values('EP0205','en-US','insertline','Insert line','Insert line','EF','U870')
insert into AA_FormButtons_lang ([cFormCode],[localeid],[cButtonKey],[cCaption],[cToolTip],[cSubID],[cProjectNO])
values('EP0205','en-US','locate','location','location','EF','U870')
insert into AA_FormButtons_lang ([cFormCode],[localeid],[cButtonKey],[cCaption],[cToolTip],[cSubID],[cProjectNO])
values('EP0205','en-US','mirowsplitter','Row Splitter','Row Splitter','EF','U870')
insert into AA_FormButtons_lang ([cFormCode],[localeid],[cButtonKey],[cCaption],[cToolTip],[cSubID],[cProjectNO])
values('EP0205','en-US','modify','Modify','Modify','EF','U870')
insert into AA_FormButtons_lang ([cFormCode],[localeid],[cButtonKey],[cCaption],[cToolTip],[cSubID],[cProjectNO])
values('EP0205','en-US','Notes','Notes','Notes','EF','U870')
insert into AA_FormButtons_lang ([cFormCode],[localeid],[cButtonKey],[cCaption],[cToolTip],[cSubID],[cProjectNO])
values('EP0205','en-US','Notify','Notify','Notify','EF','U870')
insert into AA_FormButtons_lang ([cFormCode],[localeid],[cButtonKey],[cCaption],[cToolTip],[cSubID],[cProjectNO])
values('EP0205','en-US','openline','open line','open line','EF','U870')
insert into AA_FormButtons_lang ([cFormCode],[localeid],[cButtonKey],[cCaption],[cToolTip],[cSubID],[cProjectNO])
values('EP0205','en-US','openorder','打开','打开','EF','U870')
insert into AA_FormButtons_lang ([cFormCode],[localeid],[cButtonKey],[cCaption],[cToolTip],[cSubID],[cProjectNO])
values('EP0205','en-US','output','output','output','EF','U870')
insert into AA_FormButtons_lang ([cFormCode],[localeid],[cButtonKey],[cCaption],[cToolTip],[cSubID],[cProjectNO])
values('EP0205','en-US','print','Print','Print','EF','U870')
insert into AA_FormButtons_lang ([cFormCode],[localeid],[cButtonKey],[cCaption],[cToolTip],[cSubID],[cProjectNO])
values('EP0205','en-US','PrintTemplate','PrintTemplate','PrintTemplate','EF','U870')
insert into AA_FormButtons_lang ([cFormCode],[localeid],[cButtonKey],[cCaption],[cToolTip],[cSubID],[cProjectNO])
values('EP0205','en-US','refresh','Refresh','Refresh','EF','U870')
insert into AA_FormButtons_lang ([cFormCode],[localeid],[cButtonKey],[cCaption],[cToolTip],[cSubID],[cProjectNO])
values('EP0205','en-US','save','Save','Save','EF','U870')
insert into AA_FormButtons_lang ([cFormCode],[localeid],[cButtonKey],[cCaption],[cToolTip],[cSubID],[cProjectNO])
values('EP0205','en-US','savelayout','Save Layout','Save col width to Voucher Templates','EF','U870')
insert into AA_FormButtons_lang ([cFormCode],[localeid],[cButtonKey],[cCaption],[cToolTip],[cSubID],[cProjectNO])
values('EP0205','en-US','SortLocate','Sort and Locate','Sort and Locate','EF','U870')
insert into AA_FormButtons_lang ([cFormCode],[localeid],[cButtonKey],[cCaption],[cToolTip],[cSubID],[cProjectNO])
values('EP0205','en-US','tableline1','','','EF','U870')
insert into AA_FormButtons_lang ([cFormCode],[localeid],[cButtonKey],[cCaption],[cToolTip],[cSubID],[cProjectNO])
values('EP0205','en-US','tofirst','First','First','EF','U870')
insert into AA_FormButtons_lang ([cFormCode],[localeid],[cButtonKey],[cCaption],[cToolTip],[cSubID],[cProjectNO])
values('EP0205','en-US','tolast','Last','Last','EF','U870')
insert into AA_FormButtons_lang ([cFormCode],[localeid],[cButtonKey],[cCaption],[cToolTip],[cSubID],[cProjectNO])
values('EP0205','en-US','tonext','Next','Next','EF','U870')
insert into AA_FormButtons_lang ([cFormCode],[localeid],[cButtonKey],[cCaption],[cToolTip],[cSubID],[cProjectNO])
values('EP0205','en-US','toprevious','Previous','Previous','EF','U870')
insert into AA_FormButtons_lang ([cFormCode],[localeid],[cButtonKey],[cCaption],[cToolTip],[cSubID],[cProjectNO])
values('EP0205','en-US','unverify','Revert','Revert','EF','U870')
insert into AA_FormButtons_lang ([cFormCode],[localeid],[cButtonKey],[cCaption],[cToolTip],[cSubID],[cProjectNO])
values('EP0205','en-US','verify','Approve','Approve','EF','U870')
insert into AA_FormButtons_lang ([cFormCode],[localeid],[cButtonKey],[cCaption],[cToolTip],[cSubID],[cProjectNO])
values('EP0205','zh-CN','add','增加','增加','EF','U870')
insert into AA_FormButtons_lang ([cFormCode],[localeid],[cButtonKey],[cCaption],[cToolTip],[cSubID],[cProjectNO])
values('EP0205','zh-CN','batchmodify','批改','批改','EF','U870')
insert into AA_FormButtons_lang ([cFormCode],[localeid],[cButtonKey],[cCaption],[cToolTip],[cSubID],[cProjectNO])
values('EP0205','zh-CN','calc','展算','展算','EF','U870')
insert into AA_FormButtons_lang ([cFormCode],[localeid],[cButtonKey],[cCaption],[cToolTip],[cSubID],[cProjectNO])
values('EP0205','zh-CN','cancel','放弃','放弃','EF','U870')
insert into AA_FormButtons_lang ([cFormCode],[localeid],[cButtonKey],[cCaption],[cToolTip],[cSubID],[cProjectNO])
values('EP0205','zh-CN','closeline','关闭','关闭行','EF','U870')
insert into AA_FormButtons_lang ([cFormCode],[localeid],[cButtonKey],[cCaption],[cToolTip],[cSubID],[cProjectNO])
values('EP0205','zh-CN','closeorder','关闭','关闭','EF','U870')
insert into AA_FormButtons_lang ([cFormCode],[localeid],[cButtonKey],[cCaption],[cToolTip],[cSubID],[cProjectNO])
values('EP0205','zh-CN','copy','复制','复制','EF','U870')
insert into AA_FormButtons_lang ([cFormCode],[localeid],[cButtonKey],[cCaption],[cToolTip],[cSubID],[cProjectNO])
values('EP0205','zh-CN','copyline','复制行','复制行','EF','U870')
insert into AA_FormButtons_lang ([cFormCode],[localeid],[cButtonKey],[cCaption],[cToolTip],[cSubID],[cProjectNO])
values('EP0205','zh-CN','delete','删除','删除','EF','U870')
insert into AA_FormButtons_lang ([cFormCode],[localeid],[cButtonKey],[cCaption],[cToolTip],[cSubID],[cProjectNO])
values('EP0205','zh-CN','delline','删行','删行','EF','U870')
insert into AA_FormButtons_lang ([cFormCode],[localeid],[cButtonKey],[cCaption],[cToolTip],[cSubID],[cProjectNO])
values('EP0205','zh-CN','Discussion','讨论','讨论','EF','U870')
insert into AA_FormButtons_lang ([cFormCode],[localeid],[cButtonKey],[cCaption],[cToolTip],[cSubID],[cProjectNO])
values('EP0205','zh-CN','displayFormat','显示格式','显示格式','EF','U870')
insert into AA_FormButtons_lang ([cFormCode],[localeid],[cButtonKey],[cCaption],[cToolTip],[cSubID],[cProjectNO])
values('EP0205','zh-CN','draft','草稿','草稿','EF','U870')
insert into AA_FormButtons_lang ([cFormCode],[localeid],[cButtonKey],[cCaption],[cToolTip],[cSubID],[cProjectNO])
values('EP0205','zh-CN','formatsetup','格式设置','单据格式设置','EF','U870')
insert into AA_FormButtons_lang ([cFormCode],[localeid],[cButtonKey],[cCaption],[cToolTip],[cSubID],[cProjectNO])
values('EP0205','zh-CN','import','导入','导入','EF','U870')
insert into AA_FormButtons_lang ([cFormCode],[localeid],[cButtonKey],[cCaption],[cToolTip],[cSubID],[cProjectNO])
values('EP0205','zh-CN','insertline','插行','插行','EF','U870')
insert into AA_FormButtons_lang ([cFormCode],[localeid],[cButtonKey],[cCaption],[cToolTip],[cSubID],[cProjectNO])
values('EP0205','zh-CN','locate','高级','高级','EF','U870')
insert into AA_FormButtons_lang ([cFormCode],[localeid],[cButtonKey],[cCaption],[cToolTip],[cSubID],[cProjectNO])
values('EP0205','zh-CN','mirowsplitter','拆分行','拆分行','EF','U870')
insert into AA_FormButtons_lang ([cFormCode],[localeid],[cButtonKey],[cCaption],[cToolTip],[cSubID],[cProjectNO])
values('EP0205','zh-CN','modify','修改','修改','EF','U870')
insert into AA_FormButtons_lang ([cFormCode],[localeid],[cButtonKey],[cCaption],[cToolTip],[cSubID],[cProjectNO])
values('EP0205','zh-CN','Notes','批注','批注','EF','U870')
insert into AA_FormButtons_lang ([cFormCode],[localeid],[cButtonKey],[cCaption],[cToolTip],[cSubID],[cProjectNO])
values('EP0205','zh-CN','Notify','通知','通知','EF','U870')
insert into AA_FormButtons_lang ([cFormCode],[localeid],[cButtonKey],[cCaption],[cToolTip],[cSubID],[cProjectNO])
values('EP0205','zh-CN','openline','打开','打开行','EF','U870')
insert into AA_FormButtons_lang ([cFormCode],[localeid],[cButtonKey],[cCaption],[cToolTip],[cSubID],[cProjectNO])
values('EP0205','zh-CN','openorder','打开','打开','EF','U870')
insert into AA_FormButtons_lang ([cFormCode],[localeid],[cButtonKey],[cCaption],[cToolTip],[cSubID],[cProjectNO])
values('EP0205','zh-CN','output','输出','输出','EF','U870')
insert into AA_FormButtons_lang ([cFormCode],[localeid],[cButtonKey],[cCaption],[cToolTip],[cSubID],[cProjectNO])
values('EP0205','zh-CN','print','打印','打印','EF','U870')
insert into AA_FormButtons_lang ([cFormCode],[localeid],[cButtonKey],[cCaption],[cToolTip],[cSubID],[cProjectNO])
values('EP0205','zh-CN','PrintTemplate','打印模板','打印模板','EF','U870')
insert into AA_FormButtons_lang ([cFormCode],[localeid],[cButtonKey],[cCaption],[cToolTip],[cSubID],[cProjectNO])
values('EP0205','zh-CN','refresh','刷新','刷新','EF','U870')
insert into AA_FormButtons_lang ([cFormCode],[localeid],[cButtonKey],[cCaption],[cToolTip],[cSubID],[cProjectNO])
values('EP0205','zh-CN','save','保存','保存','EF','U870')
insert into AA_FormButtons_lang ([cFormCode],[localeid],[cButtonKey],[cCaption],[cToolTip],[cSubID],[cProjectNO])
values('EP0205','zh-CN','savelayout','保存格式','保存单据列宽到单据模板','EF','U870')
insert into AA_FormButtons_lang ([cFormCode],[localeid],[cButtonKey],[cCaption],[cToolTip],[cSubID],[cProjectNO])
values('EP0205','zh-CN','SortLocate','排序定位','排序定位','EF','U870')
insert into AA_FormButtons_lang ([cFormCode],[localeid],[cButtonKey],[cCaption],[cToolTip],[cSubID],[cProjectNO])
values('EP0205','zh-CN','tableline1','','','EF','U870')
insert into AA_FormButtons_lang ([cFormCode],[localeid],[cButtonKey],[cCaption],[cToolTip],[cSubID],[cProjectNO])
values('EP0205','zh-CN','tofirst','首张','首张','EF','U870')
insert into AA_FormButtons_lang ([cFormCode],[localeid],[cButtonKey],[cCaption],[cToolTip],[cSubID],[cProjectNO])
values('EP0205','zh-CN','tolast','末张','末张','EF','U870')
insert into AA_FormButtons_lang ([cFormCode],[localeid],[cButtonKey],[cCaption],[cToolTip],[cSubID],[cProjectNO])
values('EP0205','zh-CN','tonext','下张','下张','EF','U870')
insert into AA_FormButtons_lang ([cFormCode],[localeid],[cButtonKey],[cCaption],[cToolTip],[cSubID],[cProjectNO])
values('EP0205','zh-CN','toprevious','上张','上张','EF','U870')
insert into AA_FormButtons_lang ([cFormCode],[localeid],[cButtonKey],[cCaption],[cToolTip],[cSubID],[cProjectNO])
values('EP0205','zh-CN','unverify','弃审','弃审','EF','U870')
insert into AA_FormButtons_lang ([cFormCode],[localeid],[cButtonKey],[cCaption],[cToolTip],[cSubID],[cProjectNO])
values('EP0205','zh-CN','verify','审核','审核','EF','U870')
insert into AA_FormButtons_lang ([cFormCode],[localeid],[cButtonKey],[cCaption],[cToolTip],[cSubID],[cProjectNO])
values('EP0205','zh-TW','add','增加','增加','EF','U870')
insert into AA_FormButtons_lang ([cFormCode],[localeid],[cButtonKey],[cCaption],[cToolTip],[cSubID],[cProjectNO])
values('EP0205','zh-TW','batchmodify','批改','批改','EF','U870')
insert into AA_FormButtons_lang ([cFormCode],[localeid],[cButtonKey],[cCaption],[cToolTip],[cSubID],[cProjectNO])
values('EP0205','zh-TW','cancel','放','放','EF','U870')
insert into AA_FormButtons_lang ([cFormCode],[localeid],[cButtonKey],[cCaption],[cToolTip],[cSubID],[cProjectNO])
values('EP0205','zh-TW','closeline','P]','P]行','EF','U870')
insert into AA_FormButtons_lang ([cFormCode],[localeid],[cButtonKey],[cCaption],[cToolTip],[cSubID],[cProjectNO])
values('EP0205','zh-TW','closeorder','关闭','关闭','EF','U870')
insert into AA_FormButtons_lang ([cFormCode],[localeid],[cButtonKey],[cCaption],[cToolTip],[cSubID],[cProjectNO])
values('EP0205','zh-TW','copy','复制','复制','EF','U870')
insert into AA_FormButtons_lang ([cFormCode],[localeid],[cButtonKey],[cCaption],[cToolTip],[cSubID],[cProjectNO])
values('EP0205','zh-TW','copyline','复制行','复制行','EF','U870')
insert into AA_FormButtons_lang ([cFormCode],[localeid],[cButtonKey],[cCaption],[cToolTip],[cSubID],[cProjectNO])
values('EP0205','zh-TW','delete','h除','h除','EF','U870')
insert into AA_FormButtons_lang ([cFormCode],[localeid],[cButtonKey],[cCaption],[cToolTip],[cSubID],[cProjectNO])
values('EP0205','zh-TW','delline','h行','h行','EF','U870')
insert into AA_FormButtons_lang ([cFormCode],[localeid],[cButtonKey],[cCaption],[cToolTip],[cSubID],[cProjectNO])
values('EP0205','zh-TW','Discussion','','','EF','U870')
insert into AA_FormButtons_lang ([cFormCode],[localeid],[cButtonKey],[cCaption],[cToolTip],[cSubID],[cProjectNO])
values('EP0205','zh-TW','displayFormat','@示格式','@示格式','EF','U870')
insert into AA_FormButtons_lang ([cFormCode],[localeid],[cButtonKey],[cCaption],[cToolTip],[cSubID],[cProjectNO])
values('EP0205','zh-TW','draft','草稿','草稿','EF','U870')
insert into AA_FormButtons_lang ([cFormCode],[localeid],[cButtonKey],[cCaption],[cToolTip],[cSubID],[cProjectNO])
values('EP0205','zh-TW','formatsetup','格式设置','单据格式设置','EF','U870')
insert into AA_FormButtons_lang ([cFormCode],[localeid],[cButtonKey],[cCaption],[cToolTip],[cSubID],[cProjectNO])
values('EP0205','zh-TW','import','导入','导入','EF','U870')
insert into AA_FormButtons_lang ([cFormCode],[localeid],[cButtonKey],[cCaption],[cToolTip],[cSubID],[cProjectNO])
values('EP0205','zh-TW','insertline','插行','插行','EF','U870')
insert into AA_FormButtons_lang ([cFormCode],[localeid],[cButtonKey],[cCaption],[cToolTip],[cSubID],[cProjectNO])
values('EP0205','zh-TW','locate','高','高','EF','U870')
insert into AA_FormButtons_lang ([cFormCode],[localeid],[cButtonKey],[cCaption],[cToolTip],[cSubID],[cProjectNO])
values('EP0205','zh-TW','mirowsplitter','拆分行','拆分行','EF','U870')
insert into AA_FormButtons_lang ([cFormCode],[localeid],[cButtonKey],[cCaption],[cToolTip],[cSubID],[cProjectNO])
values('EP0205','zh-TW','modify','修改','修改','EF','U870')
insert into AA_FormButtons_lang ([cFormCode],[localeid],[cButtonKey],[cCaption],[cToolTip],[cSubID],[cProjectNO])
values('EP0205','zh-TW','Notes','批]','批]','EF','U870')
insert into AA_FormButtons_lang ([cFormCode],[localeid],[cButtonKey],[cCaption],[cToolTip],[cSubID],[cProjectNO])
values('EP0205','zh-TW','Notify','通知','通知','EF','U870')
insert into AA_FormButtons_lang ([cFormCode],[localeid],[cButtonKey],[cCaption],[cToolTip],[cSubID],[cProjectNO])
values('EP0205','zh-TW','openline','打_','打_行','EF','U870')
insert into AA_FormButtons_lang ([cFormCode],[localeid],[cButtonKey],[cCaption],[cToolTip],[cSubID],[cProjectNO])
values('EP0205','zh-TW','openorder','打开','打开','EF','U870')
insert into AA_FormButtons_lang ([cFormCode],[localeid],[cButtonKey],[cCaption],[cToolTip],[cSubID],[cProjectNO])
values('EP0205','zh-TW','output','出','出','EF','U870')
insert into AA_FormButtons_lang ([cFormCode],[localeid],[cButtonKey],[cCaption],[cToolTip],[cSubID],[cProjectNO])
values('EP0205','zh-TW','print','列印','列印','EF','U870')
insert into AA_FormButtons_lang ([cFormCode],[localeid],[cButtonKey],[cCaption],[cToolTip],[cSubID],[cProjectNO])
values('EP0205','zh-TW','PrintTemplate','列印本','列印本','EF','U870')
insert into AA_FormButtons_lang ([cFormCode],[localeid],[cButtonKey],[cCaption],[cToolTip],[cSubID],[cProjectNO])
values('EP0205','zh-TW','refresh','刷新','刷新','EF','U870')
insert into AA_FormButtons_lang ([cFormCode],[localeid],[cButtonKey],[cCaption],[cToolTip],[cSubID],[cProjectNO])
values('EP0205','zh-TW','save','保存','保存','EF','U870')
insert into AA_FormButtons_lang ([cFormCode],[localeid],[cButtonKey],[cCaption],[cToolTip],[cSubID],[cProjectNO])
values('EP0205','zh-TW','savelayout','保存格式','保存列到本','EF','U870')
insert into AA_FormButtons_lang ([cFormCode],[localeid],[cButtonKey],[cCaption],[cToolTip],[cSubID],[cProjectNO])
values('EP0205','zh-TW','SortLocate','排序定位','排序定位','EF','U870')
insert into AA_FormButtons_lang ([cFormCode],[localeid],[cButtonKey],[cCaption],[cToolTip],[cSubID],[cProjectNO])
values('EP0205','zh-TW','tableline1','','','EF','U870')
insert into AA_FormButtons_lang ([cFormCode],[localeid],[cButtonKey],[cCaption],[cToolTip],[cSubID],[cProjectNO])
values('EP0205','zh-TW','tofirst','首','首','EF','U870')
insert into AA_FormButtons_lang ([cFormCode],[localeid],[cButtonKey],[cCaption],[cToolTip],[cSubID],[cProjectNO])
values('EP0205','zh-TW','tolast','末','末','EF','U870')
insert into AA_FormButtons_lang ([cFormCode],[localeid],[cButtonKey],[cCaption],[cToolTip],[cSubID],[cProjectNO])
values('EP0205','zh-TW','tonext','下','下','EF','U870')
insert into AA_FormButtons_lang ([cFormCode],[localeid],[cButtonKey],[cCaption],[cToolTip],[cSubID],[cProjectNO])
values('EP0205','zh-TW','toprevious','上','上','EF','U870')
insert into AA_FormButtons_lang ([cFormCode],[localeid],[cButtonKey],[cCaption],[cToolTip],[cSubID],[cProjectNO])
values('EP0205','zh-TW','unverify','','','EF','U870')
insert into AA_FormButtons_lang ([cFormCode],[localeid],[cButtonKey],[cCaption],[cToolTip],[cSubID],[cProjectNO])
values('EP0205','zh-TW','verify','核','核','EF','U870')

GO
insert into AA_FormButtonMenus_base ([cFormCode],[cButtonKey],[cMenuKey],[iOrder],[cParentKey],[igrade],[cAuthid],[cResID],[cSubID],[cProjectNO],[cForegroundColor],[cBackgroundColor],[iMenuType],[ProcessObjectName],[FunctionKey])
values('EP0205','add','add',10,'',0,'','','EF','U870','black','',0,'','')
insert into AA_FormButtonMenus_base ([cFormCode],[cButtonKey],[cMenuKey],[iOrder],[cParentKey],[igrade],[cAuthid],[cResID],[cSubID],[cProjectNO],[cForegroundColor],[cBackgroundColor],[iMenuType],[ProcessObjectName],[FunctionKey])
values('EP0205','add','templates',90,'',0,'','','EF','U870','black','',0,'VchPubButtons.clsMain','Template')
insert into AA_FormButtonMenus_base ([cFormCode],[cButtonKey],[cMenuKey],[iOrder],[cParentKey],[igrade],[cAuthid],[cResID],[cSubID],[cProjectNO],[cForegroundColor],[cBackgroundColor],[iMenuType],[ProcessObjectName],[FunctionKey])
values('EP0205','copy','copyvoucher',10,'',0,'','','EF','U870','black','',0,'','')
insert into AA_FormButtonMenus_base ([cFormCode],[cButtonKey],[cMenuKey],[iOrder],[cParentKey],[igrade],[cAuthid],[cResID],[cSubID],[cProjectNO],[cForegroundColor],[cBackgroundColor],[iMenuType],[ProcessObjectName],[FunctionKey])
values('EP0205','displayFormat','displayFormat[@@]Aggregate',60,'',0,'','','EF','U870','black','',0,'VchPubButtons.clsMain','Aggregate')
insert into AA_FormButtonMenus_base ([cFormCode],[cButtonKey],[cMenuKey],[iOrder],[cParentKey],[igrade],[cAuthid],[cResID],[cSubID],[cProjectNO],[cForegroundColor],[cBackgroundColor],[iMenuType],[ProcessObjectName],[FunctionKey])
values('EP0205','displayFormat','displayFormat[@@]AutoWrap',10,'',0,'','','EF','U870','black','',1,'VchPubButtons.clsMain','AutoWrap')
insert into AA_FormButtonMenus_base ([cFormCode],[cButtonKey],[cMenuKey],[iOrder],[cParentKey],[igrade],[cAuthid],[cResID],[cSubID],[cProjectNO],[cForegroundColor],[cBackgroundColor],[iMenuType],[ProcessObjectName],[FunctionKey])
values('EP0205','displayFormat','displayFormat[@@]ForzenCol',30,'',0,'','','EF','U870','black','',0,'VchPubButtons.clsMain','ForzenCol')
insert into AA_FormButtonMenus_base ([cFormCode],[cButtonKey],[cMenuKey],[iOrder],[cParentKey],[igrade],[cAuthid],[cResID],[cSubID],[cProjectNO],[cForegroundColor],[cBackgroundColor],[iMenuType],[ProcessObjectName],[FunctionKey])
values('EP0205','displayFormat','displayFormat[@@]SetAggregateRule',80,'',0,'','','EF','U870','black','',0,'VchPubButtons.clsMain','SetAggregateRule')
insert into AA_FormButtonMenus_base ([cFormCode],[cButtonKey],[cMenuKey],[iOrder],[cParentKey],[igrade],[cAuthid],[cResID],[cSubID],[cProjectNO],[cForegroundColor],[cBackgroundColor],[iMenuType],[ProcessObjectName],[FunctionKey])
values('EP0205','displayFormat','displayFormat[@@]Spliter0',20,'',0,'','','EF','U870','black','',0,'VchPubButtons.clsMain','Spliter0')
insert into AA_FormButtonMenus_base ([cFormCode],[cButtonKey],[cMenuKey],[iOrder],[cParentKey],[igrade],[cAuthid],[cResID],[cSubID],[cProjectNO],[cForegroundColor],[cBackgroundColor],[iMenuType],[ProcessObjectName],[FunctionKey])
values('EP0205','displayFormat','displayFormat[@@]Spliter1',50,'',0,'','','EF','U870','black','',0,'VchPubButtons.clsMain','Spliter1')
insert into AA_FormButtonMenus_base ([cFormCode],[cButtonKey],[cMenuKey],[iOrder],[cParentKey],[igrade],[cAuthid],[cResID],[cSubID],[cProjectNO],[cForegroundColor],[cBackgroundColor],[iMenuType],[ProcessObjectName],[FunctionKey])
values('EP0205','displayFormat','displayFormat[@@]UnAggregate',70,'',0,'','','EF','U870','black','',0,'VchPubButtons.clsMain','UnAggregate')
insert into AA_FormButtonMenus_base ([cFormCode],[cButtonKey],[cMenuKey],[iOrder],[cParentKey],[igrade],[cAuthid],[cResID],[cSubID],[cProjectNO],[cForegroundColor],[cBackgroundColor],[iMenuType],[ProcessObjectName],[FunctionKey])
values('EP0205','displayFormat','displayFormat[@@]UnForzen',40,'',0,'','','EF','U870','black','',0,'VchPubButtons.clsMain','UnForzen')
insert into AA_FormButtonMenus_base ([cFormCode],[cButtonKey],[cMenuKey],[iOrder],[cParentKey],[igrade],[cAuthid],[cResID],[cSubID],[cProjectNO],[cForegroundColor],[cBackgroundColor],[iMenuType],[ProcessObjectName],[FunctionKey])
values('EP0205','Print','preview',2,'',0,'','','EF','U870','black','',0,'','')
insert into AA_FormButtonMenus_base ([cFormCode],[cButtonKey],[cMenuKey],[iOrder],[cParentKey],[igrade],[cAuthid],[cResID],[cSubID],[cProjectNO],[cForegroundColor],[cBackgroundColor],[iMenuType],[ProcessObjectName],[FunctionKey])
values('EP0205','Print','print',1,'',0,'','','EF','U870','black','',0,'','')
insert into AA_FormButtonMenus_base ([cFormCode],[cButtonKey],[cMenuKey],[iOrder],[cParentKey],[igrade],[cAuthid],[cResID],[cSubID],[cProjectNO],[cForegroundColor],[cBackgroundColor],[iMenuType],[ProcessObjectName],[FunctionKey])
values('EP0205','save','line1',3,'',0,'','','EF','U870','black','',0,'','')
insert into AA_FormButtonMenus_base ([cFormCode],[cButtonKey],[cMenuKey],[iOrder],[cParentKey],[igrade],[cAuthid],[cResID],[cSubID],[cProjectNO],[cForegroundColor],[cBackgroundColor],[iMenuType],[ProcessObjectName],[FunctionKey])
values('EP0205','save','save',1,'',0,'','','EF','U870','black','',0,'','')
insert into AA_FormButtonMenus_base ([cFormCode],[cButtonKey],[cMenuKey],[iOrder],[cParentKey],[igrade],[cAuthid],[cResID],[cSubID],[cProjectNO],[cForegroundColor],[cBackgroundColor],[iMenuType],[ProcessObjectName],[FunctionKey])
values('EP0205','save','savedraft',4,'',0,'','','EF','U870','black','',0,'','')
insert into AA_FormButtonMenus_base ([cFormCode],[cButtonKey],[cMenuKey],[iOrder],[cParentKey],[igrade],[cAuthid],[cResID],[cSubID],[cProjectNO],[cForegroundColor],[cBackgroundColor],[iMenuType],[ProcessObjectName],[FunctionKey])
values('EP0205','save','savenew',2,'',0,'','','EF','U870','black','',0,'','')
insert into AA_FormButtonMenus_base ([cFormCode],[cButtonKey],[cMenuKey],[iOrder],[cParentKey],[igrade],[cAuthid],[cResID],[cSubID],[cProjectNO],[cForegroundColor],[cBackgroundColor],[iMenuType],[ProcessObjectName],[FunctionKey])
values('EP0205','save','savetemplate',5,'',0,'','','EF','U870','black','',0,'','')
insert into AA_FormButtonMenus_base ([cFormCode],[cButtonKey],[cMenuKey],[iOrder],[cParentKey],[igrade],[cAuthid],[cResID],[cSubID],[cProjectNO],[cForegroundColor],[cBackgroundColor],[iMenuType],[ProcessObjectName],[FunctionKey])
values('EP0205','SortLocate','SortLocate[@@]Ascending',10,'',0,'','','EF','U870','black','',0,'VchPubButtons.clsMain','Ascending')
insert into AA_FormButtonMenus_base ([cFormCode],[cButtonKey],[cMenuKey],[iOrder],[cParentKey],[igrade],[cAuthid],[cResID],[cSubID],[cProjectNO],[cForegroundColor],[cBackgroundColor],[iMenuType],[ProcessObjectName],[FunctionKey])
values('EP0205','SortLocate','SortLocate[@@]Descending',20,'',0,'','','EF','U870','black','',0,'VchPubButtons.clsMain','Descending')
insert into AA_FormButtonMenus_base ([cFormCode],[cButtonKey],[cMenuKey],[iOrder],[cParentKey],[igrade],[cAuthid],[cResID],[cSubID],[cProjectNO],[cForegroundColor],[cBackgroundColor],[iMenuType],[ProcessObjectName],[FunctionKey])
values('EP0205','SortLocate','SortLocate[@@]Locate',60,'',0,'','','EF','U870','black','',0,'VchPubButtons.clsMain','Locate')
insert into AA_FormButtonMenus_base ([cFormCode],[cButtonKey],[cMenuKey],[iOrder],[cParentKey],[igrade],[cAuthid],[cResID],[cSubID],[cProjectNO],[cForegroundColor],[cBackgroundColor],[iMenuType],[ProcessObjectName],[FunctionKey])
values('EP0205','SortLocate','SortLocate[@@]Spliter0',50,'',0,'','','EF','U870','black','',0,'VchPubButtons.clsMain','Spliter0')
insert into AA_FormButtonMenus_base ([cFormCode],[cButtonKey],[cMenuKey],[iOrder],[cParentKey],[igrade],[cAuthid],[cResID],[cSubID],[cProjectNO],[cForegroundColor],[cBackgroundColor],[iMenuType],[ProcessObjectName],[FunctionKey])
values('EP0205','SortLocate','SortLocate[@@]UnSort',40,'',0,'','','EF','U870','black','',0,'VchPubButtons.clsMain','UnSort')
insert into AA_FormButtonMenus_base ([cFormCode],[cButtonKey],[cMenuKey],[iOrder],[cParentKey],[igrade],[cAuthid],[cResID],[cSubID],[cProjectNO],[cForegroundColor],[cBackgroundColor],[iMenuType],[ProcessObjectName],[FunctionKey])
values('EP0205','SortLocate','SortLocate[@@]UserDefineSort',30,'',0,'','','EF','U870','black','',0,'VchPubButtons.clsMain','UserDefineSort')

GO
insert into AA_FormButtonMenus_lang ([cFormCode],[localeid],[cButtonKey],[cMenuKey],[cCaption],[cToolTip],[cSubID],[cProjectNO])
values('EP0205','en-US','add','add','Blank voucher','Blank voucher','EF','U870')
insert into AA_FormButtonMenus_lang ([cFormCode],[localeid],[cButtonKey],[cMenuKey],[cCaption],[cToolTip],[cSubID],[cProjectNO])
values('EP0205','en-US','add','templates','templates','templates','EF','U870')
insert into AA_FormButtonMenus_lang ([cFormCode],[localeid],[cButtonKey],[cMenuKey],[cCaption],[cToolTip],[cSubID],[cProjectNO])
values('EP0205','en-US','copy','copyvoucher','复制单据(Ctrl+F5)','','EF','U870')
insert into AA_FormButtonMenus_lang ([cFormCode],[localeid],[cButtonKey],[cMenuKey],[cCaption],[cToolTip],[cSubID],[cProjectNO])
values('EP0205','en-US','displayFormat','displayFormat[@@]Aggregate','Aggregate','Aggregate','EF','U870')
insert into AA_FormButtonMenus_lang ([cFormCode],[localeid],[cButtonKey],[cMenuKey],[cCaption],[cToolTip],[cSubID],[cProjectNO])
values('EP0205','en-US','displayFormat','displayFormat[@@]AutoWrap','WordWrap','WordWrap','EF','U870')
insert into AA_FormButtonMenus_lang ([cFormCode],[localeid],[cButtonKey],[cMenuKey],[cCaption],[cToolTip],[cSubID],[cProjectNO])
values('EP0205','en-US','displayFormat','displayFormat[@@]ForzenCol','ForzenColumn','ForzenColumn','EF','U870')
insert into AA_FormButtonMenus_lang ([cFormCode],[localeid],[cButtonKey],[cMenuKey],[cCaption],[cToolTip],[cSubID],[cProjectNO])
values('EP0205','en-US','displayFormat','displayFormat[@@]SetAggregateRule','SetAggregateRule','SetAggregateRule','EF','U870')
insert into AA_FormButtonMenus_lang ([cFormCode],[localeid],[cButtonKey],[cMenuKey],[cCaption],[cToolTip],[cSubID],[cProjectNO])
values('EP0205','en-US','displayFormat','displayFormat[@@]Spliter0','-','','EF','U870')
insert into AA_FormButtonMenus_lang ([cFormCode],[localeid],[cButtonKey],[cMenuKey],[cCaption],[cToolTip],[cSubID],[cProjectNO])
values('EP0205','en-US','displayFormat','displayFormat[@@]Spliter1','-','','EF','U870')
insert into AA_FormButtonMenus_lang ([cFormCode],[localeid],[cButtonKey],[cMenuKey],[cCaption],[cToolTip],[cSubID],[cProjectNO])
values('EP0205','en-US','displayFormat','displayFormat[@@]UnAggregate','UnAggregate','UnAggregate','EF','U870')
insert into AA_FormButtonMenus_lang ([cFormCode],[localeid],[cButtonKey],[cMenuKey],[cCaption],[cToolTip],[cSubID],[cProjectNO])
values('EP0205','en-US','displayFormat','displayFormat[@@]UnForzen','UnForzen','UnForzen','EF','U870')
insert into AA_FormButtonMenus_lang ([cFormCode],[localeid],[cButtonKey],[cMenuKey],[cCaption],[cToolTip],[cSubID],[cProjectNO])
values('EP0205','en-US','Print','preview','preview','','EF','U870')
insert into AA_FormButtonMenus_lang ([cFormCode],[localeid],[cButtonKey],[cMenuKey],[cCaption],[cToolTip],[cSubID],[cProjectNO])
values('EP0205','en-US','Print','print','print','','EF','U870')
insert into AA_FormButtonMenus_lang ([cFormCode],[localeid],[cButtonKey],[cMenuKey],[cCaption],[cToolTip],[cSubID],[cProjectNO])
values('EP0205','en-US','save','line1','-','-','EF','U870')
insert into AA_FormButtonMenus_lang ([cFormCode],[localeid],[cButtonKey],[cMenuKey],[cCaption],[cToolTip],[cSubID],[cProjectNO])
values('EP0205','en-US','save','save','save','','EF','U870')
insert into AA_FormButtonMenus_lang ([cFormCode],[localeid],[cButtonKey],[cMenuKey],[cCaption],[cToolTip],[cSubID],[cProjectNO])
values('EP0205','en-US','save','savedraft','save draft','','EF','U870')
insert into AA_FormButtonMenus_lang ([cFormCode],[localeid],[cButtonKey],[cMenuKey],[cCaption],[cToolTip],[cSubID],[cProjectNO])
values('EP0205','en-US','save','savenew','save and new','save and new','EF','U870')
insert into AA_FormButtonMenus_lang ([cFormCode],[localeid],[cButtonKey],[cMenuKey],[cCaption],[cToolTip],[cSubID],[cProjectNO])
values('EP0205','en-US','save','savetemplate','save template','','EF','U870')
insert into AA_FormButtonMenus_lang ([cFormCode],[localeid],[cButtonKey],[cMenuKey],[cCaption],[cToolTip],[cSubID],[cProjectNO])
values('EP0205','en-US','SortLocate','SortLocate[@@]Ascending','Ascending','Ascending','EF','U870')
insert into AA_FormButtonMenus_lang ([cFormCode],[localeid],[cButtonKey],[cMenuKey],[cCaption],[cToolTip],[cSubID],[cProjectNO])
values('EP0205','en-US','SortLocate','SortLocate[@@]Descending','Descending','Descending','EF','U870')
insert into AA_FormButtonMenus_lang ([cFormCode],[localeid],[cButtonKey],[cMenuKey],[cCaption],[cToolTip],[cSubID],[cProjectNO])
values('EP0205','en-US','SortLocate','SortLocate[@@]Locate','Location','Location','EF','U870')
insert into AA_FormButtonMenus_lang ([cFormCode],[localeid],[cButtonKey],[cMenuKey],[cCaption],[cToolTip],[cSubID],[cProjectNO])
values('EP0205','en-US','SortLocate','SortLocate[@@]Spliter0','-','','EF','U870')
insert into AA_FormButtonMenus_lang ([cFormCode],[localeid],[cButtonKey],[cMenuKey],[cCaption],[cToolTip],[cSubID],[cProjectNO])
values('EP0205','en-US','SortLocate','SortLocate[@@]UnSort','UnSort','UnSort','EF','U870')
insert into AA_FormButtonMenus_lang ([cFormCode],[localeid],[cButtonKey],[cMenuKey],[cCaption],[cToolTip],[cSubID],[cProjectNO])
values('EP0205','en-US','SortLocate','SortLocate[@@]UserDefineSort','UserDefineSort','UserDefineSort','EF','U870')
insert into AA_FormButtonMenus_lang ([cFormCode],[localeid],[cButtonKey],[cMenuKey],[cCaption],[cToolTip],[cSubID],[cProjectNO])
values('EP0205','zh-CN','add','add','空白单据','空白单据','EF','U870')
insert into AA_FormButtonMenus_lang ([cFormCode],[localeid],[cButtonKey],[cMenuKey],[cCaption],[cToolTip],[cSubID],[cProjectNO])
values('EP0205','zh-CN','add','templates','模板','模板','EF','U870')
insert into AA_FormButtonMenus_lang ([cFormCode],[localeid],[cButtonKey],[cMenuKey],[cCaption],[cToolTip],[cSubID],[cProjectNO])
values('EP0205','zh-CN','copy','copyvoucher','复制单据(Ctrl+F5)','','EF','U870')
insert into AA_FormButtonMenus_lang ([cFormCode],[localeid],[cButtonKey],[cMenuKey],[cCaption],[cToolTip],[cSubID],[cProjectNO])
values('EP0205','zh-CN','displayFormat','displayFormat[@@]Aggregate','合并显示','合并显示','EF','U870')
insert into AA_FormButtonMenus_lang ([cFormCode],[localeid],[cButtonKey],[cMenuKey],[cCaption],[cToolTip],[cSubID],[cProjectNO])
values('EP0205','zh-CN','displayFormat','displayFormat[@@]AutoWrap','自动折行','自动折行','EF','U870')
insert into AA_FormButtonMenus_lang ([cFormCode],[localeid],[cButtonKey],[cMenuKey],[cCaption],[cToolTip],[cSubID],[cProjectNO])
values('EP0205','zh-CN','displayFormat','displayFormat[@@]ForzenCol','冻结列','冻结列','EF','U870')
insert into AA_FormButtonMenus_lang ([cFormCode],[localeid],[cButtonKey],[cMenuKey],[cCaption],[cToolTip],[cSubID],[cProjectNO])
values('EP0205','zh-CN','displayFormat','displayFormat[@@]SetAggregateRule','设置合并规则','设置合并规则','EF','U870')
insert into AA_FormButtonMenus_lang ([cFormCode],[localeid],[cButtonKey],[cMenuKey],[cCaption],[cToolTip],[cSubID],[cProjectNO])
values('EP0205','zh-CN','displayFormat','displayFormat[@@]Spliter0','-','','EF','U870')
insert into AA_FormButtonMenus_lang ([cFormCode],[localeid],[cButtonKey],[cMenuKey],[cCaption],[cToolTip],[cSubID],[cProjectNO])
values('EP0205','zh-CN','displayFormat','displayFormat[@@]Spliter1','-','','EF','U870')
insert into AA_FormButtonMenus_lang ([cFormCode],[localeid],[cButtonKey],[cMenuKey],[cCaption],[cToolTip],[cSubID],[cProjectNO])
values('EP0205','zh-CN','displayFormat','displayFormat[@@]UnAggregate','取消合并','取消合并','EF','U870')
insert into AA_FormButtonMenus_lang ([cFormCode],[localeid],[cButtonKey],[cMenuKey],[cCaption],[cToolTip],[cSubID],[cProjectNO])
values('EP0205','zh-CN','displayFormat','displayFormat[@@]UnForzen','取消冻结','取消冻结','EF','U870')
insert into AA_FormButtonMenus_lang ([cFormCode],[localeid],[cButtonKey],[cMenuKey],[cCaption],[cToolTip],[cSubID],[cProjectNO])
values('EP0205','zh-CN','Print','preview','预览','','EF','U870')
insert into AA_FormButtonMenus_lang ([cFormCode],[localeid],[cButtonKey],[cMenuKey],[cCaption],[cToolTip],[cSubID],[cProjectNO])
values('EP0205','zh-CN','Print','print','打印','','EF','U870')
insert into AA_FormButtonMenus_lang ([cFormCode],[localeid],[cButtonKey],[cMenuKey],[cCaption],[cToolTip],[cSubID],[cProjectNO])
values('EP0205','zh-CN','save','line1','-','-','EF','U870')
insert into AA_FormButtonMenus_lang ([cFormCode],[localeid],[cButtonKey],[cMenuKey],[cCaption],[cToolTip],[cSubID],[cProjectNO])
values('EP0205','zh-CN','save','save','保存','','EF','U870')
insert into AA_FormButtonMenus_lang ([cFormCode],[localeid],[cButtonKey],[cMenuKey],[cCaption],[cToolTip],[cSubID],[cProjectNO])
values('EP0205','zh-CN','save','savedraft','保存为草稿','','EF','U870')
insert into AA_FormButtonMenus_lang ([cFormCode],[localeid],[cButtonKey],[cMenuKey],[cCaption],[cToolTip],[cSubID],[cProjectNO])
values('EP0205','zh-CN','save','savenew','保存并新增','','EF','U870')
insert into AA_FormButtonMenus_lang ([cFormCode],[localeid],[cButtonKey],[cMenuKey],[cCaption],[cToolTip],[cSubID],[cProjectNO])
values('EP0205','zh-CN','save','savetemplate','保存为模板','','EF','U870')
insert into AA_FormButtonMenus_lang ([cFormCode],[localeid],[cButtonKey],[cMenuKey],[cCaption],[cToolTip],[cSubID],[cProjectNO])
values('EP0205','zh-CN','SortLocate','SortLocate[@@]Ascending','升序','升序','EF','U870')
insert into AA_FormButtonMenus_lang ([cFormCode],[localeid],[cButtonKey],[cMenuKey],[cCaption],[cToolTip],[cSubID],[cProjectNO])
values('EP0205','zh-CN','SortLocate','SortLocate[@@]Descending','降序','降序','EF','U870')
insert into AA_FormButtonMenus_lang ([cFormCode],[localeid],[cButtonKey],[cMenuKey],[cCaption],[cToolTip],[cSubID],[cProjectNO])
values('EP0205','zh-CN','SortLocate','SortLocate[@@]Locate','定位','定位','EF','U870')
insert into AA_FormButtonMenus_lang ([cFormCode],[localeid],[cButtonKey],[cMenuKey],[cCaption],[cToolTip],[cSubID],[cProjectNO])
values('EP0205','zh-CN','SortLocate','SortLocate[@@]Spliter0','-','','EF','U870')
insert into AA_FormButtonMenus_lang ([cFormCode],[localeid],[cButtonKey],[cMenuKey],[cCaption],[cToolTip],[cSubID],[cProjectNO])
values('EP0205','zh-CN','SortLocate','SortLocate[@@]UnSort','取消排序','取消排序','EF','U870')
insert into AA_FormButtonMenus_lang ([cFormCode],[localeid],[cButtonKey],[cMenuKey],[cCaption],[cToolTip],[cSubID],[cProjectNO])
values('EP0205','zh-CN','SortLocate','SortLocate[@@]UserDefineSort','自定义排序','自定义排序','EF','U870')
insert into AA_FormButtonMenus_lang ([cFormCode],[localeid],[cButtonKey],[cMenuKey],[cCaption],[cToolTip],[cSubID],[cProjectNO])
values('EP0205','zh-TW','add','add','空白','空白','EF','U870')
insert into AA_FormButtonMenus_lang ([cFormCode],[localeid],[cButtonKey],[cMenuKey],[cCaption],[cToolTip],[cSubID],[cProjectNO])
values('EP0205','zh-TW','add','templates','本','本','EF','U870')
insert into AA_FormButtonMenus_lang ([cFormCode],[localeid],[cButtonKey],[cMenuKey],[cCaption],[cToolTip],[cSubID],[cProjectNO])
values('EP0205','zh-TW','copy','copyvoucher','复制单据(Ctrl+F5)','','EF','U870')
insert into AA_FormButtonMenus_lang ([cFormCode],[localeid],[cButtonKey],[cMenuKey],[cCaption],[cToolTip],[cSubID],[cProjectNO])
values('EP0205','zh-TW','displayFormat','displayFormat[@@]Aggregate','合泔@示','合泔@示','EF','U870')
insert into AA_FormButtonMenus_lang ([cFormCode],[localeid],[cButtonKey],[cMenuKey],[cCaption],[cToolTip],[cSubID],[cProjectNO])
values('EP0205','zh-TW','displayFormat','displayFormat[@@]AutoWrap','自诱坌','自诱坌','EF','U870')
insert into AA_FormButtonMenus_lang ([cFormCode],[localeid],[cButtonKey],[cMenuKey],[cCaption],[cToolTip],[cSubID],[cProjectNO])
values('EP0205','zh-TW','displayFormat','displayFormat[@@]ForzenCol','鼋Y列','鼋Y列','EF','U870')
insert into AA_FormButtonMenus_lang ([cFormCode],[localeid],[cButtonKey],[cMenuKey],[cCaption],[cToolTip],[cSubID],[cProjectNO])
values('EP0205','zh-TW','displayFormat','displayFormat[@@]SetAggregateRule','O置合阋t','O置合阋t','EF','U870')
insert into AA_FormButtonMenus_lang ([cFormCode],[localeid],[cButtonKey],[cMenuKey],[cCaption],[cToolTip],[cSubID],[cProjectNO])
values('EP0205','zh-TW','displayFormat','displayFormat[@@]Spliter0','-','','EF','U870')
insert into AA_FormButtonMenus_lang ([cFormCode],[localeid],[cButtonKey],[cMenuKey],[cCaption],[cToolTip],[cSubID],[cProjectNO])
values('EP0205','zh-TW','displayFormat','displayFormat[@@]Spliter1','-','','EF','U870')
insert into AA_FormButtonMenus_lang ([cFormCode],[localeid],[cButtonKey],[cMenuKey],[cCaption],[cToolTip],[cSubID],[cProjectNO])
values('EP0205','zh-TW','displayFormat','displayFormat[@@]UnAggregate','取消合','取消合','EF','U870')
insert into AA_FormButtonMenus_lang ([cFormCode],[localeid],[cButtonKey],[cMenuKey],[cCaption],[cToolTip],[cSubID],[cProjectNO])
values('EP0205','zh-TW','displayFormat','displayFormat[@@]UnForzen','取消鼋Y','取消鼋Y','EF','U870')
insert into AA_FormButtonMenus_lang ([cFormCode],[localeid],[cButtonKey],[cMenuKey],[cCaption],[cToolTip],[cSubID],[cProjectNO])
values('EP0205','zh-TW','Print','preview','A[','','EF','U870')
insert into AA_FormButtonMenus_lang ([cFormCode],[localeid],[cButtonKey],[cMenuKey],[cCaption],[cToolTip],[cSubID],[cProjectNO])
values('EP0205','zh-TW','Print','print','列印','','EF','U870')
insert into AA_FormButtonMenus_lang ([cFormCode],[localeid],[cButtonKey],[cMenuKey],[cCaption],[cToolTip],[cSubID],[cProjectNO])
values('EP0205','zh-TW','save','line1','-','-','EF','U870')
insert into AA_FormButtonMenus_lang ([cFormCode],[localeid],[cButtonKey],[cMenuKey],[cCaption],[cToolTip],[cSubID],[cProjectNO])
values('EP0205','zh-TW','save','save','保存','','EF','U870')
insert into AA_FormButtonMenus_lang ([cFormCode],[localeid],[cButtonKey],[cMenuKey],[cCaption],[cToolTip],[cSubID],[cProjectNO])
values('EP0205','zh-TW','save','savedraft','保存椴莞','','EF','U870')
insert into AA_FormButtonMenus_lang ([cFormCode],[localeid],[cButtonKey],[cMenuKey],[cCaption],[cToolTip],[cSubID],[cProjectNO])
values('EP0205','zh-TW','save','savenew','保存并新增','','EF','U870')
insert into AA_FormButtonMenus_lang ([cFormCode],[localeid],[cButtonKey],[cMenuKey],[cCaption],[cToolTip],[cSubID],[cProjectNO])
values('EP0205','zh-TW','save','savetemplate','保存楣本','','EF','U870')
insert into AA_FormButtonMenus_lang ([cFormCode],[localeid],[cButtonKey],[cMenuKey],[cCaption],[cToolTip],[cSubID],[cProjectNO])
values('EP0205','zh-TW','SortLocate','SortLocate[@@]Ascending','N','N','EF','U870')
insert into AA_FormButtonMenus_lang ([cFormCode],[localeid],[cButtonKey],[cMenuKey],[cCaption],[cToolTip],[cSubID],[cProjectNO])
values('EP0205','zh-TW','SortLocate','SortLocate[@@]Descending','降','降','EF','U870')
insert into AA_FormButtonMenus_lang ([cFormCode],[localeid],[cButtonKey],[cMenuKey],[cCaption],[cToolTip],[cSubID],[cProjectNO])
values('EP0205','zh-TW','SortLocate','SortLocate[@@]Locate','定位','定位','EF','U870')
insert into AA_FormButtonMenus_lang ([cFormCode],[localeid],[cButtonKey],[cMenuKey],[cCaption],[cToolTip],[cSubID],[cProjectNO])
values('EP0205','zh-TW','SortLocate','SortLocate[@@]Spliter0','-','','EF','U870')
insert into AA_FormButtonMenus_lang ([cFormCode],[localeid],[cButtonKey],[cMenuKey],[cCaption],[cToolTip],[cSubID],[cProjectNO])
values('EP0205','zh-TW','SortLocate','SortLocate[@@]UnSort','取消排序','取消排序','EF','U870')
insert into AA_FormButtonMenus_lang ([cFormCode],[localeid],[cButtonKey],[cMenuKey],[cCaption],[cToolTip],[cSubID],[cProjectNO])
values('EP0205','zh-TW','SortLocate','SortLocate[@@]UserDefineSort','自排序','自排序','EF','U870')

GO
insert into AA_FormButtonAuths ([cFormCode],[cButtonKey],[cSubID],[cProjectNO],[cMenuKey],[cAuthid])
values('EP0205','add','EF','U870','','EP020502')
insert into AA_FormButtonAuths ([cFormCode],[cButtonKey],[cSubID],[cProjectNO],[cMenuKey],[cAuthid])
values('EP0205','copy','EF','U870','','EP020502')
insert into AA_FormButtonAuths ([cFormCode],[cButtonKey],[cSubID],[cProjectNO],[cMenuKey],[cAuthid])
values('EP0205','delete','EF','U870','','EP020505')
insert into AA_FormButtonAuths ([cFormCode],[cButtonKey],[cSubID],[cProjectNO],[cMenuKey],[cAuthid])
values('EP0205','modify','EF','U870','','EP020503')
insert into AA_FormButtonAuths ([cFormCode],[cButtonKey],[cSubID],[cProjectNO],[cMenuKey],[cAuthid])
values('EP0205','print','EF','U870','','EP020508')
insert into AA_FormButtonAuths ([cFormCode],[cButtonKey],[cSubID],[cProjectNO],[cMenuKey],[cAuthid])
values('EP0205','save','EF','U870','','EP020504')
insert into AA_FormButtonAuths ([cFormCode],[cButtonKey],[cSubID],[cProjectNO],[cMenuKey],[cAuthid])
values('EP0205','unverify','EF','U870','','EP020507')
insert into AA_FormButtonAuths ([cFormCode],[cButtonKey],[cSubID],[cProjectNO],[cMenuKey],[cAuthid])
values('EP0205','verify','EF','U870','','EP020506')

GO
-- select * from AA_Forms_base Where cFormCode =N'EP0205_list'
-- select * from AA_Forms_lang Where cFormCode =N'EP0205_list'
-- select * from AA_FormButtons_base Where cFormCode =N'EP0205_list'
-- select * from AA_FormButtons_lang Where cFormCode =N'EP0205_list'
-- select * from AA_FormButtonMenus_base Where cFormCode =N'EP0205_list'
-- select * from AA_FormButtonMenus_lang Where cFormCode =N'EP0205_list'
-- select * from AA_FormButtonAuths Where cFormCode =N'EP0205_list' 
Delete from AA_Forms_base Where cFormCode =N'EP0205_list'
GO
Delete from AA_Forms_lang Where cFormCode =N'EP0205_list'
GO
Delete from AA_FormButtons_base Where cFormCode =N'EP0205_list'
GO
Delete from AA_FormButtons_lang Where cFormCode =N'EP0205_list'
GO
Delete from AA_FormButtonMenus_base Where cFormCode =N'EP0205_list'
GO
Delete from AA_FormButtonMenus_lang Where cFormCode =N'EP0205_list'
GO
Delete from AA_FormButtonAuths Where cFormCode =N'EP0205_list' 
GO

GO
insert into AA_Forms_base ([cFormCode],[cSubID],[iFormType],[cMemo],[cProjectNO],[bSmallbutton])
values('EP0205_list','EF',0,'采购计划单列表','U870',0)

GO
insert into AA_Forms_lang ([cFormCode],[localeid],[cFormCaption],[cFormDesc],[cSubID],[cProjectNO])
values('EP0205_list','en-US','采购计划单列表','','EF','U870')
insert into AA_Forms_lang ([cFormCode],[localeid],[cFormCaption],[cFormDesc],[cSubID],[cProjectNO])
values('EP0205_list','zh-CN','采购计划单列表','','EF','U870')
insert into AA_Forms_lang ([cFormCode],[localeid],[cFormCaption],[cFormDesc],[cSubID],[cProjectNO])
values('EP0205_list','zh-TW','采购计划单列表','','EF','U870')

GO
insert into AA_FormButtons_base ([cFormCode],[cButtonKey],[cGroup],[cPic],[cToolBarType],[iToolBarStyle],[iOrder],[iheightRow],[cHotKey],[cAuthid],[iVoucherCtlIndex],[ctoolbarPosIndex],[cResID],[cTipResID],[cSubID],[cProjectNO],[cForegroundColor],[cBackgroundColor],[cSetGroup],[iSetGroupRow],[ProcessObjectName],[FunctionKey])
values('EP0205_list','autofold','PF_List_7','auto break row','PortalToolbar',0,190,1,'','',0,'P','','','EF','U870',Null,Null,'PF_List_7_2',3,'U8VouchListCommon.clsToolbarCommon','autowrap')
insert into AA_FormButtons_base ([cFormCode],[cButtonKey],[cGroup],[cPic],[cToolBarType],[iToolBarStyle],[iOrder],[iheightRow],[cHotKey],[cAuthid],[iVoucherCtlIndex],[ctoolbarPosIndex],[cResID],[cTipResID],[cSubID],[cProjectNO],[cForegroundColor],[cBackgroundColor],[cSetGroup],[iSetGroupRow],[ProcessObjectName],[FunctionKey])
values('EP0205_list','closebatch','PF_List_5','close','PortalToolbar',0,140,1,'Alt+C','',0,'P','','','EF','U870',Null,Null,'PF_List_5_1',2,Null,Null)
insert into AA_FormButtons_base ([cFormCode],[cButtonKey],[cGroup],[cPic],[cToolBarType],[iToolBarStyle],[iOrder],[iheightRow],[cHotKey],[cAuthid],[iVoucherCtlIndex],[ctoolbarPosIndex],[cResID],[cTipResID],[cSubID],[cProjectNO],[cForegroundColor],[cBackgroundColor],[cSetGroup],[iSetGroupRow],[ProcessObjectName],[FunctionKey])
values('EP0205_list','columnset','PF_List_7','Column','PortalToolbar',0,180,1,'Ctrl+F6',Null,0,'P','','','EF','U870',Null,Null,'PF_List_7_2',3,Null,Null)
insert into AA_FormButtons_base ([cFormCode],[cButtonKey],[cGroup],[cPic],[cToolBarType],[iToolBarStyle],[iOrder],[iheightRow],[cHotKey],[cAuthid],[iVoucherCtlIndex],[ctoolbarPosIndex],[cResID],[cTipResID],[cSubID],[cProjectNO],[cForegroundColor],[cBackgroundColor],[cSetGroup],[iSetGroupRow],[ProcessObjectName],[FunctionKey])
values('EP0205_list','ConditionFormat','PF_List_7','ConditionFormat','PortalToolbar',128,200,3,'','',0,'P','','','EF','U870',Null,Null,'PF_List_7_3',1,'U8VouchListCommon.clsToolbarCommon','ConditionFormat')
insert into AA_FormButtons_base ([cFormCode],[cButtonKey],[cGroup],[cPic],[cToolBarType],[iToolBarStyle],[iOrder],[iheightRow],[cHotKey],[cAuthid],[iVoucherCtlIndex],[ctoolbarPosIndex],[cResID],[cTipResID],[cSubID],[cProjectNO],[cForegroundColor],[cBackgroundColor],[cSetGroup],[iSetGroupRow],[ProcessObjectName],[FunctionKey])
values('EP0205_list','filter','PF_List_2','Query','PortalToolbar',128,30,3,'',Null,0,'P','','','EF','U870',Null,Null,'PF_List_2_1',1,'U8VouchListCommon.clsToolbarCommon','Query')
insert into AA_FormButtons_base ([cFormCode],[cButtonKey],[cGroup],[cPic],[cToolBarType],[iToolBarStyle],[iOrder],[iheightRow],[cHotKey],[cAuthid],[iVoucherCtlIndex],[ctoolbarPosIndex],[cResID],[cTipResID],[cSubID],[cProjectNO],[cForegroundColor],[cBackgroundColor],[cSetGroup],[iSetGroupRow],[ProcessObjectName],[FunctionKey])
values('EP0205_list','filtration','PF_List_2','Filter','PortalToolbar',0,50,1,'','',0,'P','','','EF','U870',Null,Null,'PF_List_2_2',2,'U8VouchListCommon.clsToolbarCommon','Flt')
insert into AA_FormButtons_base ([cFormCode],[cButtonKey],[cGroup],[cPic],[cToolBarType],[iToolBarStyle],[iOrder],[iheightRow],[cHotKey],[cAuthid],[iVoucherCtlIndex],[ctoolbarPosIndex],[cResID],[cTipResID],[cSubID],[cProjectNO],[cForegroundColor],[cBackgroundColor],[cSetGroup],[iSetGroupRow],[ProcessObjectName],[FunctionKey])
values('EP0205_list','layout','PF_List_7','layout','PortalToolbar',128,170,3,'','',0,'P','','','EF','U870',Null,Null,'PF_List_7_1',1,'U8VouchListCommon.clsToolbarCommon','LayOut')
insert into AA_FormButtons_base ([cFormCode],[cButtonKey],[cGroup],[cPic],[cToolBarType],[iToolBarStyle],[iOrder],[iheightRow],[cHotKey],[cAuthid],[iVoucherCtlIndex],[ctoolbarPosIndex],[cResID],[cTipResID],[cSubID],[cProjectNO],[cForegroundColor],[cBackgroundColor],[cSetGroup],[iSetGroupRow],[ProcessObjectName],[FunctionKey])
values('EP0205_list','locate','PF_List_2','Location','PortalToolbar',0,40,1,'Ctrl+F3',Null,0,'P','','','EF','U870',Null,Null,'PF_List_2_2',2,Null,Null)
insert into AA_FormButtons_base ([cFormCode],[cButtonKey],[cGroup],[cPic],[cToolBarType],[iToolBarStyle],[iOrder],[iheightRow],[cHotKey],[cAuthid],[iVoucherCtlIndex],[ctoolbarPosIndex],[cResID],[cTipResID],[cSubID],[cProjectNO],[cForegroundColor],[cBackgroundColor],[cSetGroup],[iSetGroupRow],[ProcessObjectName],[FunctionKey])
values('EP0205_list','openbatch','PF_List_5','open','PortalToolbar',0,150,1,'Alt+O','',0,'P','','','EF','U870',Null,Null,'PF_List_5_1',2,Null,Null)
insert into AA_FormButtons_base ([cFormCode],[cButtonKey],[cGroup],[cPic],[cToolBarType],[iToolBarStyle],[iOrder],[iheightRow],[cHotKey],[cAuthid],[iVoucherCtlIndex],[ctoolbarPosIndex],[cResID],[cTipResID],[cSubID],[cProjectNO],[cForegroundColor],[cBackgroundColor],[cSetGroup],[iSetGroupRow],[ProcessObjectName],[FunctionKey])
values('EP0205_list','output','PF_List_1','Output','PortalToolbar',0,20,1,'ALT+E','',0,'P','','','EF','U870',Null,Null,'PF_List_1_1',2,Null,Null)
insert into AA_FormButtons_base ([cFormCode],[cButtonKey],[cGroup],[cPic],[cToolBarType],[iToolBarStyle],[iOrder],[iheightRow],[cHotKey],[cAuthid],[iVoucherCtlIndex],[ctoolbarPosIndex],[cResID],[cTipResID],[cSubID],[cProjectNO],[cForegroundColor],[cBackgroundColor],[cSetGroup],[iSetGroupRow],[ProcessObjectName],[FunctionKey])
values('EP0205_list','print','PF_List_1','Print','PortalToolbar',5,10,1,'Ctrl+P','',0,'P','','','EF','U870',Null,Null,'PF_List_1_1',2,Null,Null)
insert into AA_FormButtons_base ([cFormCode],[cButtonKey],[cGroup],[cPic],[cToolBarType],[iToolBarStyle],[iOrder],[iheightRow],[cHotKey],[cAuthid],[iVoucherCtlIndex],[ctoolbarPosIndex],[cResID],[cTipResID],[cSubID],[cProjectNO],[cForegroundColor],[cBackgroundColor],[cSetGroup],[iSetGroupRow],[ProcessObjectName],[FunctionKey])
values('EP0205_list','search','PF_List_6','Relate query','PortalToolbar',0,160,3,'',Null,0,'P','','','EF','U870',Null,Null,'PF_List_6_1',1,Null,Null)
insert into AA_FormButtons_base ([cFormCode],[cButtonKey],[cGroup],[cPic],[cToolBarType],[iToolBarStyle],[iOrder],[iheightRow],[cHotKey],[cAuthid],[iVoucherCtlIndex],[ctoolbarPosIndex],[cResID],[cTipResID],[cSubID],[cProjectNO],[cForegroundColor],[cBackgroundColor],[cSetGroup],[iSetGroupRow],[ProcessObjectName],[FunctionKey])
values('EP0205_list','unverifybatch','PF_List_3','Unapprove','PortalToolbar',0,100,1,'Alt+U','',0,'P','','','EF','U870',Null,Null,'PF_List_3_3',2,Null,Null)
insert into AA_FormButtons_base ([cFormCode],[cButtonKey],[cGroup],[cPic],[cToolBarType],[iToolBarStyle],[iOrder],[iheightRow],[cHotKey],[cAuthid],[iVoucherCtlIndex],[ctoolbarPosIndex],[cResID],[cTipResID],[cSubID],[cProjectNO],[cForegroundColor],[cBackgroundColor],[cSetGroup],[iSetGroupRow],[ProcessObjectName],[FunctionKey])
values('EP0205_list','verifybatch','PF_List_3','Approve','PortalToolbar',0,80,3,'Ctrl+U','',0,'P','','','EF','U870',Null,Null,'PF_List_3_2',1,Null,Null)

GO
insert into AA_FormButtons_lang ([cFormCode],[localeid],[cButtonKey],[cCaption],[cToolTip],[cSubID],[cProjectNO])
values('EP0205_list','en-US','autofold','autofold','autofold','EF','U870')
insert into AA_FormButtons_lang ([cFormCode],[localeid],[cButtonKey],[cCaption],[cToolTip],[cSubID],[cProjectNO])
values('EP0205_list','en-US','closebatch','Batch close','Batch closing refreshing','EF','U870')
insert into AA_FormButtons_lang ([cFormCode],[localeid],[cButtonKey],[cCaption],[cToolTip],[cSubID],[cProjectNO])
values('EP0205_list','en-US','columnset','Column','Column','EF','U870')
insert into AA_FormButtons_lang ([cFormCode],[localeid],[cButtonKey],[cCaption],[cToolTip],[cSubID],[cProjectNO])
values('EP0205_list','en-US','ConditionFormat','conditonl formatting','conditonl formatting','EF','U870')
insert into AA_FormButtons_lang ([cFormCode],[localeid],[cButtonKey],[cCaption],[cToolTip],[cSubID],[cProjectNO])
values('EP0205_list','en-US','filter','Query','Query','EF','U870')
insert into AA_FormButtons_lang ([cFormCode],[localeid],[cButtonKey],[cCaption],[cToolTip],[cSubID],[cProjectNO])
values('EP0205_list','en-US','filtration','Filter','Filter','EF','U870')
insert into AA_FormButtons_lang ([cFormCode],[localeid],[cButtonKey],[cCaption],[cToolTip],[cSubID],[cProjectNO])
values('EP0205_list','en-US','layout','layout','layout','EF','U870')
insert into AA_FormButtons_lang ([cFormCode],[localeid],[cButtonKey],[cCaption],[cToolTip],[cSubID],[cProjectNO])
values('EP0205_list','en-US','locate','Location','Location','EF','U870')
insert into AA_FormButtons_lang ([cFormCode],[localeid],[cButtonKey],[cCaption],[cToolTip],[cSubID],[cProjectNO])
values('EP0205_list','en-US','openbatch','Batch open','Batch open','EF','U870')
insert into AA_FormButtons_lang ([cFormCode],[localeid],[cButtonKey],[cCaption],[cToolTip],[cSubID],[cProjectNO])
values('EP0205_list','en-US','output','output','output','EF','U870')
insert into AA_FormButtons_lang ([cFormCode],[localeid],[cButtonKey],[cCaption],[cToolTip],[cSubID],[cProjectNO])
values('EP0205_list','en-US','print','Print','Print','EF','U870')
insert into AA_FormButtons_lang ([cFormCode],[localeid],[cButtonKey],[cCaption],[cToolTip],[cSubID],[cProjectNO])
values('EP0205_list','en-US','search','Query jointly','Query jointly','EF','U870')
insert into AA_FormButtons_lang ([cFormCode],[localeid],[cButtonKey],[cCaption],[cToolTip],[cSubID],[cProjectNO])
values('EP0205_list','en-US','unverifybatch','Batch cancel','Batch removing refreshing','EF','U870')
insert into AA_FormButtons_lang ([cFormCode],[localeid],[cButtonKey],[cCaption],[cToolTip],[cSubID],[cProjectNO])
values('EP0205_list','en-US','verifybatch','Mass approve','Mass approve','EF','U870')
insert into AA_FormButtons_lang ([cFormCode],[localeid],[cButtonKey],[cCaption],[cToolTip],[cSubID],[cProjectNO])
values('EP0205_list','zh-CN','autofold','自动折行','自动折行','EF','U870')
insert into AA_FormButtons_lang ([cFormCode],[localeid],[cButtonKey],[cCaption],[cToolTip],[cSubID],[cProjectNO])
values('EP0205_list','zh-CN','closebatch','关闭','关闭','EF','U870')
insert into AA_FormButtons_lang ([cFormCode],[localeid],[cButtonKey],[cCaption],[cToolTip],[cSubID],[cProjectNO])
values('EP0205_list','zh-CN','columnset','栏目设置','栏目设置','EF','U870')
insert into AA_FormButtons_lang ([cFormCode],[localeid],[cButtonKey],[cCaption],[cToolTip],[cSubID],[cProjectNO])
values('EP0205_list','zh-CN','ConditionFormat','条件格式','条件格式','EF','U870')
insert into AA_FormButtons_lang ([cFormCode],[localeid],[cButtonKey],[cCaption],[cToolTip],[cSubID],[cProjectNO])
values('EP0205_list','zh-CN','filter','查询','查询','EF','U870')
insert into AA_FormButtons_lang ([cFormCode],[localeid],[cButtonKey],[cCaption],[cToolTip],[cSubID],[cProjectNO])
values('EP0205_list','zh-CN','filtration','筛选','筛选','EF','U870')
insert into AA_FormButtons_lang ([cFormCode],[localeid],[cButtonKey],[cCaption],[cToolTip],[cSubID],[cProjectNO])
values('EP0205_list','zh-CN','layout','布局','布局','EF','U870')
insert into AA_FormButtons_lang ([cFormCode],[localeid],[cButtonKey],[cCaption],[cToolTip],[cSubID],[cProjectNO])
values('EP0205_list','zh-CN','locate','定位','定位','EF','U870')
insert into AA_FormButtons_lang ([cFormCode],[localeid],[cButtonKey],[cCaption],[cToolTip],[cSubID],[cProjectNO])
values('EP0205_list','zh-CN','openbatch','打开','打开','EF','U870')
insert into AA_FormButtons_lang ([cFormCode],[localeid],[cButtonKey],[cCaption],[cToolTip],[cSubID],[cProjectNO])
values('EP0205_list','zh-CN','output','输出','输出','EF','U870')
insert into AA_FormButtons_lang ([cFormCode],[localeid],[cButtonKey],[cCaption],[cToolTip],[cSubID],[cProjectNO])
values('EP0205_list','zh-CN','print','打印','打印','EF','U870')
insert into AA_FormButtons_lang ([cFormCode],[localeid],[cButtonKey],[cCaption],[cToolTip],[cSubID],[cProjectNO])
values('EP0205_list','zh-CN','search','联查','联查','EF','U870')
insert into AA_FormButtons_lang ([cFormCode],[localeid],[cButtonKey],[cCaption],[cToolTip],[cSubID],[cProjectNO])
values('EP0205_list','zh-CN','unverifybatch','弃审','弃审','EF','U870')
insert into AA_FormButtons_lang ([cFormCode],[localeid],[cButtonKey],[cCaption],[cToolTip],[cSubID],[cProjectNO])
values('EP0205_list','zh-CN','verifybatch','审核','审核','EF','U870')
insert into AA_FormButtons_lang ([cFormCode],[localeid],[cButtonKey],[cCaption],[cToolTip],[cSubID],[cProjectNO])
values('EP0205_list','zh-TW','autofold','自诱坌','自诱坌','EF','U870')
insert into AA_FormButtons_lang ([cFormCode],[localeid],[cButtonKey],[cCaption],[cToolTip],[cSubID],[cProjectNO])
values('EP0205_list','zh-TW','closebatch','P]','P]','EF','U870')
insert into AA_FormButtons_lang ([cFormCode],[localeid],[cButtonKey],[cCaption],[cToolTip],[cSubID],[cProjectNO])
values('EP0205_list','zh-TW','columnset','谀吭O置','谀吭O置','EF','U870')
insert into AA_FormButtons_lang ([cFormCode],[localeid],[cButtonKey],[cCaption],[cToolTip],[cSubID],[cProjectNO])
values('EP0205_list','zh-TW','ConditionFormat','l件格式','l件格式','EF','U870')
insert into AA_FormButtons_lang ([cFormCode],[localeid],[cButtonKey],[cCaption],[cToolTip],[cSubID],[cProjectNO])
values('EP0205_list','zh-TW','filter','查','查','EF','U870')
insert into AA_FormButtons_lang ([cFormCode],[localeid],[cButtonKey],[cCaption],[cToolTip],[cSubID],[cProjectNO])
values('EP0205_list','zh-TW','filtration','Yx','Yx','EF','U870')
insert into AA_FormButtons_lang ([cFormCode],[localeid],[cButtonKey],[cCaption],[cToolTip],[cSubID],[cProjectNO])
values('EP0205_list','zh-TW','layout','布局','布局','EF','U870')
insert into AA_FormButtons_lang ([cFormCode],[localeid],[cButtonKey],[cCaption],[cToolTip],[cSubID],[cProjectNO])
values('EP0205_list','zh-TW','locate','定位','定位','EF','U870')
insert into AA_FormButtons_lang ([cFormCode],[localeid],[cButtonKey],[cCaption],[cToolTip],[cSubID],[cProjectNO])
values('EP0205_list','zh-TW','openbatch','打_','打_','EF','U870')
insert into AA_FormButtons_lang ([cFormCode],[localeid],[cButtonKey],[cCaption],[cToolTip],[cSubID],[cProjectNO])
values('EP0205_list','zh-TW','output','出','出','EF','U870')
insert into AA_FormButtons_lang ([cFormCode],[localeid],[cButtonKey],[cCaption],[cToolTip],[cSubID],[cProjectNO])
values('EP0205_list','zh-TW','print','列印','列印','EF','U870')
insert into AA_FormButtons_lang ([cFormCode],[localeid],[cButtonKey],[cCaption],[cToolTip],[cSubID],[cProjectNO])
values('EP0205_list','zh-TW','search','查','查','EF','U870')
insert into AA_FormButtons_lang ([cFormCode],[localeid],[cButtonKey],[cCaption],[cToolTip],[cSubID],[cProjectNO])
values('EP0205_list','zh-TW','unverifybatch','','','EF','U870')
insert into AA_FormButtons_lang ([cFormCode],[localeid],[cButtonKey],[cCaption],[cToolTip],[cSubID],[cProjectNO])
values('EP0205_list','zh-TW','verifybatch','核','核','EF','U870')

GO
insert into AA_FormButtonMenus_base ([cFormCode],[cButtonKey],[cMenuKey],[iOrder],[cParentKey],[igrade],[cAuthid],[cResID],[cSubID],[cProjectNO],[cForegroundColor],[cBackgroundColor],[iMenuType],[ProcessObjectName],[FunctionKey])
values('EP0205_list','ConditionFormat','ConditionFormat[@@]Between',3,'',0,'','','EF','U870',Null,Null,0,'U8VouchListCommon.clsToolbarCommon','Between')
insert into AA_FormButtonMenus_base ([cFormCode],[cButtonKey],[cMenuKey],[iOrder],[cParentKey],[igrade],[cAuthid],[cResID],[cSubID],[cProjectNO],[cForegroundColor],[cBackgroundColor],[iMenuType],[ProcessObjectName],[FunctionKey])
values('EP0205_list','ConditionFormat','ConditionFormat[@@]Contain',5,'',0,'','','EF','U870',Null,Null,0,'U8VouchListCommon.clsToolbarCommon','Contain')
insert into AA_FormButtonMenus_base ([cFormCode],[cButtonKey],[cMenuKey],[iOrder],[cParentKey],[igrade],[cAuthid],[cResID],[cSubID],[cProjectNO],[cForegroundColor],[cBackgroundColor],[iMenuType],[ProcessObjectName],[FunctionKey])
values('EP0205_list','ConditionFormat','ConditionFormat[@@]DisplayRules',6,'',0,'','','EF','U870',Null,Null,0,'U8VouchListCommon.clsToolbarCommon','DisplayRules')
insert into AA_FormButtonMenus_base ([cFormCode],[cButtonKey],[cMenuKey],[iOrder],[cParentKey],[igrade],[cAuthid],[cResID],[cSubID],[cProjectNO],[cForegroundColor],[cBackgroundColor],[iMenuType],[ProcessObjectName],[FunctionKey])
values('EP0205_list','ConditionFormat','ConditionFormat[@@]Equal',4,'',0,'','','EF','U870',Null,Null,0,'U8VouchListCommon.clsToolbarCommon','Equal')
insert into AA_FormButtonMenus_base ([cFormCode],[cButtonKey],[cMenuKey],[iOrder],[cParentKey],[igrade],[cAuthid],[cResID],[cSubID],[cProjectNO],[cForegroundColor],[cBackgroundColor],[iMenuType],[ProcessObjectName],[FunctionKey])
values('EP0205_list','ConditionFormat','ConditionFormat[@@]Greate',1,'',0,'','','EF','U870',Null,Null,0,'U8VouchListCommon.clsToolbarCommon','Greate')
insert into AA_FormButtonMenus_base ([cFormCode],[cButtonKey],[cMenuKey],[iOrder],[cParentKey],[igrade],[cAuthid],[cResID],[cSubID],[cProjectNO],[cForegroundColor],[cBackgroundColor],[iMenuType],[ProcessObjectName],[FunctionKey])
values('EP0205_list','ConditionFormat','ConditionFormat[@@]Less',2,'',0,'','','EF','U870',Null,Null,0,'U8VouchListCommon.clsToolbarCommon','Less')
insert into AA_FormButtonMenus_base ([cFormCode],[cButtonKey],[cMenuKey],[iOrder],[cParentKey],[igrade],[cAuthid],[cResID],[cSubID],[cProjectNO],[cForegroundColor],[cBackgroundColor],[iMenuType],[ProcessObjectName],[FunctionKey])
values('EP0205_list','layout','layout[@@]HorizontalLayout',2,'',0,'','','EF','U870',Null,Null,1,'U8VouchListCommon.clsToolbarCommon','HorizontalLayout')
insert into AA_FormButtonMenus_base ([cFormCode],[cButtonKey],[cMenuKey],[iOrder],[cParentKey],[igrade],[cAuthid],[cResID],[cSubID],[cProjectNO],[cForegroundColor],[cBackgroundColor],[iMenuType],[ProcessObjectName],[FunctionKey])
values('EP0205_list','layout','layout[@@]mnubar0',3,'',0,'','','EF','U870',Null,Null,0,'U8VouchListCommon.clsToolbarCommon','mnubar0')
insert into AA_FormButtonMenus_base ([cFormCode],[cButtonKey],[cMenuKey],[iOrder],[cParentKey],[igrade],[cAuthid],[cResID],[cSubID],[cProjectNO],[cForegroundColor],[cBackgroundColor],[iMenuType],[ProcessObjectName],[FunctionKey])
values('EP0205_list','layout','layout[@@]QueryCondition',4,'',0,'','','EF','U870',Null,Null,1,'U8VouchListCommon.clsToolbarCommon','QueryCondition')
insert into AA_FormButtonMenus_base ([cFormCode],[cButtonKey],[cMenuKey],[iOrder],[cParentKey],[igrade],[cAuthid],[cResID],[cSubID],[cProjectNO],[cForegroundColor],[cBackgroundColor],[iMenuType],[ProcessObjectName],[FunctionKey])
values('EP0205_list','layout','layout[@@]QueryconSolution',5,'',0,'','','EF','U870',Null,Null,1,'U8VouchListCommon.clsToolbarCommon','QueryconSolution')
insert into AA_FormButtonMenus_base ([cFormCode],[cButtonKey],[cMenuKey],[iOrder],[cParentKey],[igrade],[cAuthid],[cResID],[cSubID],[cProjectNO],[cForegroundColor],[cBackgroundColor],[iMenuType],[ProcessObjectName],[FunctionKey])
values('EP0205_list','layout','layout[@@]VerticalLayout',1,'',0,'','','EF','U870',Null,Null,1,'U8VouchListCommon.clsToolbarCommon','VerticalLayout')
insert into AA_FormButtonMenus_base ([cFormCode],[cButtonKey],[cMenuKey],[iOrder],[cParentKey],[igrade],[cAuthid],[cResID],[cSubID],[cProjectNO],[cForegroundColor],[cBackgroundColor],[iMenuType],[ProcessObjectName],[FunctionKey])
values('EP0205_list','Print','preview',2,'',0,'','','EF','U870',Null,Null,0,Null,Null)
insert into AA_FormButtonMenus_base ([cFormCode],[cButtonKey],[cMenuKey],[iOrder],[cParentKey],[igrade],[cAuthid],[cResID],[cSubID],[cProjectNO],[cForegroundColor],[cBackgroundColor],[iMenuType],[ProcessObjectName],[FunctionKey])
values('EP0205_list','Print','print',1,'',0,'','','EF','U870',Null,Null,0,Null,Null)

GO
insert into AA_FormButtonMenus_lang ([cFormCode],[localeid],[cButtonKey],[cMenuKey],[cCaption],[cToolTip],[cSubID],[cProjectNO])
values('EP0205_list','en-US','ConditionFormat','ConditionFormat[@@]Between','Between','Between','EF','U870')
insert into AA_FormButtonMenus_lang ([cFormCode],[localeid],[cButtonKey],[cMenuKey],[cCaption],[cToolTip],[cSubID],[cProjectNO])
values('EP0205_list','en-US','ConditionFormat','ConditionFormat[@@]Contain','Contain','Contain','EF','U870')
insert into AA_FormButtonMenus_lang ([cFormCode],[localeid],[cButtonKey],[cMenuKey],[cCaption],[cToolTip],[cSubID],[cProjectNO])
values('EP0205_list','en-US','ConditionFormat','ConditionFormat[@@]DisplayRules','UserDefineRule','UserDefineRule','EF','U870')
insert into AA_FormButtonMenus_lang ([cFormCode],[localeid],[cButtonKey],[cMenuKey],[cCaption],[cToolTip],[cSubID],[cProjectNO])
values('EP0205_list','en-US','ConditionFormat','ConditionFormat[@@]Equal','Equal','Equal','EF','U870')
insert into AA_FormButtonMenus_lang ([cFormCode],[localeid],[cButtonKey],[cMenuKey],[cCaption],[cToolTip],[cSubID],[cProjectNO])
values('EP0205_list','en-US','ConditionFormat','ConditionFormat[@@]Greate','Greate','Greate','EF','U870')
insert into AA_FormButtonMenus_lang ([cFormCode],[localeid],[cButtonKey],[cMenuKey],[cCaption],[cToolTip],[cSubID],[cProjectNO])
values('EP0205_list','en-US','ConditionFormat','ConditionFormat[@@]Less','Less','Less','EF','U870')
insert into AA_FormButtonMenus_lang ([cFormCode],[localeid],[cButtonKey],[cMenuKey],[cCaption],[cToolTip],[cSubID],[cProjectNO])
values('EP0205_list','en-US','layout','layout[@@]HorizontalLayout','HorizontalLayout','HorizontalLayout','EF','U870')
insert into AA_FormButtonMenus_lang ([cFormCode],[localeid],[cButtonKey],[cMenuKey],[cCaption],[cToolTip],[cSubID],[cProjectNO])
values('EP0205_list','en-US','layout','layout[@@]mnubar0','-','','EF','U870')
insert into AA_FormButtonMenus_lang ([cFormCode],[localeid],[cButtonKey],[cMenuKey],[cCaption],[cToolTip],[cSubID],[cProjectNO])
values('EP0205_list','en-US','layout','layout[@@]QueryCondition','QueryCondition','QueryCondition','EF','U870')
insert into AA_FormButtonMenus_lang ([cFormCode],[localeid],[cButtonKey],[cMenuKey],[cCaption],[cToolTip],[cSubID],[cProjectNO])
values('EP0205_list','en-US','layout','layout[@@]QueryconSolution','QueryconSolution','QueryconSolution','EF','U870')
insert into AA_FormButtonMenus_lang ([cFormCode],[localeid],[cButtonKey],[cMenuKey],[cCaption],[cToolTip],[cSubID],[cProjectNO])
values('EP0205_list','en-US','layout','layout[@@]VerticalLayout','VerticalLayout','VerticalLayout','EF','U870')
insert into AA_FormButtonMenus_lang ([cFormCode],[localeid],[cButtonKey],[cMenuKey],[cCaption],[cToolTip],[cSubID],[cProjectNO])
values('EP0205_list','en-US','Print','preview','preview','','EF','U870')
insert into AA_FormButtonMenus_lang ([cFormCode],[localeid],[cButtonKey],[cMenuKey],[cCaption],[cToolTip],[cSubID],[cProjectNO])
values('EP0205_list','en-US','Print','print','print','','EF','U870')
insert into AA_FormButtonMenus_lang ([cFormCode],[localeid],[cButtonKey],[cMenuKey],[cCaption],[cToolTip],[cSubID],[cProjectNO])
values('EP0205_list','zh-CN','ConditionFormat','ConditionFormat[@@]Between','介于','介于','EF','U870')
insert into AA_FormButtonMenus_lang ([cFormCode],[localeid],[cButtonKey],[cMenuKey],[cCaption],[cToolTip],[cSubID],[cProjectNO])
values('EP0205_list','zh-CN','ConditionFormat','ConditionFormat[@@]Contain','包含','包含','EF','U870')
insert into AA_FormButtonMenus_lang ([cFormCode],[localeid],[cButtonKey],[cMenuKey],[cCaption],[cToolTip],[cSubID],[cProjectNO])
values('EP0205_list','zh-CN','ConditionFormat','ConditionFormat[@@]DisplayRules','自定义规则','自定义规则','EF','U870')
insert into AA_FormButtonMenus_lang ([cFormCode],[localeid],[cButtonKey],[cMenuKey],[cCaption],[cToolTip],[cSubID],[cProjectNO])
values('EP0205_list','zh-CN','ConditionFormat','ConditionFormat[@@]Equal','等于','等于','EF','U870')
insert into AA_FormButtonMenus_lang ([cFormCode],[localeid],[cButtonKey],[cMenuKey],[cCaption],[cToolTip],[cSubID],[cProjectNO])
values('EP0205_list','zh-CN','ConditionFormat','ConditionFormat[@@]Greate','大于','大于','EF','U870')
insert into AA_FormButtonMenus_lang ([cFormCode],[localeid],[cButtonKey],[cMenuKey],[cCaption],[cToolTip],[cSubID],[cProjectNO])
values('EP0205_list','zh-CN','ConditionFormat','ConditionFormat[@@]Less','小于','小于','EF','U870')
insert into AA_FormButtonMenus_lang ([cFormCode],[localeid],[cButtonKey],[cMenuKey],[cCaption],[cToolTip],[cSubID],[cProjectNO])
values('EP0205_list','zh-CN','layout','layout[@@]HorizontalLayout','上下布局','上下布局','EF','U870')
insert into AA_FormButtonMenus_lang ([cFormCode],[localeid],[cButtonKey],[cMenuKey],[cCaption],[cToolTip],[cSubID],[cProjectNO])
values('EP0205_list','zh-CN','layout','layout[@@]mnubar0','-','','EF','U870')
insert into AA_FormButtonMenus_lang ([cFormCode],[localeid],[cButtonKey],[cMenuKey],[cCaption],[cToolTip],[cSubID],[cProjectNO])
values('EP0205_list','zh-CN','layout','layout[@@]QueryCondition','显示查询条件','显示查询条件','EF','U870')
insert into AA_FormButtonMenus_lang ([cFormCode],[localeid],[cButtonKey],[cMenuKey],[cCaption],[cToolTip],[cSubID],[cProjectNO])
values('EP0205_list','zh-CN','layout','layout[@@]QueryconSolution','显示查询方案','显示查询方案','EF','U870')
insert into AA_FormButtonMenus_lang ([cFormCode],[localeid],[cButtonKey],[cMenuKey],[cCaption],[cToolTip],[cSubID],[cProjectNO])
values('EP0205_list','zh-CN','layout','layout[@@]VerticalLayout','左右布局','左右布局','EF','U870')
insert into AA_FormButtonMenus_lang ([cFormCode],[localeid],[cButtonKey],[cMenuKey],[cCaption],[cToolTip],[cSubID],[cProjectNO])
values('EP0205_list','zh-CN','Print','preview','预览','','EF','U870')
insert into AA_FormButtonMenus_lang ([cFormCode],[localeid],[cButtonKey],[cMenuKey],[cCaption],[cToolTip],[cSubID],[cProjectNO])
values('EP0205_list','zh-CN','Print','print','打印','','EF','U870')
insert into AA_FormButtonMenus_lang ([cFormCode],[localeid],[cButtonKey],[cMenuKey],[cCaption],[cToolTip],[cSubID],[cProjectNO])
values('EP0205_list','zh-TW','ConditionFormat','ConditionFormat[@@]Between','介於','介於','EF','U870')
insert into AA_FormButtonMenus_lang ([cFormCode],[localeid],[cButtonKey],[cMenuKey],[cCaption],[cToolTip],[cSubID],[cProjectNO])
values('EP0205_list','zh-TW','ConditionFormat','ConditionFormat[@@]Contain','包含','包含','EF','U870')
insert into AA_FormButtonMenus_lang ([cFormCode],[localeid],[cButtonKey],[cMenuKey],[cCaption],[cToolTip],[cSubID],[cProjectNO])
values('EP0205_list','zh-TW','ConditionFormat','ConditionFormat[@@]DisplayRules','自t','自t','EF','U870')
insert into AA_FormButtonMenus_lang ([cFormCode],[localeid],[cButtonKey],[cMenuKey],[cCaption],[cToolTip],[cSubID],[cProjectNO])
values('EP0205_list','zh-TW','ConditionFormat','ConditionFormat[@@]Equal','等於','等於','EF','U870')
insert into AA_FormButtonMenus_lang ([cFormCode],[localeid],[cButtonKey],[cMenuKey],[cCaption],[cToolTip],[cSubID],[cProjectNO])
values('EP0205_list','zh-TW','ConditionFormat','ConditionFormat[@@]Greate','大於','大於','EF','U870')
insert into AA_FormButtonMenus_lang ([cFormCode],[localeid],[cButtonKey],[cMenuKey],[cCaption],[cToolTip],[cSubID],[cProjectNO])
values('EP0205_list','zh-TW','ConditionFormat','ConditionFormat[@@]Less','小於','小於','EF','U870')
insert into AA_FormButtonMenus_lang ([cFormCode],[localeid],[cButtonKey],[cMenuKey],[cCaption],[cToolTip],[cSubID],[cProjectNO])
values('EP0205_list','zh-TW','layout','layout[@@]HorizontalLayout','上下丫','上下丫','EF','U870')
insert into AA_FormButtonMenus_lang ([cFormCode],[localeid],[cButtonKey],[cMenuKey],[cCaption],[cToolTip],[cSubID],[cProjectNO])
values('EP0205_list','zh-TW','layout','layout[@@]mnubar0','-','','EF','U870')
insert into AA_FormButtonMenus_lang ([cFormCode],[localeid],[cButtonKey],[cMenuKey],[cCaption],[cToolTip],[cSubID],[cProjectNO])
values('EP0205_list','zh-TW','layout','layout[@@]QueryCondition','@示查l件','@示查l件','EF','U870')
insert into AA_FormButtonMenus_lang ([cFormCode],[localeid],[cButtonKey],[cMenuKey],[cCaption],[cToolTip],[cSubID],[cProjectNO])
values('EP0205_list','zh-TW','layout','layout[@@]QueryconSolution','@示查方案','@示查方案','EF','U870')
insert into AA_FormButtonMenus_lang ([cFormCode],[localeid],[cButtonKey],[cMenuKey],[cCaption],[cToolTip],[cSubID],[cProjectNO])
values('EP0205_list','zh-TW','layout','layout[@@]VerticalLayout','左右丫','左右丫','EF','U870')
insert into AA_FormButtonMenus_lang ([cFormCode],[localeid],[cButtonKey],[cMenuKey],[cCaption],[cToolTip],[cSubID],[cProjectNO])
values('EP0205_list','zh-TW','Print','preview','A[','','EF','U870')
insert into AA_FormButtonMenus_lang ([cFormCode],[localeid],[cButtonKey],[cMenuKey],[cCaption],[cToolTip],[cSubID],[cProjectNO])
values('EP0205_list','zh-TW','Print','print','列印','','EF','U870')

GO

GO

GO
---------begin
--select * from flt_definemeta_base where filterid=N'EP0205'
--select * from flt_definemeta_lang where filterid=N'EP0205'
--select * from flt_definemeta_cache where filterid=N'EP0205'

delete from flt_definemeta_base where filterid='EP0205'
delete from flt_definemeta_lang where filterid='EP0205'
delete from flt_definemeta_cache where filterid='EP0205'
------基础过滤SQL语句!------
insert into flt_definemeta_base(FilterID,ProjectNO,XMLExpression,SubNO,FilterName,FilterDesc,IsUpgrade,bLocked,cLockedBy)  values(N'EP0205',N'U8CUSTDEF',N'<root canceladvanceitemlist="" title="" behaviorclass="" hasgroupby="0" hasadvance="1" cancelseconddev="0"><filter>
<items>
<item position= "10" name="auxunitcode" caption="辅计量单位编码" reftype="1" refid="" rangeinput="1" commonlogic="eq" multselect="0"  fieldname="auxunitcode" returnfield="sys__ReturnFieldCode" iscommon="0" allowupdatecomparelogic="1"  commoncaption="辅计量单位编码" mustinput="0" defaultvalue="" descvalue="[####]" groupnum="" orlogic="0" projectno="U8CUSTDEF" pointbit="-1" showstyle="0" format="" ispara="0" fieldclass="" displayinportalview="0" autodisplaytext="0" isfacilitycondition="0" isjoinfulltextquery="0"/>
<item position= "20" name="auxunitname" caption="辅计量单位" reftype="1" refid="" rangeinput="1" commonlogic="eq" multselect="0"  fieldname="auxunitname" returnfield="sys__ReturnFieldCode" iscommon="0" allowupdatecomparelogic="1"  commoncaption="辅计量单位" mustinput="0" defaultvalue="" descvalue="[####]" groupnum="" orlogic="0" projectno="U8CUSTDEF" pointbit="-1" showstyle="0" format="" ispara="0" fieldclass="" displayinportalview="0" autodisplaytext="0" isfacilitycondition="0" isjoinfulltextquery="0"/>
<item position= "30" name="b_ccomunitname" caption="主计量单位" reftype="1" refid="" rangeinput="1" commonlogic="eq" multselect="0"  fieldname="b_ccomunitname" returnfield="sys__ReturnFieldCode" iscommon="1" allowupdatecomparelogic="1"  commoncaption="主计量单位" mustinput="0" defaultvalue="" descvalue="[####]" groupnum="" orlogic="0" projectno="U8CUSTDEF" pointbit="-1" showstyle="0" format="" ispara="0" fieldclass="" displayinportalview="0" autodisplaytext="0" isfacilitycondition="0" isjoinfulltextquery="0"/>
<item position= "40" name="b_ccuscode" caption="客户编码" reftype="1" refid="customer_sa" rangeinput="1" commonlogic="eq" multselect="0"  fieldname="b_ccuscode" returnfield="sys__ReturnFieldCode" iscommon="0" allowupdatecomparelogic="1"  commoncaption="客户编码" mustinput="0" defaultvalue="" descvalue="[####]" groupnum="" orlogic="0" projectno="U8CUSTDEF" pointbit="-1" showstyle="0" format="" ispara="0" fieldclass="" displayinportalview="0" autodisplaytext="0" isfacilitycondition="0" isjoinfulltextquery="0"/>
<item position= "50" name="b_ccusname" caption="客户名称" reftype="1" refid="customer_sa" rangeinput="1" commonlogic="eq" multselect="0"  fieldname="b_ccusname" returnfield="sys__ReturnFieldCode" iscommon="0" allowupdatecomparelogic="1"  commoncaption="客户名称" mustinput="0" defaultvalue="" descvalue="[####]" groupnum="" orlogic="0" projectno="U8CUSTDEF" pointbit="-1" showstyle="0" format="" ispara="0" fieldclass="" displayinportalview="0" autodisplaytext="0" isfacilitycondition="0" isjoinfulltextquery="0"/>
<item position= "60" name="b_cdepcode" caption="部门编码" reftype="1" refid="department_aa" rangeinput="1" commonlogic="eq" multselect="0"  fieldname="b_cdepcode" returnfield="sys__ReturnFieldCode" iscommon="0" allowupdatecomparelogic="1"  commoncaption="部门编码" mustinput="0" defaultvalue="" descvalue="[####]" groupnum="" orlogic="0" projectno="U8CUSTDEF" pointbit="-1" showstyle="0" format="" ispara="0" fieldclass="" displayinportalview="0" autodisplaytext="0" isfacilitycondition="0" isjoinfulltextquery="0"/>
<item position= "70" name="b_cdepname" caption="部门名称" reftype="1" refid="department_aa" rangeinput="1" commonlogic="eq" multselect="0"  fieldname="b_cdepname" returnfield="sys__ReturnFieldCode" iscommon="0" allowupdatecomparelogic="1"  commoncaption="部门名称" mustinput="0" defaultvalue="" descvalue="[####]" groupnum="" orlogic="0" projectno="U8CUSTDEF" pointbit="-1" showstyle="0" format="" ispara="0" fieldclass="" displayinportalview="0" autodisplaytext="0" isfacilitycondition="0" isjoinfulltextquery="0"/>
<item position= "80" name="b_cfree1" caption="表体存货自由项1" reftype="1" refid="" rangeinput="1" commonlogic="eq" multselect="0"  fieldname="b_cfree1" returnfield="sys__ReturnFieldCode" iscommon="0" allowupdatecomparelogic="1"  commoncaption="表体存货自由项1" mustinput="0" defaultvalue="" descvalue="[####]" groupnum="" orlogic="0" projectno="U8CUSTDEF" pointbit="-1" showstyle="0" format="" ispara="0" fieldclass="" displayinportalview="0" autodisplaytext="0" isfacilitycondition="0" isjoinfulltextquery="0"/>
<item position= "90" name="b_cfree10" caption="表体存货自由项10" reftype="1" refid="" rangeinput="1" commonlogic="eq" multselect="0"  fieldname="b_cfree10" returnfield="sys__ReturnFieldCode" iscommon="0" allowupdatecomparelogic="1"  commoncaption="表体存货自由项10" mustinput="0" defaultvalue="" descvalue="[####]" groupnum="" orlogic="0" projectno="U8CUSTDEF" pointbit="-1" showstyle="0" format="" ispara="0" fieldclass="" displayinportalview="0" autodisplaytext="0" isfacilitycondition="0" isjoinfulltextquery="0"/>
<item position= "100" name="b_cfree2" caption="表体存货自由项2" reftype="1" refid="" rangeinput="1" commonlogic="eq" multselect="0"  fieldname="b_cfree2" returnfield="sys__ReturnFieldCode" iscommon="0" allowupdatecomparelogic="1"  commoncaption="表体存货自由项2" mustinput="0" defaultvalue="" descvalue="[####]" groupnum="" orlogic="0" projectno="U8CUSTDEF" pointbit="-1" showstyle="0" format="" ispara="0" fieldclass="" displayinportalview="0" autodisplaytext="0" isfacilitycondition="0" isjoinfulltextquery="0"/>
<item position= "110" name="b_cfree3" caption="表体存货自由项3" reftype="1" refid="" rangeinput="1" commonlogic="eq" multselect="0"  fieldname="b_cfree3" returnfield="sys__ReturnFieldCode" iscommon="0" allowupdatecomparelogic="1"  commoncaption="表体存货自由项3" mustinput="0" defaultvalue="" descvalue="[####]" groupnum="" orlogic="0" projectno="U8CUSTDEF" pointbit="-1" showstyle="0" format="" ispara="0" fieldclass="" displayinportalview="0" autodisplaytext="0" isfacilitycondition="0" isjoinfulltextquery="0"/>
<item position= "120" name="b_cfree4" caption="表体存货自由项4" reftype="1" refid="" rangeinput="1" commonlogic="eq" multselect="0"  fieldname="b_cfree4" returnfield="sys__ReturnFieldCode" iscommon="0" allowupdatecomparelogic="1"  commoncaption="表体存货自由项4" mustinput="0" defaultvalue="" descvalue="[####]" groupnum="" orlogic="0" projectno="U8CUSTDEF" pointbit="-1" showstyle="0" format="" ispara="0" fieldclass="" displayinportalview="0" autodisplaytext="0" isfacilitycondition="0" isjoinfulltextquery="0"/>
<item position= "130" name="b_cfree5" caption="表体存货自由项5" reftype="1" refid="" rangeinput="1" commonlogic="eq" multselect="0"  fieldname="b_cfree5" returnfield="sys__ReturnFieldCode" iscommon="0" allowupdatecomparelogic="1"  commoncaption="表体存货自由项5" mustinput="0" defaultvalue="" descvalue="[####]" groupnum="" orlogic="0" projectno="U8CUSTDEF" pointbit="-1" showstyle="0" format="" ispara="0" fieldclass="" displayinportalview="0" autodisplaytext="0" isfacilitycondition="0" isjoinfulltextquery="0"/>
<item position= "140" name="b_cfree6" caption="表体存货自由项6" reftype="1" refid="" rangeinput="1" commonlogic="eq" multselect="0"  fieldname="b_cfree6" returnfield="sys__ReturnFieldCode" iscommon="0" allowupdatecomparelogic="1"  commoncaption="表体存货自由项6" mustinput="0" defaultvalue="" descvalue="[####]" groupnum="" orlogic="0" projectno="U8CUSTDEF" pointbit="-1" showstyle="0" format="" ispara="0" fieldclass="" displayinportalview="0" autodisplaytext="0" isfacilitycondition="0" isjoinfulltextquery="0"/>
<item position= "150" name="b_cfree7" caption="表体存货自由项7" reftype="1" refid="" rangeinput="1" commonlogic="eq" multselect="0"  fieldname="b_cfree7" returnfield="sys__ReturnFieldCode" iscommon="0" allowupdatecomparelogic="1"  commoncaption="表体存货自由项7" mustinput="0" defaultvalue="" descvalue="[####]" groupnum="" orlogic="0" projectno="U8CUSTDEF" pointbit="-1" showstyle="0" format="" ispara="0" fieldclass="" displayinportalview="0" autodisplaytext="0" isfacilitycondition="0" isjoinfulltextquery="0"/>
<item position= "160" name="b_cfree8" caption="表体存货自由项8" reftype="1" refid="" rangeinput="1" commonlogic="eq" multselect="0"  fieldname="b_cfree8" returnfield="sys__ReturnFieldCode" iscommon="0" allowupdatecomparelogic="1"  commoncaption="表体存货自由项8" mustinput="0" defaultvalue="" descvalue="[####]" groupnum="" orlogic="0" projectno="U8CUSTDEF" pointbit="-1" showstyle="0" format="" ispara="0" fieldclass="" displayinportalview="0" autodisplaytext="0" isfacilitycondition="0" isjoinfulltextquery="0"/>
<item position= "170" name="b_cfree9" caption="表体存货自由项9" reftype="1" refid="" rangeinput="1" commonlogic="eq" multselect="0"  fieldname="b_cfree9" returnfield="sys__ReturnFieldCode" iscommon="0" allowupdatecomparelogic="1"  commoncaption="表体存货自由项9" mustinput="0" defaultvalue="" descvalue="[####]" groupnum="" orlogic="0" projectno="U8CUSTDEF" pointbit="-1" showstyle="0" format="" ispara="0" fieldclass="" displayinportalview="0" autodisplaytext="0" isfacilitycondition="0" isjoinfulltextquery="0"/>
<item position= "180" name="b_cinvcode" caption="存货编码" reftype="1" refid="inventory_aa" rangeinput="1" commonlogic="eq" multselect="0"  fieldname="b_cinvcode" returnfield="sys__ReturnFieldCode" iscommon="1" allowupdatecomparelogic="1"  commoncaption="存货编码" mustinput="0" defaultvalue="" descvalue="[####]" groupnum="" orlogic="0" projectno="U8CUSTDEF" pointbit="-1" showstyle="0" format="" ispara="0" fieldclass="" displayinportalview="0" autodisplaytext="0" isfacilitycondition="0" isjoinfulltextquery="0"/>
<item position= "190" name="b_cinvname" caption="存货名称" reftype="1" refid="inventory_aa" rangeinput="1" commonlogic="eq" multselect="0"  fieldname="b_cinvname" returnfield="sys__ReturnFieldCode" iscommon="1" allowupdatecomparelogic="1"  commoncaption="存货名称" mustinput="0" defaultvalue="" descvalue="[####]" groupnum="" orlogic="0" projectno="U8CUSTDEF" pointbit="-1" showstyle="0" format="" ispara="0" fieldclass="" displayinportalview="0" autodisplaytext="0" isfacilitycondition="0" isjoinfulltextquery="0"/>
<item position= "200" name="b_cinvstd" caption="规格" reftype="1" refid="" rangeinput="1" commonlogic="eq" multselect="0"  fieldname="b_cinvstd" returnfield="sys__ReturnFieldCode" iscommon="1" allowupdatecomparelogic="1"  commoncaption="规格" mustinput="0" defaultvalue="" descvalue="[####]" groupnum="" orlogic="0" projectno="U8CUSTDEF" pointbit="-1" showstyle="0" format="" ispara="0" fieldclass="" displayinportalview="0" autodisplaytext="0" isfacilitycondition="0" isjoinfulltextquery="0"/>
<item position= "210" name="b_cpersoncode" caption="采购员编码" reftype="1" refid="person_aa" rangeinput="1" commonlogic="eq" multselect="0"  fieldname="b_cpersoncode" returnfield="sys__ReturnFieldCode" iscommon="1" allowupdatecomparelogic="1"  commoncaption="采购员编码" mustinput="0" defaultvalue="" descvalue="[####]" groupnum="" orlogic="0" projectno="U8CUSTDEF" pointbit="-1" showstyle="0" format="" ispara="0" fieldclass="" displayinportalview="0" autodisplaytext="0" isfacilitycondition="0" isjoinfulltextquery="0"/>
<item position= "220" name="b_cpersonname" caption="采购员" reftype="1" refid="person_aa" rangeinput="1" commonlogic="eq" multselect="0"  fieldname="b_cpersonname" returnfield="sys__ReturnFieldCode" iscommon="1" allowupdatecomparelogic="1"  commoncaption="采购员" mustinput="0" defaultvalue="" descvalue="[####]" groupnum="" orlogic="0" projectno="U8CUSTDEF" pointbit="-1" showstyle="0" format="" ispara="0" fieldclass="" displayinportalview="0" autodisplaytext="0" isfacilitycondition="0" isjoinfulltextquery="0"/>
<item position= "230" name="b_cvencode" caption="供应商编码" reftype="1" refid="vendor_aa" rangeinput="1" commonlogic="eq" multselect="0"  fieldname="b_cvencode" returnfield="sys__ReturnFieldCode" iscommon="0" allowupdatecomparelogic="1"  commoncaption="供应商编码" mustinput="0" defaultvalue="" descvalue="[####]" groupnum="" orlogic="0" projectno="U8CUSTDEF" pointbit="-1" showstyle="0" format="" ispara="0" fieldclass="" displayinportalview="0" autodisplaytext="0" isfacilitycondition="0" isjoinfulltextquery="0"/>
<item position= "240" name="b_cvenname" caption="供应商名称" reftype="1" refid="vendor_aa" rangeinput="1" commonlogic="eq" multselect="0"  fieldname="b_cvenname" returnfield="sys__ReturnFieldCode" iscommon="0" allowupdatecomparelogic="1"  commoncaption="供应商名称" mustinput="0" defaultvalue="" descvalue="[####]" groupnum="" orlogic="0" projectno="U8CUSTDEF" pointbit="-1" showstyle="0" format="" ispara="0" fieldclass="" displayinportalview="0" autodisplaytext="0" isfacilitycondition="0" isjoinfulltextquery="0"/>
<item position= "250" name="b_cwhcode" caption="仓库编码" reftype="1" refid="warehouse_aa" rangeinput="1" commonlogic="eq" multselect="0"  fieldname="b_cwhcode" returnfield="sys__ReturnFieldCode" iscommon="0" allowupdatecomparelogic="1"  commoncaption="仓库编码" mustinput="0" defaultvalue="" descvalue="[####]" groupnum="" orlogic="0" projectno="U8CUSTDEF" pointbit="-1" showstyle="0" format="" ispara="0" fieldclass="" displayinportalview="0" autodisplaytext="0" isfacilitycondition="0" isjoinfulltextquery="0"/>
<item position= "260" name="b_cwhname" caption="仓库名称" reftype="1" refid="warehouse_aa" rangeinput="1" commonlogic="eq" multselect="0"  fieldname="b_cwhname" returnfield="sys__ReturnFieldCode" iscommon="0" allowupdatecomparelogic="1"  commoncaption="仓库名称" mustinput="0" defaultvalue="" descvalue="[####]" groupnum="" orlogic="0" projectno="U8CUSTDEF" pointbit="-1" showstyle="0" format="" ispara="0" fieldclass="" displayinportalview="0" autodisplaytext="0" isfacilitycondition="0" isjoinfulltextquery="0"/>
<item position= "270" name="cbclosedate" caption="关闭日期" reftype="1" refid="" rangeinput="1" commonlogic="eq" multselect="0"  fieldname="cbclosedate" returnfield="sys__ReturnFieldCode" iscommon="0" allowupdatecomparelogic="1"  commoncaption="关闭日期" mustinput="0" defaultvalue="" descvalue="[####]" groupnum="" orlogic="0" projectno="U8CUSTDEF" pointbit="-1" showstyle="0" format="" ispara="0" fieldclass="" displayinportalview="0" autodisplaytext="0" isfacilitycondition="0" isjoinfulltextquery="0"/>
<item position= "280" name="cbcloser" caption="关闭人" reftype="1" refid="" rangeinput="1" commonlogic="eq" multselect="0"  fieldname="cbcloser" returnfield="sys__ReturnFieldCode" iscommon="0" allowupdatecomparelogic="1"  commoncaption="关闭人" mustinput="0" defaultvalue="" descvalue="[####]" groupnum="" orlogic="0" projectno="U8CUSTDEF" pointbit="-1" showstyle="0" format="" ispara="0" fieldclass="" displayinportalview="0" autodisplaytext="0" isfacilitycondition="0" isjoinfulltextquery="0"/>
<item position= "290" name="cbmemo" caption="表体备注" reftype="1" refid="" rangeinput="1" commonlogic="eq" multselect="0"  fieldname="cbmemo" returnfield="sys__ReturnFieldCode" iscommon="1" allowupdatecomparelogic="1"  commoncaption="表体备注" mustinput="0" defaultvalue="" descvalue="[####]" groupnum="" orlogic="0" projectno="U8CUSTDEF" pointbit="-1" showstyle="0" format="" ispara="0" fieldclass="" displayinportalview="0" autodisplaytext="0" isfacilitycondition="0" isjoinfulltextquery="0"/>
<item position= "300" name="ccloser" caption="关闭人" reftype="0" refid="" rangeinput="1" commonlogic="eq" multselect="0"  fieldname="ccloser" iscommon="0" allowupdatecomparelogic="1"   commoncaption="关闭人" mustinput="0"  descvalue=""  orlogic="0" projectno="U8CUSTDEF" pointbit="-1" showstyle="0"  ispara="0" fieldclass="" displayinportalview="0" autodisplaytext="0" isfacilitycondition="0" isjoinfulltextquery="0"/>
<item position= "310" name="ccode" caption="单据编号" reftype="0" refid="" rangeinput="1" commonlogic="eq" multselect="0"  fieldname="ccode" iscommon="1" allowupdatecomparelogic="1"   commoncaption="单据编号" mustinput="0"  descvalue=""  orlogic="0" projectno="U8CUSTDEF" pointbit="-1" showstyle="0"  ispara="0" fieldclass="" displayinportalview="0" autodisplaytext="0" isfacilitycondition="0" isjoinfulltextquery="0"/>
<item position= "320" name="ccusname" caption="客户" reftype="1" refid="" rangeinput="1" commonlogic="eq" multselect="0"  fieldname="ccusname" returnfield="sys__ReturnFieldCode" iscommon="1" allowupdatecomparelogic="1"  commoncaption="客户" mustinput="0" defaultvalue="" descvalue="[####]" groupnum="" orlogic="0" projectno="U8CUSTDEF" pointbit="-1" showstyle="0" format="" ispara="0" fieldclass="" displayinportalview="0" autodisplaytext="0" isfacilitycondition="0" isjoinfulltextquery="0"/>
<item position= "330" name="cInvDefine1" caption="存货自定义项1" reftype="1" refid="" rangeinput="1" commonlogic="eq" multselect="0"  fieldname="cInvDefine1" returnfield="sys__ReturnFieldCode" iscommon="0" allowupdatecomparelogic="1"  commoncaption="存货自定义项1" mustinput="0" defaultvalue="" descvalue="[####]" groupnum="" orlogic="0" projectno="U8CUSTDEF" pointbit="-1" showstyle="0" format="" ispara="0" fieldclass="" displayinportalview="0" autodisplaytext="0" isfacilitycondition="0" isjoinfulltextquery="0"/>
<item position= "340" name="cInvDefine10" caption="存货自定义项10" reftype="1" refid="" rangeinput="1" commonlogic="eq" multselect="0"  fieldname="cInvDefine10" returnfield="sys__ReturnFieldCode" iscommon="0" allowupdatecomparelogic="1"  commoncaption="存货自定义项10" mustinput="0" defaultvalue="" descvalue="[####]" groupnum="" orlogic="0" projectno="U8CUSTDEF" pointbit="-1" showstyle="0" format="" ispara="0" fieldclass="" displayinportalview="0" autodisplaytext="0" isfacilitycondition="0" isjoinfulltextquery="0"/>
<item position= "350" name="cInvDefine11" caption="存货自定义项11" reftype="1" refid="" rangeinput="1" commonlogic="eq" multselect="0"  fieldname="cInvDefine11" returnfield="sys__ReturnFieldCode" iscommon="0" allowupdatecomparelogic="1"  commoncaption="存货自定义项11" mustinput="0" defaultvalue="" descvalue="[####]" groupnum="" orlogic="0" projectno="U8CUSTDEF" pointbit="-1" showstyle="0" format="" ispara="0" fieldclass="" displayinportalview="0" autodisplaytext="0" isfacilitycondition="0" isjoinfulltextquery="0"/>
<item position= "360" name="cInvDefine12" caption="存货自定义项12" reftype="1" refid="" rangeinput="1" commonlogic="eq" multselect="0"  fieldname="cInvDefine12" returnfield="sys__ReturnFieldCode" iscommon="0" allowupdatecomparelogic="1"  commoncaption="存货自定义项12" mustinput="0" defaultvalue="" descvalue="[####]" groupnum="" orlogic="0" projectno="U8CUSTDEF" pointbit="-1" showstyle="0" format="" ispara="0" fieldclass="" displayinportalview="0" autodisplaytext="0" isfacilitycondition="0" isjoinfulltextquery="0"/>
<item position= "370" name="cInvDefine13" caption="存货自定义项13" reftype="1" refid="" rangeinput="1" commonlogic="eq" multselect="0"  fieldname="cInvDefine13" returnfield="sys__ReturnFieldCode" iscommon="1" allowupdatecomparelogic="1"  commoncaption="存货自定义项13" mustinput="0" defaultvalue="" descvalue="[####]" groupnum="" orlogic="0" projectno="U8CUSTDEF" pointbit="-1" showstyle="0" format="" ispara="0" fieldclass="" displayinportalview="0" autodisplaytext="0" isfacilitycondition="0" isjoinfulltextquery="0"/>
<item position= "380" name="cInvDefine14" caption="存货自定义项14" reftype="1" refid="" rangeinput="1" commonlogic="eq" multselect="0"  fieldname="cInvDefine14" returnfield="sys__ReturnFieldCode" iscommon="0" allowupdatecomparelogic="1"  commoncaption="存货自定义项14" mustinput="0" defaultvalue="" descvalue="[####]" groupnum="" orlogic="0" projectno="U8CUSTDEF" pointbit="-1" showstyle="0" format="" ispara="0" fieldclass="" displayinportalview="0" autodisplaytext="0" isfacilitycondition="0" isjoinfulltextquery="0"/>
<item position= "390" name="cInvDefine15" caption="存货自定义项15" reftype="1" refid="" rangeinput="1" commonlogic="eq" multselect="0"  fieldname="cInvDefine15" returnfield="sys__ReturnFieldCode" iscommon="0" allowupdatecomparelogic="1"  commoncaption="存货自定义项15" mustinput="0" defaultvalue="" descvalue="[####]" groupnum="" orlogic="0" projectno="U8CUSTDEF" pointbit="-1" showstyle="0" format="" ispara="0" fieldclass="" displayinportalview="0" autodisplaytext="0" isfacilitycondition="0" isjoinfulltextquery="0"/>
<item position= "400" name="cInvDefine16" caption="存货自定义项16" reftype="1" refid="" rangeinput="1" commonlogic="eq" multselect="0"  fieldname="cInvDefine16" returnfield="sys__ReturnFieldCode" iscommon="0" allowupdatecomparelogic="1"  commoncaption="存货自定义项16" mustinput="0" defaultvalue="" descvalue="[####]" groupnum="" orlogic="0" projectno="U8CUSTDEF" pointbit="-1" showstyle="0" format="" ispara="0" fieldclass="" displayinportalview="0" autodisplaytext="0" isfacilitycondition="0" isjoinfulltextquery="0"/>
<item position= "410" name="cInvDefine2" caption="存货自定义项2" reftype="1" refid="" rangeinput="1" commonlogic="eq" multselect="0"  fieldname="cInvDefine2" returnfield="sys__ReturnFieldCode" iscommon="0" allowupdatecomparelogic="1"  commoncaption="存货自定义项2" mustinput="0" defaultvalue="" descvalue="[####]" groupnum="" orlogic="0" projectno="U8CUSTDEF" pointbit="-1" showstyle="0" format="" ispara="0" fieldclass="" displayinportalview="0" autodisplaytext="0" isfacilitycondition="0" isjoinfulltextquery="0"/>
<item position= "420" name="cInvDefine3" caption="存货自定义项3" reftype="1" refid="" rangeinput="1" commonlogic="eq" multselect="0"  fieldname="cInvDefine3" returnfield="sys__ReturnFieldCode" iscommon="0" allowupdatecomparelogic="1"  commoncaption="存货自定义项3" mustinput="0" defaultvalue="" descvalue="[####]" groupnum="" orlogic="0" projectno="U8CUSTDEF" pointbit="-1" showstyle="0" format="" ispara="0" fieldclass="" displayinportalview="0" autodisplaytext="0" isfacilitycondition="0" isjoinfulltextquery="0"/>
<item position= "430" name="cInvDefine4" caption="存货自定义项4" reftype="1" refid="" rangeinput="1" commonlogic="eq" multselect="0"  fieldname="cInvDefine4" returnfield="sys__ReturnFieldCode" iscommon="0" allowupdatecomparelogic="1"  commoncaption="存货自定义项4" mustinput="0" defaultvalue="" descvalue="[####]" groupnum="" orlogic="0" projectno="U8CUSTDEF" pointbit="-1" showstyle="0" format="" ispara="0" fieldclass="" displayinportalview="0" autodisplaytext="0" isfacilitycondition="0" isjoinfulltextquery="0"/>
<item position= "440" name="cInvDefine5" caption="存货自定义项5" reftype="1" refid="" rangeinput="1" commonlogic="eq" multselect="0"  fieldname="cInvDefine5" returnfield="sys__ReturnFieldCode" iscommon="0" allowupdatecomparelogic="1"  commoncaption="存货自定义项5" mustinput="0" defaultvalue="" descvalue="[####]" groupnum="" orlogic="0" projectno="U8CUSTDEF" pointbit="-1" showstyle="0" format="" ispara="0" fieldclass="" displayinportalview="0" autodisplaytext="0" isfacilitycondition="0" isjoinfulltextquery="0"/>
<item position= "450" name="cInvDefine6" caption="存货自定义项6" reftype="1" refid="" rangeinput="1" commonlogic="eq" multselect="0"  fieldname="cInvDefine6" returnfield="sys__ReturnFieldCode" iscommon="0" allowupdatecomparelogic="1"  commoncaption="存货自定义项6" mustinput="0" defaultvalue="" descvalue="[####]" groupnum="" orlogic="0" projectno="U8CUSTDEF" pointbit="-1" showstyle="0" format="" ispara="0" fieldclass="" displayinportalview="0" autodisplaytext="0" isfacilitycondition="0" isjoinfulltextquery="0"/>
<item position= "460" name="cInvDefine7" caption="存货自定义项7" reftype="1" refid="" rangeinput="1" commonlogic="eq" multselect="0"  fieldname="cInvDefine7" returnfield="sys__ReturnFieldCode" iscommon="0" allowupdatecomparelogic="1"  commoncaption="存货自定义项7" mustinput="0" defaultvalue="" descvalue="[####]" groupnum="" orlogic="0" projectno="U8CUSTDEF" pointbit="-1" showstyle="0" format="" ispara="0" fieldclass="" displayinportalview="0" autodisplaytext="0" isfacilitycondition="0" isjoinfulltextquery="0"/>
<item position= "470" name="cInvDefine8" caption="存货自定义项8" reftype="1" refid="" rangeinput="1" commonlogic="eq" multselect="0"  fieldname="cInvDefine8" returnfield="sys__ReturnFieldCode" iscommon="0" allowupdatecomparelogic="1"  commoncaption="存货自定义项8" mustinput="0" defaultvalue="" descvalue="[####]" groupnum="" orlogic="0" projectno="U8CUSTDEF" pointbit="-1" showstyle="0" format="" ispara="0" fieldclass="" displayinportalview="0" autodisplaytext="0" isfacilitycondition="0" isjoinfulltextquery="0"/>
<item position= "480" name="cInvDefine9" caption="存货自定义项9" reftype="1" refid="" rangeinput="1" commonlogic="eq" multselect="0"  fieldname="cInvDefine9" returnfield="sys__ReturnFieldCode" iscommon="0" allowupdatecomparelogic="1"  commoncaption="存货自定义项9" mustinput="0" defaultvalue="" descvalue="[####]" groupnum="" orlogic="0" projectno="U8CUSTDEF" pointbit="-1" showstyle="0" format="" ispara="0" fieldclass="" displayinportalview="0" autodisplaytext="0" isfacilitycondition="0" isjoinfulltextquery="0"/>
<item position= "490" name="citem_class" caption="项目大类编码" reftype="1" refid="" rangeinput="1" commonlogic="eq" multselect="0"  fieldname="citem_class" returnfield="sys__ReturnFieldCode" iscommon="1" allowupdatecomparelogic="1"  commoncaption="项目大类编码" mustinput="0" defaultvalue="" descvalue="[####]" groupnum="" orlogic="0" projectno="U8CUSTDEF" pointbit="-1" showstyle="0" format="" ispara="0" fieldclass="" displayinportalview="0" autodisplaytext="0" isfacilitycondition="0" isjoinfulltextquery="0"/>
<item position= "500" name="citem_cname" caption="项目大类" reftype="1" refid="" rangeinput="1" commonlogic="eq" multselect="0"  fieldname="citem_cname" returnfield="sys__ReturnFieldCode" iscommon="1" allowupdatecomparelogic="1"  commoncaption="项目大类" mustinput="0" defaultvalue="" descvalue="[####]" groupnum="" orlogic="0" projectno="U8CUSTDEF" pointbit="-1" showstyle="0" format="" ispara="0" fieldclass="" displayinportalview="0" autodisplaytext="0" isfacilitycondition="0" isjoinfulltextquery="0"/>
<item position= "510" name="citemcode" caption="项目编码" reftype="1" refid="" rangeinput="1" commonlogic="eq" multselect="0"  fieldname="citemcode" returnfield="sys__ReturnFieldCode" iscommon="1" allowupdatecomparelogic="1"  commoncaption="项目编码" mustinput="0" defaultvalue="" descvalue="[####]" groupnum="" orlogic="0" projectno="U8CUSTDEF" pointbit="-1" showstyle="0" format="" ispara="0" fieldclass="" displayinportalview="0" autodisplaytext="0" isfacilitycondition="0" isjoinfulltextquery="0"/>
<item position= "520" name="citemgg" caption="产品规格" reftype="1" refid="" rangeinput="1" commonlogic="eq" multselect="0"  fieldname="citemgg" returnfield="sys__ReturnFieldCode" iscommon="1" allowupdatecomparelogic="1"  commoncaption="产品规格" mustinput="0" defaultvalue="" descvalue="[####]" groupnum="" orlogic="0" projectno="U8CUSTDEF" pointbit="-1" showstyle="0" format="" ispara="0" fieldclass="" displayinportalview="0" autodisplaytext="0" isfacilitycondition="0" isjoinfulltextquery="0"/>
<item position= "530" name="citemname" caption="项目" reftype="1" refid="" rangeinput="1" commonlogic="eq" multselect="0"  fieldname="citemname" returnfield="sys__ReturnFieldCode" iscommon="1" allowupdatecomparelogic="1"  commoncaption="项目" mustinput="0" defaultvalue="" descvalue="[####]" groupnum="" orlogic="0" projectno="U8CUSTDEF" pointbit="-1" showstyle="0" format="" ispara="0" fieldclass="" displayinportalview="0" autodisplaytext="0" isfacilitycondition="0" isjoinfulltextquery="0"/>
<item position= "540" name="citemth" caption="产品图号" reftype="1" refid="" rangeinput="1" commonlogic="eq" multselect="0"  fieldname="citemth" returnfield="sys__ReturnFieldCode" iscommon="1" allowupdatecomparelogic="1"  commoncaption="产品图号" mustinput="0" defaultvalue="" descvalue="[####]" groupnum="" orlogic="0" projectno="U8CUSTDEF" pointbit="-1" showstyle="0" format="" ispara="0" fieldclass="" displayinportalview="0" autodisplaytext="0" isfacilitycondition="0" isjoinfulltextquery="0"/>
<item position= "550" name="cmaker" caption="制单人" reftype="0" refid="" rangeinput="1" commonlogic="eq" multselect="0"  fieldname="cmaker" iscommon="1" allowupdatecomparelogic="1"   commoncaption="制单人" mustinput="0"  descvalue=""  orlogic="0" projectno="U8CUSTDEF" pointbit="-1" showstyle="0"  ispara="0" fieldclass="" displayinportalview="0" autodisplaytext="0" isfacilitycondition="0" isjoinfulltextquery="0"/>
<item position= "560" name="cmakerddate" caption="制单日期" reftype="2" refid="" rangeinput="1" commonlogic="eq" multselect="0"  fieldname="cmakerddate" iscommon="1" allowupdatecomparelogic="1"   commoncaption="制单日期" mustinput="0"  descvalue=""  orlogic="0" projectno="U8CUSTDEF" pointbit="-1" showstyle="0"  ispara="0" fieldclass="" displayinportalview="0" autodisplaytext="0" isfacilitycondition="0" isjoinfulltextquery="0"/>
<item position= "570" name="cmemo" caption="备注" reftype="1" refid="" rangeinput="1" commonlogic="eq" multselect="0"  fieldname="cmemo" returnfield="sys__ReturnFieldCode" iscommon="1" allowupdatecomparelogic="1"  commoncaption="备注" mustinput="0" defaultvalue="" descvalue="[####]" groupnum="" orlogic="0" projectno="U8CUSTDEF" pointbit="-1" showstyle="0" format="" ispara="0" fieldclass="" displayinportalview="0" autodisplaytext="0" isfacilitycondition="0" isjoinfulltextquery="0"/>
<item position= "580" name="cmodifer" caption="变更人" reftype="0" refid="" rangeinput="1" commonlogic="eq" multselect="0"  fieldname="cmodifer" iscommon="0" allowupdatecomparelogic="1"   commoncaption="变更人" mustinput="0"  descvalue=""  orlogic="0" projectno="U8CUSTDEF" pointbit="-1" showstyle="0"  ispara="0" fieldclass="" displayinportalview="0" autodisplaytext="0" isfacilitycondition="0" isjoinfulltextquery="0"/>
<item position= "590" name="cmodiferDate" caption="变更日期" reftype="2" refid="" rangeinput="1" commonlogic="eq" multselect="0"  fieldname="cmodiferDate" iscommon="0" allowupdatecomparelogic="1"   commoncaption="变更日期" mustinput="0"  descvalue=""  orlogic="0" projectno="U8CUSTDEF" pointbit="-1" showstyle="0"  ispara="0" fieldclass="" displayinportalview="0" autodisplaytext="0" isfacilitycondition="0" isjoinfulltextquery="0"/>
<item position= "600" name="cmodifier" caption="修改人" reftype="1" refid="" rangeinput="1" commonlogic="eq" multselect="0"  fieldname="cmodifier" returnfield="sys__ReturnFieldCode" iscommon="1" allowupdatecomparelogic="1"  commoncaption="修改人" mustinput="0" defaultvalue="" descvalue="[####]" groupnum="" orlogic="0" projectno="U8CUSTDEF" pointbit="-1" showstyle="0" format="" ispara="0" fieldclass="" displayinportalview="0" autodisplaytext="0" isfacilitycondition="0" isjoinfulltextquery="0"/>
<item position= "610" name="coutsourced" caption="外协外购" reftype="1" refid="" rangeinput="1" commonlogic="eq" multselect="0"  fieldname="coutsourced" returnfield="sys__ReturnFieldCode" iscommon="1" allowupdatecomparelogic="1"  commoncaption="外协外购" mustinput="0" defaultvalue="" descvalue="[####]" groupnum="" orlogic="0" projectno="U8CUSTDEF" pointbit="-1" showstyle="0" format="" ispara="0" fieldclass="" displayinportalview="0" autodisplaytext="0" isfacilitycondition="0" isjoinfulltextquery="0"/>
<item position= "620" name="cpmrpautoid" caption="cpmrpautoid" reftype="1" refid="" rangeinput="1" commonlogic="eq" multselect="0"  fieldname="cpmrpautoid" returnfield="sys__ReturnFieldCode" iscommon="1" allowupdatecomparelogic="1"  commoncaption="cpmrpautoid" mustinput="0" defaultvalue="" descvalue="[####]" groupnum="" orlogic="0" projectno="U8CUSTDEF" pointbit="-1" showstyle="0" format="" ispara="0" fieldclass="" displayinportalview="0" autodisplaytext="0" isfacilitycondition="0" isjoinfulltextquery="0"/>
<item position= "630" name="cpmrpcode" caption="项目清单号" reftype="1" refid="v_ef_projectmrpaa" rangeinput="1" commonlogic="eq" multselect="0"  fieldname="cpmrpcode" returnfield="sys__ReturnFieldCode" iscommon="1" allowupdatecomparelogic="1"  commoncaption="项目清单号" mustinput="0" defaultvalue="" descvalue="[####]" groupnum="" orlogic="0" projectno="U8CUSTDEF" pointbit="-1" showstyle="0" format="" ispara="0" fieldclass="" displayinportalview="0" autodisplaytext="0" isfacilitycondition="0" isjoinfulltextquery="0"/>
<item position= "640" name="cverifier" caption="审核人" reftype="0" refid="" rangeinput="1" commonlogic="eq" multselect="0"  fieldname="cverifier" iscommon="1" allowupdatecomparelogic="1"   commoncaption="审核人" mustinput="0"  descvalue=""  orlogic="0" projectno="U8CUSTDEF" pointbit="-1" showstyle="0"  ispara="0" fieldclass="" displayinportalview="0" autodisplaytext="0" isfacilitycondition="0" isjoinfulltextquery="0"/>
<item position= "650" name="dcloserdate" caption="关闭日期" reftype="2" refid="" rangeinput="1" commonlogic="eq" multselect="0"  fieldname="dcloserdate" iscommon="0" allowupdatecomparelogic="1"   commoncaption="关闭日期" mustinput="0"  descvalue=""  orlogic="0" projectno="U8CUSTDEF" pointbit="-1" showstyle="0"  ispara="0" fieldclass="" displayinportalview="0" autodisplaytext="0" isfacilitycondition="0" isjoinfulltextquery="0"/>
<item position= "660" name="ddate" caption="单据日期" reftype="2" refid="" rangeinput="1" commonlogic="eq" multselect="0"  fieldname="ddate" returnfield="sys__ReturnFieldName" iscommon="1" allowupdatecomparelogic="1"   commoncaption="单据日期" mustinput="0" defaultvalue="" descvalue="" groupnum="" orlogic="0" projectno="U8CUSTDEF" pointbit="-1" showstyle="0" format="" ispara="0" fieldclass="" displayinportalview="0" autodisplaytext="0" isfacilitycondition="0" isjoinfulltextquery="0"/>
<item position= "670" name="define1" caption="define1" reftype="0" refid="" rangeinput="1" commonlogic="eq" multselect="0"  fieldname="define1" iscommon="0" allowupdatecomparelogic="1"   commoncaption="define1" mustinput="0"  descvalue=""  orlogic="0" projectno="U8CUSTDEF" pointbit="-1" showstyle="0"  ispara="0" fieldclass="" displayinportalview="0" autodisplaytext="0" isfacilitycondition="0" isjoinfulltextquery="0"/>
<item position= "680" name="define10" caption="define10" reftype="0" refid="" rangeinput="1" commonlogic="eq" multselect="0"  fieldname="define10" iscommon="0" allowupdatecomparelogic="1"   commoncaption="define10" mustinput="0"  descvalue=""  orlogic="0" projectno="U8CUSTDEF" pointbit="-1" showstyle="0"  ispara="0" fieldclass="" displayinportalview="0" autodisplaytext="0" isfacilitycondition="0" isjoinfulltextquery="0"/>
<item position= "690" name="define11" caption="define11" reftype="0" refid="" rangeinput="1" commonlogic="eq" multselect="0"  fieldname="define11" iscommon="0" allowupdatecomparelogic="1"   commoncaption="define11" mustinput="0"  descvalue=""  orlogic="0" projectno="U8CUSTDEF" pointbit="-1" showstyle="0"  ispara="0" fieldclass="" displayinportalview="0" autodisplaytext="0" isfacilitycondition="0" isjoinfulltextquery="0"/>
<item position= "700" name="define12" caption="define12" reftype="0" refid="" rangeinput="1" commonlogic="eq" multselect="0"  fieldname="define12" iscommon="0" allowupdatecomparelogic="1"   commoncaption="define12" mustinput="0"  descvalue=""  orlogic="0" projectno="U8CUSTDEF" pointbit="-1" showstyle="0"  ispara="0" fieldclass="" displayinportalview="0" autodisplaytext="0" isfacilitycondition="0" isjoinfulltextquery="0"/>
<item position= "710" name="define13" caption="define13" reftype="0" refid="" rangeinput="1" commonlogic="eq" multselect="0"  fieldname="define13" iscommon="0" allowupdatecomparelogic="1"   commoncaption="define13" mustinput="0"  descvalue=""  orlogic="0" projectno="U8CUSTDEF" pointbit="-1" showstyle="0"  ispara="0" fieldclass="" displayinportalview="0" autodisplaytext="0" isfacilitycondition="0" isjoinfulltextquery="0"/>
<item position= "720" name="define14" caption="define14" reftype="0" refid="" rangeinput="1" commonlogic="eq" multselect="0"  fieldname="define14" iscommon="0" allowupdatecomparelogic="1"   commoncaption="define14" mustinput="0"  descvalue=""  orlogic="0" projectno="U8CUSTDEF" pointbit="-1" showstyle="0"  ispara="0" fieldclass="" displayinportalview="0" autodisplaytext="0" isfacilitycondition="0" isjoinfulltextquery="0"/>
<item position= "730" name="define15" caption="define15" reftype="3" refid="" rangeinput="1" commonlogic="eq" multselect="0"  fieldname="define15"  iscommon="0" allowupdatecomparelogic="1"  commoncaption="define15" mustinput="0" defaultvalue="" descvalue="[####]"  orlogic="0" projectno="U8CUSTDEF" pointbit="-1" showstyle="0"  ispara="0" fieldclass="" displayinportalview="0" autodisplaytext="0" isfacilitycondition="0" isjoinfulltextquery="0"/>
<item position= "740" name="define16" caption="define16" reftype="3" refid="" rangeinput="1" commonlogic="eq" multselect="0"  fieldname="define16"  iscommon="0" allowupdatecomparelogic="1"  commoncaption="define16" mustinput="0" defaultvalue="" descvalue="[####]"  orlogic="0" projectno="U8CUSTDEF" pointbit="-1" showstyle="0"  ispara="0" fieldclass="" displayinportalview="0" autodisplaytext="0" isfacilitycondition="0" isjoinfulltextquery="0"/>
<item position= "750" name="define2" caption="define2" reftype="0" refid="" rangeinput="1" commonlogic="eq" multselect="0"  fieldname="define2" iscommon="0" allowupdatecomparelogic="1"   commoncaption="define2" mustinput="0"  descvalue=""  orlogic="0" projectno="U8CUSTDEF" pointbit="-1" showstyle="0"  ispara="0" fieldclass="" displayinportalview="0" autodisplaytext="0" isfacilitycondition="0" isjoinfulltextquery="0"/>
<item position= "760" name="define22" caption="define22" reftype="0" refid="" rangeinput="1" commonlogic="eq" multselect="0"  fieldname="define22" iscommon="0" allowupdatecomparelogic="1"   commoncaption="define22" mustinput="0"  descvalue=""  orlogic="0" projectno="U8CUSTDEF" pointbit="-1" showstyle="0"  ispara="0" fieldclass="" displayinportalview="0" autodisplaytext="0" isfacilitycondition="0" isjoinfulltextquery="0"/>
<item position= "770" name="define23" caption="define23" reftype="0" refid="" rangeinput="1" commonlogic="eq" multselect="0"  fieldname="define23" iscommon="0" allowupdatecomparelogic="1"   commoncaption="define23" mustinput="0"  descvalue=""  orlogic="0" projectno="U8CUSTDEF" pointbit="-1" showstyle="0"  ispara="0" fieldclass="" displayinportalview="0" autodisplaytext="0" isfacilitycondition="0" isjoinfulltextquery="0"/>
<item position= "780" name="define24" caption="define24" reftype="0" refid="" rangeinput="1" commonlogic="eq" multselect="0"  fieldname="define24" iscommon="0" allowupdatecomparelogic="1"   commoncaption="define24" mustinput="0"  descvalue=""  orlogic="0" projectno="U8CUSTDEF" pointbit="-1" showstyle="0"  ispara="0" fieldclass="" displayinportalview="0" autodisplaytext="0" isfacilitycondition="0" isjoinfulltextquery="0"/>
<item position= "790" name="define25" caption="define25" reftype="2" refid="" rangeinput="1" commonlogic="eq" multselect="0"  fieldname="define25" returnfield="sys__ReturnFieldName" iscommon="0" allowupdatecomparelogic="1"   commoncaption="define25" mustinput="0" defaultvalue="" descvalue="" groupnum="" orlogic="0" projectno="U8CUSTDEF" pointbit="-1" showstyle="0" format="" ispara="0" fieldclass="" displayinportalview="0" autodisplaytext="0" isfacilitycondition="0" isjoinfulltextquery="0"/>
<item position= "800" name="define26" caption="define26" reftype="3" refid="" rangeinput="1" commonlogic="eq" multselect="0"  fieldname="define26"  iscommon="0" allowupdatecomparelogic="1"  commoncaption="define26" mustinput="0" defaultvalue="" descvalue="[####]"  orlogic="0" projectno="U8CUSTDEF" pointbit="-1" showstyle="0"  ispara="0" fieldclass="" displayinportalview="0" autodisplaytext="0" isfacilitycondition="0" isjoinfulltextquery="0"/>
<item position= "810" name="define27" caption="define27" reftype="2" refid="" rangeinput="1" commonlogic="eq" multselect="0"  fieldname="define27" returnfield="sys__ReturnFieldName" iscommon="0" allowupdatecomparelogic="1"   commoncaption="define27" mustinput="0" defaultvalue="" descvalue="" groupnum="" orlogic="0" projectno="U8CUSTDEF" pointbit="-1" showstyle="0" format="" ispara="0" fieldclass="" displayinportalview="0" autodisplaytext="0" isfacilitycondition="0" isjoinfulltextquery="0"/>
<item position= "820" name="define28" caption="define28" reftype="3" refid="" rangeinput="1" commonlogic="eq" multselect="0"  fieldname="define28"  iscommon="0" allowupdatecomparelogic="1"  commoncaption="define28" mustinput="0" defaultvalue="" descvalue="[####]"  orlogic="0" projectno="U8CUSTDEF" pointbit="-1" showstyle="0"  ispara="0" fieldclass="" displayinportalview="0" autodisplaytext="0" isfacilitycondition="0" isjoinfulltextquery="0"/>
<item position= "830" name="define29" caption="define29" reftype="0" refid="" rangeinput="1" commonlogic="eq" multselect="0"  fieldname="define29" iscommon="0" allowupdatecomparelogic="1"   commoncaption="define29" mustinput="0"  descvalue=""  orlogic="0" projectno="U8CUSTDEF" pointbit="-1" showstyle="0"  ispara="0" fieldclass="" displayinportalview="0" autodisplaytext="0" isfacilitycondition="0" isjoinfulltextquery="0"/>
<item position= "840" name="define3" caption="define3" reftype="0" refid="" rangeinput="1" commonlogic="eq" multselect="0"  fieldname="define3" iscommon="0" allowupdatecomparelogic="1"   commoncaption="define3" mustinput="0"  descvalue=""  orlogic="0" projectno="U8CUSTDEF" pointbit="-1" showstyle="0"  ispara="0" fieldclass="" displayinportalview="0" autodisplaytext="0" isfacilitycondition="0" isjoinfulltextquery="0"/>
<item position= "850" name="define30" caption="define30" reftype="0" refid="" rangeinput="1" commonlogic="eq" multselect="0"  fieldname="define30" iscommon="0" allowupdatecomparelogic="1"   commoncaption="define30" mustinput="0"  descvalue=""  orlogic="0" projectno="U8CUSTDEF" pointbit="-1" showstyle="0"  ispara="0" fieldclass="" displayinportalview="0" autodisplaytext="0" isfacilitycondition="0" isjoinfulltextquery="0"/>
<item position= "860" name="define31" caption="项目清单号" reftype="0" refid="" rangeinput="1" commonlogic="eq" multselect="0"  fieldname="define31" iscommon="0" allowupdatecomparelogic="1"   commoncaption="项目清单号" mustinput="0"  descvalue=""  orlogic="0" projectno="U8CUSTDEF" pointbit="-1" showstyle="0"  ispara="0" fieldclass="" displayinportalview="0" autodisplaytext="0" isfacilitycondition="0" isjoinfulltextquery="0"/>
<item position= "870" name="define32" caption="采购计划单号" reftype="0" refid="" rangeinput="1" commonlogic="eq" multselect="0"  fieldname="define32" iscommon="0" allowupdatecomparelogic="1"   commoncaption="采购计划单号" mustinput="0"  descvalue=""  orlogic="0" projectno="U8CUSTDEF" pointbit="-1" showstyle="0"  ispara="0" fieldclass="" displayinportalview="0" autodisplaytext="0" isfacilitycondition="0" isjoinfulltextquery="0"/>
<item position= "880" name="define33" caption="define33" reftype="0" refid="" rangeinput="1" commonlogic="eq" multselect="0"  fieldname="define33" iscommon="0" allowupdatecomparelogic="1"   commoncaption="define33" mustinput="0"  descvalue=""  orlogic="0" projectno="U8CUSTDEF" pointbit="-1" showstyle="0"  ispara="0" fieldclass="" displayinportalview="0" autodisplaytext="0" isfacilitycondition="0" isjoinfulltextquery="0"/>
<item position= "890" name="define34" caption="define34" reftype="0" refid="" rangeinput="1" commonlogic="eq" multselect="0"  fieldname="define34" iscommon="0" allowupdatecomparelogic="1"   commoncaption="define34" mustinput="0"  descvalue=""  orlogic="0" projectno="U8CUSTDEF" pointbit="-1" showstyle="0"  ispara="0" fieldclass="" displayinportalview="0" autodisplaytext="0" isfacilitycondition="0" isjoinfulltextquery="0"/>
<item position= "900" name="define35" caption="define35" reftype="0" refid="" rangeinput="1" commonlogic="eq" multselect="0"  fieldname="define35" iscommon="0" allowupdatecomparelogic="1"   commoncaption="define35" mustinput="0"  descvalue=""  orlogic="0" projectno="U8CUSTDEF" pointbit="-1" showstyle="0"  ispara="0" fieldclass="" displayinportalview="0" autodisplaytext="0" isfacilitycondition="0" isjoinfulltextquery="0"/>
<item position= "910" name="define36" caption="define36" reftype="3" refid="" rangeinput="1" commonlogic="eq" multselect="0"  fieldname="define36"  iscommon="0" allowupdatecomparelogic="1"  commoncaption="define36" mustinput="0" defaultvalue="" descvalue="[####]"  orlogic="0" projectno="U8CUSTDEF" pointbit="-1" showstyle="0"  ispara="0" fieldclass="" displayinportalview="0" autodisplaytext="0" isfacilitycondition="0" isjoinfulltextquery="0"/>
<item position= "920" name="define37" caption="define37" reftype="3" refid="" rangeinput="1" commonlogic="eq" multselect="0"  fieldname="define37"  iscommon="0" allowupdatecomparelogic="1"  commoncaption="define37" mustinput="0" defaultvalue="" descvalue="[####]"  orlogic="0" projectno="U8CUSTDEF" pointbit="-1" showstyle="0"  ispara="0" fieldclass="" displayinportalview="0" autodisplaytext="0" isfacilitycondition="0" isjoinfulltextquery="0"/>
<item position= "930" name="define4" caption="define4" reftype="2" refid="" rangeinput="1" commonlogic="eq" multselect="0"  fieldname="define4" returnfield="sys__ReturnFieldName" iscommon="0" allowupdatecomparelogic="1"   commoncaption="define4" mustinput="0" defaultvalue="" descvalue="" groupnum="" orlogic="0" projectno="U8CUSTDEF" pointbit="-1" showstyle="0" format="" ispara="0" fieldclass="" displayinportalview="0" autodisplaytext="0" isfacilitycondition="0" isjoinfulltextquery="0"/>
<item position= "940" name="define5" caption="define5" reftype="3" refid="" rangeinput="1" commonlogic="eq" multselect="0"  fieldname="define5"  iscommon="0" allowupdatecomparelogic="1"  commoncaption="define5" mustinput="0" defaultvalue="" descvalue="[####]"  orlogic="0" projectno="U8CUSTDEF" pointbit="-1" showstyle="0"  ispara="0" fieldclass="" displayinportalview="0" autodisplaytext="0" isfacilitycondition="0" isjoinfulltextquery="0"/>
<item position= "950" name="define6" caption="define6" reftype="2" refid="" rangeinput="1" commonlogic="eq" multselect="0"  fieldname="define6" returnfield="sys__ReturnFieldName" iscommon="0" allowupdatecomparelogic="1"   commoncaption="define6" mustinput="0" defaultvalue="" descvalue="" groupnum="" orlogic="0" projectno="U8CUSTDEF" pointbit="-1" showstyle="0" format="" ispara="0" fieldclass="" displayinportalview="0" autodisplaytext="0" isfacilitycondition="0" isjoinfulltextquery="0"/>
<item position= "960" name="define7" caption="define7" reftype="3" refid="" rangeinput="1" commonlogic="eq" multselect="0"  fieldname="define7"  iscommon="0" allowupdatecomparelogic="1"  commoncaption="define7" mustinput="0" defaultvalue="" descvalue="[####]"  orlogic="0" projectno="U8CUSTDEF" pointbit="-1" showstyle="0"  ispara="0" fieldclass="" displayinportalview="0" autodisplaytext="0" isfacilitycondition="0" isjoinfulltextquery="0"/>
<item position= "970" name="define8" caption="define8" reftype="0" refid="" rangeinput="1" commonlogic="eq" multselect="0"  fieldname="define8" iscommon="0" allowupdatecomparelogic="1"   commoncaption="define8" mustinput="0"  descvalue=""  orlogic="0" projectno="U8CUSTDEF" pointbit="-1" showstyle="0"  ispara="0" fieldclass="" displayinportalview="0" autodisplaytext="0" isfacilitycondition="0" isjoinfulltextquery="0"/>
<item position= "980" name="define9" caption="define9" reftype="0" refid="" rangeinput="1" commonlogic="eq" multselect="0"  fieldname="define9" iscommon="0" allowupdatecomparelogic="1"   commoncaption="define9" mustinput="0"  descvalue=""  orlogic="0" projectno="U8CUSTDEF" pointbit="-1" showstyle="0"  ispara="0" fieldclass="" displayinportalview="0" autodisplaytext="0" isfacilitycondition="0" isjoinfulltextquery="0"/>
<item position= "990" name="dmoddate" caption="修改日期" reftype="1" refid="" rangeinput="1" commonlogic="eq" multselect="0"  fieldname="dmoddate" returnfield="sys__ReturnFieldCode" iscommon="1" allowupdatecomparelogic="1"  commoncaption="修改日期" mustinput="0" defaultvalue="" descvalue="[####]" groupnum="" orlogic="0" projectno="U8CUSTDEF" pointbit="-1" showstyle="0" format="" ispara="0" fieldclass="" displayinportalview="0" autodisplaytext="0" isfacilitycondition="0" isjoinfulltextquery="0"/>
<item position= "1000" name="dmodifysystime" caption="修改时间" reftype="1" refid="" rangeinput="1" commonlogic="eq" multselect="0"  fieldname="dmodifysystime" returnfield="sys__ReturnFieldCode" iscommon="1" allowupdatecomparelogic="1"  commoncaption="修改时间" mustinput="0" defaultvalue="" descvalue="[####]" groupnum="" orlogic="0" projectno="U8CUSTDEF" pointbit="-1" showstyle="0" format="" ispara="0" fieldclass="" displayinportalview="0" autodisplaytext="0" isfacilitycondition="0" isjoinfulltextquery="0"/>
<item position= "1010" name="dnverifytime" caption="审核时间" reftype="1" refid="" rangeinput="1" commonlogic="eq" multselect="0"  fieldname="dnverifytime" returnfield="sys__ReturnFieldCode" iscommon="1" allowupdatecomparelogic="1"  commoncaption="审核时间" mustinput="0" defaultvalue="" descvalue="[####]" groupnum="" orlogic="0" projectno="U8CUSTDEF" pointbit="-1" showstyle="0" format="" ispara="0" fieldclass="" displayinportalview="0" autodisplaytext="0" isfacilitycondition="0" isjoinfulltextquery="0"/>
<item position= "1020" name="dverifydate" caption="审核日期" reftype="2" refid="" rangeinput="1" commonlogic="eq" multselect="0"  fieldname="dverifydate" iscommon="1" allowupdatecomparelogic="1"   commoncaption="审核日期" mustinput="0"  descvalue=""  orlogic="0" projectno="U8CUSTDEF" pointbit="-1" showstyle="0"  ispara="0" fieldclass="" displayinportalview="0" autodisplaytext="0" isfacilitycondition="0" isjoinfulltextquery="0"/>
<item position= "1030" name="iinqty" caption="预计入库" reftype="1" refid="" rangeinput="1" commonlogic="eq" multselect="0"  fieldname="iinqty" returnfield="sys__ReturnFieldCode" iscommon="1" allowupdatecomparelogic="1"  commoncaption="预计入库" mustinput="0" defaultvalue="" descvalue="[####]" groupnum="" orlogic="0" projectno="U8CUSTDEF" pointbit="-1" showstyle="0" format="" ispara="0" fieldclass="" displayinportalview="0" autodisplaytext="0" isfacilitycondition="0" isjoinfulltextquery="0"/>
<item position= "1040" name="iinvexchrate" caption="换算率" reftype="1" refid="" rangeinput="1" commonlogic="eq" multselect="0"  fieldname="iinvexchrate" returnfield="sys__ReturnFieldCode" iscommon="0" allowupdatecomparelogic="1"  commoncaption="换算率" mustinput="0" defaultvalue="" descvalue="[####]" groupnum="" orlogic="0" projectno="U8CUSTDEF" pointbit="-1" showstyle="0" format="" ispara="0" fieldclass="" displayinportalview="0" autodisplaytext="0" isfacilitycondition="0" isjoinfulltextquery="0"/>
<item position= "1050" name="ijhqty" caption="采购计划量" reftype="1" refid="" rangeinput="1" commonlogic="eq" multselect="0"  fieldname="ijhqty" returnfield="sys__ReturnFieldCode" iscommon="1" allowupdatecomparelogic="1"  commoncaption="采购计划量" mustinput="0" defaultvalue="" descvalue="[####]" groupnum="" orlogic="0" projectno="U8CUSTDEF" pointbit="-1" showstyle="0" format="" ispara="0" fieldclass="" displayinportalview="0" autodisplaytext="0" isfacilitycondition="0" isjoinfulltextquery="0"/>
<item position= "1060" name="ijyqty" caption="建议采购量" reftype="1" refid="" rangeinput="1" commonlogic="eq" multselect="0"  fieldname="ijyqty" returnfield="sys__ReturnFieldCode" iscommon="1" allowupdatecomparelogic="1"  commoncaption="建议采购量" mustinput="0" defaultvalue="" descvalue="[####]" groupnum="" orlogic="0" projectno="U8CUSTDEF" pointbit="-1" showstyle="0" format="" ispara="0" fieldclass="" displayinportalview="0" autodisplaytext="0" isfacilitycondition="0" isjoinfulltextquery="0"/>
<item position= "1070" name="ikyl" caption="可用量" reftype="1" refid="" rangeinput="1" commonlogic="eq" multselect="0"  fieldname="ikyl" returnfield="sys__ReturnFieldCode" iscommon="1" allowupdatecomparelogic="1"  commoncaption="可用量" mustinput="0" defaultvalue="" descvalue="[####]" groupnum="" orlogic="0" projectno="U8CUSTDEF" pointbit="-1" showstyle="0" format="" ispara="0" fieldclass="" displayinportalview="0" autodisplaytext="0" isfacilitycondition="0" isjoinfulltextquery="0"/>
<item position= "1080" name="iminqty" caption="采购经济批量" reftype="1" refid="" rangeinput="1" commonlogic="eq" multselect="0"  fieldname="iminqty" returnfield="sys__ReturnFieldCode" iscommon="1" allowupdatecomparelogic="1"  commoncaption="采购经济批量" mustinput="0" defaultvalue="" descvalue="[####]" groupnum="" orlogic="0" projectno="U8CUSTDEF" pointbit="-1" showstyle="0" format="" ispara="0" fieldclass="" displayinportalview="0" autodisplaytext="0" isfacilitycondition="0" isjoinfulltextquery="0"/>
<item position= "1090" name="imrpqty" caption="需求计划量" reftype="1" refid="" rangeinput="1" commonlogic="eq" multselect="0"  fieldname="imrpqty" returnfield="sys__ReturnFieldCode" iscommon="1" allowupdatecomparelogic="1"  commoncaption="需求计划量" mustinput="0" defaultvalue="" descvalue="[####]" groupnum="" orlogic="0" projectno="U8CUSTDEF" pointbit="-1" showstyle="0" format="" ispara="0" fieldclass="" displayinportalview="0" autodisplaytext="0" isfacilitycondition="0" isjoinfulltextquery="0"/>
<item position= "1100" name="imrpqtyl" caption="累计需求计划量" reftype="1" refid="" rangeinput="1" commonlogic="eq" multselect="0"  fieldname="imrpqtyl" returnfield="sys__ReturnFieldCode" iscommon="1" allowupdatecomparelogic="1"  commoncaption="累计需求计划量" mustinput="0" defaultvalue="" descvalue="[####]" groupnum="" orlogic="0" projectno="U8CUSTDEF" pointbit="-1" showstyle="0" format="" ispara="0" fieldclass="" displayinportalview="0" autodisplaytext="0" isfacilitycondition="0" isjoinfulltextquery="0"/>
<item position= "1110" name="ioutqty" caption="预计出库量" reftype="1" refid="" rangeinput="1" commonlogic="eq" multselect="0"  fieldname="ioutqty" returnfield="sys__ReturnFieldCode" iscommon="1" allowupdatecomparelogic="1"  commoncaption="预计出库量" mustinput="0" defaultvalue="" descvalue="[####]" groupnum="" orlogic="0" projectno="U8CUSTDEF" pointbit="-1" showstyle="0" format="" ispara="0" fieldclass="" displayinportalview="0" autodisplaytext="0" isfacilitycondition="0" isjoinfulltextquery="0"/>
<item position= "1120" name="ipqty" caption="产量" reftype="1" refid="" rangeinput="1" commonlogic="eq" multselect="0"  fieldname="ipqty" returnfield="sys__ReturnFieldCode" iscommon="1" allowupdatecomparelogic="1"  commoncaption="产量" mustinput="0" defaultvalue="" descvalue="[####]" groupnum="" orlogic="0" projectno="U8CUSTDEF" pointbit="-1" showstyle="0" format="" ispara="0" fieldclass="" displayinportalview="0" autodisplaytext="0" isfacilitycondition="0" isjoinfulltextquery="0"/>
<item position= "1130" name="iprintcount" caption="打印次数" reftype="1" refid="" rangeinput="1" commonlogic="eq" multselect="0"  fieldname="iprintcount" returnfield="sys__ReturnFieldCode" iscommon="1" allowupdatecomparelogic="1"  commoncaption="打印次数" mustinput="0" defaultvalue="" descvalue="[####]" groupnum="" orlogic="0" projectno="U8CUSTDEF" pointbit="-1" showstyle="0" format="" ispara="0" fieldclass="" displayinportalview="0" autodisplaytext="0" isfacilitycondition="0" isjoinfulltextquery="0"/>
<item position= "1140" name="iqglqty" caption="累计请购量" reftype="3" refid="" rangeinput="1" commonlogic="eq" multselect="0"  fieldname="iqglqty"  iscommon="1" allowupdatecomparelogic="1"  commoncaption="累计请购量" mustinput="0" defaultvalue="" descvalue="[####]"  orlogic="0" projectno="U8CUSTDEF" pointbit="-1" showstyle="0"  ispara="0" fieldclass="" displayinportalview="0" autodisplaytext="0" isfacilitycondition="0" isjoinfulltextquery="0"/>
<item position= "1150" name="irowno" caption="行号" reftype="1" refid="" rangeinput="1" commonlogic="eq" multselect="0"  fieldname="irowno" returnfield="sys__ReturnFieldCode" iscommon="1" allowupdatecomparelogic="1"  commoncaption="行号" mustinput="0" defaultvalue="" descvalue="[####]" groupnum="" orlogic="0" projectno="U8CUSTDEF" pointbit="-1" showstyle="0" format="" ispara="0" fieldclass="" displayinportalview="0" autodisplaytext="0" isfacilitycondition="0" isjoinfulltextquery="0"/>
<item position= "1160" name="isafenum" caption="安全库存" reftype="1" refid="" rangeinput="1" commonlogic="eq" multselect="0"  fieldname="isafenum" returnfield="sys__ReturnFieldCode" iscommon="1" allowupdatecomparelogic="1"  commoncaption="安全库存" mustinput="0" defaultvalue="" descvalue="[####]" groupnum="" orlogic="0" projectno="U8CUSTDEF" pointbit="-1" showstyle="0" format="" ispara="0" fieldclass="" displayinportalview="0" autodisplaytext="0" isfacilitycondition="0" isjoinfulltextquery="0"/>
<item position= "1170" name="isjqty" caption="实际申请量" reftype="1" refid="" rangeinput="1" commonlogic="eq" multselect="0"  fieldname="isjqty" returnfield="sys__ReturnFieldCode" iscommon="1" allowupdatecomparelogic="1"  commoncaption="实际申请量" mustinput="0" defaultvalue="" descvalue="[####]" groupnum="" orlogic="0" projectno="U8CUSTDEF" pointbit="-1" showstyle="0" format="" ispara="0" fieldclass="" displayinportalview="0" autodisplaytext="0" isfacilitycondition="0" isjoinfulltextquery="0"/>
<item position= "1180" name="istock" caption="现存量" reftype="1" refid="" rangeinput="1" commonlogic="eq" multselect="0"  fieldname="istock" returnfield="sys__ReturnFieldCode" iscommon="1" allowupdatecomparelogic="1"  commoncaption="现存量" mustinput="0" defaultvalue="" descvalue="[####]" groupnum="" orlogic="0" projectno="U8CUSTDEF" pointbit="-1" showstyle="0" format="" ispara="0" fieldclass="" displayinportalview="0" autodisplaytext="0" isfacilitycondition="0" isjoinfulltextquery="0"/>
<item position= "1190" name="iwqgqty" caption="未请购量" reftype="1" refid="" rangeinput="1" commonlogic="eq" multselect="0"  fieldname="iwqgqty" returnfield="sys__ReturnFieldCode" iscommon="1" allowupdatecomparelogic="1"  commoncaption="未请购量" mustinput="0" defaultvalue="" descvalue="[####]" groupnum="" orlogic="0" projectno="U8CUSTDEF" pointbit="-1" showstyle="0" format="" ispara="0" fieldclass="" displayinportalview="0" autodisplaytext="0" isfacilitycondition="0" isjoinfulltextquery="0"/>
<item position= "1200" name="t_ccuscode" caption="客户编码" reftype="1" refid="customer_sa" rangeinput="1" commonlogic="eq" multselect="0"  fieldname="t_ccuscode" returnfield="sys__ReturnFieldCode" iscommon="0" allowupdatecomparelogic="1"  commoncaption="客户编码" mustinput="0" defaultvalue="" descvalue="[####]" groupnum="" orlogic="0" projectno="U8CUSTDEF" pointbit="-1" showstyle="0" format="" ispara="0" fieldclass="" displayinportalview="0" autodisplaytext="0" isfacilitycondition="0" isjoinfulltextquery="0"/>
<item position= "1210" name="t_ccusname" caption="客户名称" reftype="1" refid="customer_sa" rangeinput="1" commonlogic="eq" multselect="0"  fieldname="t_ccusname" returnfield="sys__ReturnFieldCode" iscommon="0" allowupdatecomparelogic="1"  commoncaption="客户名称" mustinput="0" defaultvalue="" descvalue="[####]" groupnum="" orlogic="0" projectno="U8CUSTDEF" pointbit="-1" showstyle="0" format="" ispara="0" fieldclass="" displayinportalview="0" autodisplaytext="0" isfacilitycondition="0" isjoinfulltextquery="0"/>
<item position= "1220" name="t_cdepcode" caption="部门编码" reftype="1" refid="department_aa" rangeinput="1" commonlogic="eq" multselect="0"  fieldname="t_cdepcode" returnfield="sys__ReturnFieldCode" iscommon="0" allowupdatecomparelogic="1"  commoncaption="部门编码" mustinput="0" defaultvalue="" descvalue="[####]" groupnum="" orlogic="0" projectno="U8CUSTDEF" pointbit="-1" showstyle="0" format="" ispara="0" fieldclass="" displayinportalview="0" autodisplaytext="0" isfacilitycondition="0" isjoinfulltextquery="0"/>
<item position= "1230" name="t_cdepname" caption="部门名称" reftype="1" refid="department_aa" rangeinput="1" commonlogic="eq" multselect="0"  fieldname="t_cdepname" returnfield="sys__ReturnFieldCode" iscommon="0" allowupdatecomparelogic="1"  commoncaption="部门名称" mustinput="0" defaultvalue="" descvalue="[####]" groupnum="" orlogic="0" projectno="U8CUSTDEF" pointbit="-1" showstyle="0" format="" ispara="0" fieldclass="" displayinportalview="0" autodisplaytext="0" isfacilitycondition="0" isjoinfulltextquery="0"/>
<item position= "1240" name="t_cfree1" caption="表头存货自由项1" reftype="1" refid="" rangeinput="1" commonlogic="eq" multselect="0"  fieldname="t_cfree1" returnfield="sys__ReturnFieldCode" iscommon="0" allowupdatecomparelogic="1"  commoncaption="表头存货自由项1" mustinput="0" defaultvalue="" descvalue="[####]" groupnum="" orlogic="0" projectno="U8CUSTDEF" pointbit="-1" showstyle="0" format="" ispara="0" fieldclass="" displayinportalview="0" autodisplaytext="0" isfacilitycondition="0" isjoinfulltextquery="0"/>
<item position= "1250" name="t_cfree10" caption="表头存货自由项10" reftype="1" refid="" rangeinput="1" commonlogic="eq" multselect="0"  fieldname="t_cfree10" returnfield="sys__ReturnFieldCode" iscommon="0" allowupdatecomparelogic="1"  commoncaption="表头存货自由项10" mustinput="0" defaultvalue="" descvalue="[####]" groupnum="" orlogic="0" projectno="U8CUSTDEF" pointbit="-1" showstyle="0" format="" ispara="0" fieldclass="" displayinportalview="0" autodisplaytext="0" isfacilitycondition="0" isjoinfulltextquery="0"/>
<item position= "1260" name="t_cfree2" caption="表头存货自由项2" reftype="1" refid="" rangeinput="1" commonlogic="eq" multselect="0"  fieldname="t_cfree2" returnfield="sys__ReturnFieldCode" iscommon="0" allowupdatecomparelogic="1"  commoncaption="表头存货自由项2" mustinput="0" defaultvalue="" descvalue="[####]" groupnum="" orlogic="0" projectno="U8CUSTDEF" pointbit="-1" showstyle="0" format="" ispara="0" fieldclass="" displayinportalview="0" autodisplaytext="0" isfacilitycondition="0" isjoinfulltextquery="0"/>
<item position= "1270" name="t_cfree3" caption="表头存货自由项3" reftype="1" refid="" rangeinput="1" commonlogic="eq" multselect="0"  fieldname="t_cfree3" returnfield="sys__ReturnFieldCode" iscommon="0" allowupdatecomparelogic="1"  commoncaption="表头存货自由项3" mustinput="0" defaultvalue="" descvalue="[####]" groupnum="" orlogic="0" projectno="U8CUSTDEF" pointbit="-1" showstyle="0" format="" ispara="0" fieldclass="" displayinportalview="0" autodisplaytext="0" isfacilitycondition="0" isjoinfulltextquery="0"/>
<item position= "1280" name="t_cfree4" caption="表头存货自由项4" reftype="1" refid="" rangeinput="1" commonlogic="eq" multselect="0"  fieldname="t_cfree4" returnfield="sys__ReturnFieldCode" iscommon="0" allowupdatecomparelogic="1"  commoncaption="表头存货自由项4" mustinput="0" defaultvalue="" descvalue="[####]" groupnum="" orlogic="0" projectno="U8CUSTDEF" pointbit="-1" showstyle="0" format="" ispara="0" fieldclass="" displayinportalview="0" autodisplaytext="0" isfacilitycondition="0" isjoinfulltextquery="0"/>
<item position= "1290" name="t_cfree5" caption="表头存货自由项5" reftype="1" refid="" rangeinput="1" commonlogic="eq" multselect="0"  fieldname="t_cfree5" returnfield="sys__ReturnFieldCode" iscommon="0" allowupdatecomparelogic="1"  commoncaption="表头存货自由项5" mustinput="0" defaultvalue="" descvalue="[####]" groupnum="" orlogic="0" projectno="U8CUSTDEF" pointbit="-1" showstyle="0" format="" ispara="0" fieldclass="" displayinportalview="0" autodisplaytext="0" isfacilitycondition="0" isjoinfulltextquery="0"/>
<item position= "1300" name="t_cfree6" caption="表头存货自由项6" reftype="1" refid="" rangeinput="1" commonlogic="eq" multselect="0"  fieldname="t_cfree6" returnfield="sys__ReturnFieldCode" iscommon="0" allowupdatecomparelogic="1"  commoncaption="表头存货自由项6" mustinput="0" defaultvalue="" descvalue="[####]" groupnum="" orlogic="0" projectno="U8CUSTDEF" pointbit="-1" showstyle="0" format="" ispara="0" fieldclass="" displayinportalview="0" autodisplaytext="0" isfacilitycondition="0" isjoinfulltextquery="0"/>
<item position= "1310" name="t_cfree7" caption="表头存货自由项7" reftype="1" refid="" rangeinput="1" commonlogic="eq" multselect="0"  fieldname="t_cfree7" returnfield="sys__ReturnFieldCode" iscommon="0" allowupdatecomparelogic="1"  commoncaption="表头存货自由项7" mustinput="0" defaultvalue="" descvalue="[####]" groupnum="" orlogic="0" projectno="U8CUSTDEF" pointbit="-1" showstyle="0" format="" ispara="0" fieldclass="" displayinportalview="0" autodisplaytext="0" isfacilitycondition="0" isjoinfulltextquery="0"/>
<item position= "1320" name="t_cfree8" caption="表头存货自由项8" reftype="1" refid="" rangeinput="1" commonlogic="eq" multselect="0"  fieldname="t_cfree8" returnfield="sys__ReturnFieldCode" iscommon="0" allowupdatecomparelogic="1"  commoncaption="表头存货自由项8" mustinput="0" defaultvalue="" descvalue="[####]" groupnum="" orlogic="0" projectno="U8CUSTDEF" pointbit="-1" showstyle="0" format="" ispara="0" fieldclass="" displayinportalview="0" autodisplaytext="0" isfacilitycondition="0" isjoinfulltextquery="0"/>
<item position= "1330" name="t_cfree9" caption="表头存货自由项9" reftype="1" refid="" rangeinput="1" commonlogic="eq" multselect="0"  fieldname="t_cfree9" returnfield="sys__ReturnFieldCode" iscommon="0" allowupdatecomparelogic="1"  commoncaption="表头存货自由项9" mustinput="0" defaultvalue="" descvalue="[####]" groupnum="" orlogic="0" projectno="U8CUSTDEF" pointbit="-1" showstyle="0" format="" ispara="0" fieldclass="" displayinportalview="0" autodisplaytext="0" isfacilitycondition="0" isjoinfulltextquery="0"/>
<item position= "1340" name="t_cinvcode" caption="存货编码" reftype="1" refid="inventory_aa" rangeinput="1" commonlogic="eq" multselect="0"  fieldname="t_cinvcode" returnfield="sys__ReturnFieldCode" iscommon="0" allowupdatecomparelogic="1"  commoncaption="存货编码" mustinput="0" defaultvalue="" descvalue="[####]" groupnum="" orlogic="0" projectno="U8CUSTDEF" pointbit="-1" showstyle="0" format="" ispara="0" fieldclass="" displayinportalview="0" autodisplaytext="0" isfacilitycondition="0" isjoinfulltextquery="0"/>
<item position= "1350" name="t_cinvname" caption="存货名称" reftype="1" refid="inventory_aa" rangeinput="1" commonlogic="eq" multselect="0"  fieldname="t_cinvname" returnfield="sys__ReturnFieldCode" iscommon="0" allowupdatecomparelogic="1"  commoncaption="存货名称" mustinput="0" defaultvalue="" descvalue="[####]" groupnum="" orlogic="0" projectno="U8CUSTDEF" pointbit="-1" showstyle="0" format="" ispara="0" fieldclass="" displayinportalview="0" autodisplaytext="0" isfacilitycondition="0" isjoinfulltextquery="0"/>
<item position= "1360" name="t_cpersoncode" caption="人员编码" reftype="1" refid="person_aa" rangeinput="1" commonlogic="eq" multselect="0"  fieldname="t_cpersoncode" returnfield="sys__ReturnFieldCode" iscommon="0" allowupdatecomparelogic="1"  commoncaption="人员编码" mustinput="0" defaultvalue="" descvalue="[####]" groupnum="" orlogic="0" projectno="U8CUSTDEF" pointbit="-1" showstyle="0" format="" ispara="0" fieldclass="" displayinportalview="0" autodisplaytext="0" isfacilitycondition="0" isjoinfulltextquery="0"/>
<item position= "1370" name="t_cpersonname" caption="人员名称" reftype="1" refid="person_aa" rangeinput="1" commonlogic="eq" multselect="0"  fieldname="t_cpersonname" returnfield="sys__ReturnFieldCode" iscommon="0" allowupdatecomparelogic="1"  commoncaption="人员名称" mustinput="0" defaultvalue="" descvalue="[####]" groupnum="" orlogic="0" projectno="U8CUSTDEF" pointbit="-1" showstyle="0" format="" ispara="0" fieldclass="" displayinportalview="0" autodisplaytext="0" isfacilitycondition="0" isjoinfulltextquery="0"/>
<item position= "1380" name="t_cvencode" caption="供应商编码" reftype="1" refid="vendor_aa" rangeinput="1" commonlogic="eq" multselect="0"  fieldname="t_cvencode" returnfield="sys__ReturnFieldCode" iscommon="0" allowupdatecomparelogic="1"  commoncaption="供应商编码" mustinput="0" defaultvalue="" descvalue="[####]" groupnum="" orlogic="0" projectno="U8CUSTDEF" pointbit="-1" showstyle="0" format="" ispara="0" fieldclass="" displayinportalview="0" autodisplaytext="0" isfacilitycondition="0" isjoinfulltextquery="0"/>
<item position= "1390" name="t_cvenname" caption="供应商名称" reftype="1" refid="vendor_aa" rangeinput="1" commonlogic="eq" multselect="0"  fieldname="t_cvenname" returnfield="sys__ReturnFieldCode" iscommon="0" allowupdatecomparelogic="1"  commoncaption="供应商名称" mustinput="0" defaultvalue="" descvalue="[####]" groupnum="" orlogic="0" projectno="U8CUSTDEF" pointbit="-1" showstyle="0" format="" ispara="0" fieldclass="" displayinportalview="0" autodisplaytext="0" isfacilitycondition="0" isjoinfulltextquery="0"/>
<item position= "1400" name="t_cwhcode" caption="仓库编码" reftype="1" refid="warehouse_aa" rangeinput="1" commonlogic="eq" multselect="0"  fieldname="t_cwhcode" returnfield="sys__ReturnFieldCode" iscommon="0" allowupdatecomparelogic="1"  commoncaption="仓库编码" mustinput="0" defaultvalue="" descvalue="[####]" groupnum="" orlogic="0" projectno="U8CUSTDEF" pointbit="-1" showstyle="0" format="" ispara="0" fieldclass="" displayinportalview="0" autodisplaytext="0" isfacilitycondition="0" isjoinfulltextquery="0"/>
<item position= "1410" name="t_cwhname" caption="仓库名称" reftype="1" refid="warehouse_aa" rangeinput="1" commonlogic="eq" multselect="0"  fieldname="t_cwhname" returnfield="sys__ReturnFieldCode" iscommon="0" allowupdatecomparelogic="1"  commoncaption="仓库名称" mustinput="0" defaultvalue="" descvalue="[####]" groupnum="" orlogic="0" projectno="U8CUSTDEF" pointbit="-1" showstyle="0" format="" ispara="0" fieldclass="" displayinportalview="0" autodisplaytext="0" isfacilitycondition="0" isjoinfulltextquery="0"/>
<item position= "1420" name="VoucherCode" caption="VoucherCode" reftype="0" refid="" rangeinput="1" commonlogic="eq" multselect="0"  fieldname="VoucherCode" iscommon="0" allowupdatecomparelogic="1"   commoncaption="VoucherCode" mustinput="0"  descvalue=""  orlogic="0" projectno="U8CUSTDEF" pointbit="-1" showstyle="0"  ispara="0" fieldclass="" displayinportalview="0" autodisplaytext="0" isfacilitycondition="0" isjoinfulltextquery="0"/>
<item position= "1430" name="VoucherId" caption="VoucherId" reftype="0" refid="" rangeinput="1" commonlogic="eq" multselect="0"  fieldname="VoucherId" iscommon="0" allowupdatecomparelogic="1"   commoncaption="VoucherId" mustinput="0"  descvalue=""  orlogic="0" projectno="U8CUSTDEF" pointbit="-1" showstyle="0"  ispara="0" fieldclass="" displayinportalview="0" autodisplaytext="0" isfacilitycondition="0" isjoinfulltextquery="0"/>
<item position= "1440" name="VoucherType" caption="VoucherType" reftype="0" refid="" rangeinput="1" commonlogic="eq" multselect="0"  fieldname="VoucherType" iscommon="0" allowupdatecomparelogic="1"   commoncaption="VoucherType" mustinput="0"  descvalue=""  orlogic="0" projectno="U8CUSTDEF" pointbit="-1" showstyle="0"  ispara="0" fieldclass="" displayinportalview="0" autodisplaytext="0" isfacilitycondition="0" isjoinfulltextquery="0"/>
</items></filter></root>',N'','采购计划单列表','采购计划单列表',0,null,null)

insert into flt_definemeta_lang ([FilterID],[LocaleID],[XMLExpression],[SubNO],[ProjectNO],[Title])
values('EP0205','zh-cn','<root><items><item name="auxunitcode" caption="辅计量单位编码" columncaption="" /> 
<item name="auxunitname" caption="辅计量单位" columncaption="" /> 
<item name="b_ccomunitname" caption="主计量单位" columncaption="" /> 
<item name="b_ccuscode" caption="客户编码" columncaption="" /> 
<item name="b_ccusname" caption="客户名称" columncaption="" /> 
<item name="b_cdepcode" caption="部门编码" columncaption="" /> 
<item name="b_cdepname" caption="部门名称" columncaption="" /> 
<item name="b_cfree1" caption="表体存货自由项1" columncaption="" /> 
<item name="b_cfree10" caption="表体存货自由项10" columncaption="" /> 
<item name="b_cfree2" caption="表体存货自由项2" columncaption="" /> 
<item name="b_cfree3" caption="表体存货自由项3" columncaption="" /> 
<item name="b_cfree4" caption="表体存货自由项4" columncaption="" /> 
<item name="b_cfree5" caption="表体存货自由项5" columncaption="" /> 
<item name="b_cfree6" caption="表体存货自由项6" columncaption="" /> 
<item name="b_cfree7" caption="表体存货自由项7" columncaption="" /> 
<item name="b_cfree8" caption="表体存货自由项8" columncaption="" /> 
<item name="b_cfree9" caption="表体存货自由项9" columncaption="" /> 
<item name="b_cinvcode" caption="存货编码" columncaption="" /> 
<item name="b_cinvname" caption="存货名称" columncaption="" /> 
<item name="b_cinvstd" caption="规格" columncaption="" /> 
<item name="b_cpersoncode" caption="采购员编码" columncaption="" /> 
<item name="b_cpersonname" caption="采购员" columncaption="" /> 
<item name="b_cvencode" caption="供应商编码" columncaption="" /> 
<item name="b_cvenname" caption="供应商名称" columncaption="" /> 
<item name="b_cwhcode" caption="仓库编码" columncaption="" /> 
<item name="b_cwhname" caption="仓库名称" columncaption="" /> 
<item name="cbclosedate" caption="关闭日期" columncaption="" /> 
<item name="cbcloser" caption="关闭人" columncaption="" /> 
<item name="cbmemo" caption="表体备注" columncaption="" /> 
<item name="ccloser" caption="关闭人" columncaption="" /> 
<item name="ccode" caption="单据编号" columncaption="" /> 
<item name="ccusname" caption="客户" columncaption="" /> 
<item name="cInvDefine1" caption="存货自定义项1" columncaption="" /> 
<item name="cInvDefine10" caption="存货自定义项10" columncaption="" /> 
<item name="cInvDefine11" caption="存货自定义项11" columncaption="" /> 
<item name="cInvDefine12" caption="存货自定义项12" columncaption="" /> 
<item name="cInvDefine13" caption="存货自定义项13" columncaption="" /> 
<item name="cInvDefine14" caption="存货自定义项14" columncaption="" /> 
<item name="cInvDefine15" caption="存货自定义项15" columncaption="" /> 
<item name="cInvDefine16" caption="存货自定义项16" columncaption="" /> 
<item name="cInvDefine2" caption="存货自定义项2" columncaption="" /> 
<item name="cInvDefine3" caption="存货自定义项3" columncaption="" /> 
<item name="cInvDefine4" caption="存货自定义项4" columncaption="" /> 
<item name="cInvDefine5" caption="存货自定义项5" columncaption="" /> 
<item name="cInvDefine6" caption="存货自定义项6" columncaption="" /> 
<item name="cInvDefine7" caption="存货自定义项7" columncaption="" /> 
<item name="cInvDefine8" caption="存货自定义项8" columncaption="" /> 
<item name="cInvDefine9" caption="存货自定义项9" columncaption="" /> 
<item name="citem_class" caption="项目大类编码" columncaption="" /> 
<item name="citem_cname" caption="项目大类" columncaption="" /> 
<item name="citemcode" caption="项目编码" columncaption="" /> 
<item name="citemgg" caption="产品规格" columncaption="" /> 
<item name="citemname" caption="项目" columncaption="" /> 
<item name="citemth" caption="产品图号" columncaption="" /> 
<item name="cmaker" caption="制单人" columncaption="" /> 
<item name="cmakerddate" caption="制单日期" columncaption="" /> 
<item name="cmemo" caption="备注" columncaption="" /> 
<item name="cmodifer" caption="变更人" columncaption="" /> 
<item name="cmodiferDate" caption="变更日期" columncaption="" /> 
<item name="cmodifier" caption="修改人" columncaption="" /> 
<item name="coutsourced" caption="外协外购" columncaption="" /> 
<item name="cpmrpautoid" caption="cpmrpautoid" columncaption="" /> 
<item name="cpmrpcode" caption="项目清单号" columncaption="" /> 
<item name="cverifier" caption="审核人" columncaption="" /> 
<item name="dcloserdate" caption="关闭日期" columncaption="" /> 
<item name="ddate" caption="单据日期" columncaption="" /> 
<item name="define1" caption="define1" columncaption="" /> 
<item name="define10" caption="define10" columncaption="" /> 
<item name="define11" caption="define11" columncaption="" /> 
<item name="define12" caption="define12" columncaption="" /> 
<item name="define13" caption="define13" columncaption="" /> 
<item name="define14" caption="define14" columncaption="" /> 
<item name="define15" caption="define15" columncaption="" /> 
<item name="define16" caption="define16" columncaption="" /> 
<item name="define2" caption="define2" columncaption="" /> 
<item name="define22" caption="define22" columncaption="" /> 
<item name="define23" caption="define23" columncaption="" /> 
<item name="define24" caption="define24" columncaption="" /> 
<item name="define25" caption="define25" columncaption="" /> 
<item name="define26" caption="define26" columncaption="" /> 
<item name="define27" caption="define27" columncaption="" /> 
<item name="define28" caption="define28" columncaption="" /> 
<item name="define29" caption="define29" columncaption="" /> 
<item name="define3" caption="define3" columncaption="" /> 
<item name="define30" caption="define30" columncaption="" /> 
<item name="define31" caption="项目清单号" columncaption="" /> 
<item name="define32" caption="采购计划单号" columncaption="" /> 
<item name="define33" caption="define33" columncaption="" /> 
<item name="define34" caption="define34" columncaption="" /> 
<item name="define35" caption="define35" columncaption="" /> 
<item name="define36" caption="define36" columncaption="" /> 
<item name="define37" caption="define37" columncaption="" /> 
<item name="define4" caption="define4" columncaption="" /> 
<item name="define5" caption="define5" columncaption="" /> 
<item name="define6" caption="define6" columncaption="" /> 
<item name="define7" caption="define7" columncaption="" /> 
<item name="define8" caption="define8" columncaption="" /> 
<item name="define9" caption="define9" columncaption="" /> 
<item name="dmoddate" caption="修改日期" columncaption="" /> 
<item name="dmodifysystime" caption="修改时间" columncaption="" /> 
<item name="dnverifytime" caption="审核时间" columncaption="" /> 
<item name="dverifydate" caption="审核日期" columncaption="" /> 
<item name="iinqty" caption="预计入库" columncaption="" /> 
<item name="iinvexchrate" caption="换算率" columncaption="" /> 
<item name="ijhqty" caption="采购计划量" columncaption="" /> 
<item name="ijyqty" caption="建议采购量" columncaption="" /> 
<item name="ikyl" caption="可用量" columncaption="" /> 
<item name="iminqty" caption="采购经济批量" columncaption="" /> 
<item name="imrpqty" caption="需求计划量" columncaption="" /> 
<item name="imrpqtyl" caption="累计需求计划量" columncaption="" /> 
<item name="ioutqty" caption="预计出库量" columncaption="" /> 
<item name="ipqty" caption="产量" columncaption="" /> 
<item name="iprintcount" caption="打印次数" columncaption="" /> 
<item name="iqglqty" caption="累计请购量" columncaption="" /> 
<item name="irowno" caption="行号" columncaption="" /> 
<item name="isafenum" caption="安全库存" columncaption="" /> 
<item name="isjqty" caption="实际申请量" columncaption="" /> 
<item name="istock" caption="现存量" columncaption="" /> 
<item name="iwqgqty" caption="未请购量" columncaption="" /> 
<item name="t_ccuscode" caption="客户编码" columncaption="" /> 
<item name="t_ccusname" caption="客户名称" columncaption="" /> 
<item name="t_cdepcode" caption="部门编码" columncaption="" /> 
<item name="t_cdepname" caption="部门名称" columncaption="" /> 
<item name="t_cfree1" caption="表头存货自由项1" columncaption="" /> 
<item name="t_cfree10" caption="表头存货自由项10" columncaption="" /> 
<item name="t_cfree2" caption="表头存货自由项2" columncaption="" /> 
<item name="t_cfree3" caption="表头存货自由项3" columncaption="" /> 
<item name="t_cfree4" caption="表头存货自由项4" columncaption="" /> 
<item name="t_cfree5" caption="表头存货自由项5" columncaption="" /> 
<item name="t_cfree6" caption="表头存货自由项6" columncaption="" /> 
<item name="t_cfree7" caption="表头存货自由项7" columncaption="" /> 
<item name="t_cfree8" caption="表头存货自由项8" columncaption="" /> 
<item name="t_cfree9" caption="表头存货自由项9" columncaption="" /> 
<item name="t_cinvcode" caption="存货编码" columncaption="" /> 
<item name="t_cinvname" caption="存货名称" columncaption="" /> 
<item name="t_cpersoncode" caption="人员编码" columncaption="" /> 
<item name="t_cpersonname" caption="人员名称" columncaption="" /> 
<item name="t_cvencode" caption="供应商编码" columncaption="" /> 
<item name="t_cvenname" caption="供应商名称" columncaption="" /> 
<item name="t_cwhcode" caption="仓库编码" columncaption="" /> 
<item name="t_cwhname" caption="仓库名称" columncaption="" /> 
<item name="VoucherCode" caption="VoucherCode" columncaption="" /> 
<item name="VoucherId" caption="VoucherId" columncaption="" /> 
<item name="VoucherType" caption="VoucherType" columncaption="" /> 
</items> </root>','EF','U8CUSTDEF','采购计划单列表')

insert into flt_definemeta_lang ([FilterID],[LocaleID],[XMLExpression],[SubNO],[ProjectNO],[Title])
values('EP0205','en-us','<root><items><item name="auxunitcode" caption="辅计量单位编码" columncaption="" /> 
<item name="auxunitname" caption="辅计量单位" columncaption="" /> 
<item name="b_ccomunitname" caption="主计量单位" columncaption="" /> 
<item name="b_ccuscode" caption="客户编码" columncaption="" /> 
<item name="b_ccusname" caption="客户名称" columncaption="" /> 
<item name="b_cdepcode" caption="部门编码" columncaption="" /> 
<item name="b_cdepname" caption="部门名称" columncaption="" /> 
<item name="b_cfree1" caption="表体存货自由项1" columncaption="" /> 
<item name="b_cfree10" caption="表体存货自由项10" columncaption="" /> 
<item name="b_cfree2" caption="表体存货自由项2" columncaption="" /> 
<item name="b_cfree3" caption="表体存货自由项3" columncaption="" /> 
<item name="b_cfree4" caption="表体存货自由项4" columncaption="" /> 
<item name="b_cfree5" caption="表体存货自由项5" columncaption="" /> 
<item name="b_cfree6" caption="表体存货自由项6" columncaption="" /> 
<item name="b_cfree7" caption="表体存货自由项7" columncaption="" /> 
<item name="b_cfree8" caption="表体存货自由项8" columncaption="" /> 
<item name="b_cfree9" caption="表体存货自由项9" columncaption="" /> 
<item name="b_cinvcode" caption="存货编码" columncaption="" /> 
<item name="b_cinvname" caption="存货名称" columncaption="" /> 
<item name="b_cinvstd" caption="规格" columncaption="" /> 
<item name="b_cpersoncode" caption="采购员编码" columncaption="" /> 
<item name="b_cpersonname" caption="采购员" columncaption="" /> 
<item name="b_cvencode" caption="供应商编码" columncaption="" /> 
<item name="b_cvenname" caption="供应商名称" columncaption="" /> 
<item name="b_cwhcode" caption="仓库编码" columncaption="" /> 
<item name="b_cwhname" caption="仓库名称" columncaption="" /> 
<item name="cbclosedate" caption="关闭日期" columncaption="" /> 
<item name="cbcloser" caption="关闭人" columncaption="" /> 
<item name="cbmemo" caption="表体备注" columncaption="" /> 
<item name="ccloser" caption="关闭人" columncaption="" /> 
<item name="ccode" caption="单据编号" columncaption="" /> 
<item name="ccusname" caption="客户" columncaption="" /> 
<item name="cInvDefine1" caption="存货自定义项1" columncaption="" /> 
<item name="cInvDefine10" caption="存货自定义项10" columncaption="" /> 
<item name="cInvDefine11" caption="存货自定义项11" columncaption="" /> 
<item name="cInvDefine12" caption="存货自定义项12" columncaption="" /> 
<item name="cInvDefine13" caption="存货自定义项13" columncaption="" /> 
<item name="cInvDefine14" caption="存货自定义项14" columncaption="" /> 
<item name="cInvDefine15" caption="存货自定义项15" columncaption="" /> 
<item name="cInvDefine16" caption="存货自定义项16" columncaption="" /> 
<item name="cInvDefine2" caption="存货自定义项2" columncaption="" /> 
<item name="cInvDefine3" caption="存货自定义项3" columncaption="" /> 
<item name="cInvDefine4" caption="存货自定义项4" columncaption="" /> 
<item name="cInvDefine5" caption="存货自定义项5" columncaption="" /> 
<item name="cInvDefine6" caption="存货自定义项6" columncaption="" /> 
<item name="cInvDefine7" caption="存货自定义项7" columncaption="" /> 
<item name="cInvDefine8" caption="存货自定义项8" columncaption="" /> 
<item name="cInvDefine9" caption="存货自定义项9" columncaption="" /> 
<item name="citem_class" caption="项目大类编码" columncaption="" /> 
<item name="citem_cname" caption="项目大类" columncaption="" /> 
<item name="citemcode" caption="项目编码" columncaption="" /> 
<item name="citemgg" caption="产品规格" columncaption="" /> 
<item name="citemname" caption="项目" columncaption="" /> 
<item name="citemth" caption="产品图号" columncaption="" /> 
<item name="cmaker" caption="制单人" columncaption="" /> 
<item name="cmakerddate" caption="制单日期" columncaption="" /> 
<item name="cmemo" caption="备注" columncaption="" /> 
<item name="cmodifer" caption="变更人" columncaption="" /> 
<item name="cmodiferDate" caption="变更日期" columncaption="" /> 
<item name="cmodifier" caption="修改人" columncaption="" /> 
<item name="coutsourced" caption="外协外购" columncaption="" /> 
<item name="cpmrpautoid" caption="cpmrpautoid" columncaption="" /> 
<item name="cpmrpcode" caption="项目清单号" columncaption="" /> 
<item name="cverifier" caption="审核人" columncaption="" /> 
<item name="dcloserdate" caption="关闭日期" columncaption="" /> 
<item name="ddate" caption="单据日期" columncaption="" /> 
<item name="define1" caption="define1" columncaption="" /> 
<item name="define10" caption="define10" columncaption="" /> 
<item name="define11" caption="define11" columncaption="" /> 
<item name="define12" caption="define12" columncaption="" /> 
<item name="define13" caption="define13" columncaption="" /> 
<item name="define14" caption="define14" columncaption="" /> 
<item name="define15" caption="define15" columncaption="" /> 
<item name="define16" caption="define16" columncaption="" /> 
<item name="define2" caption="define2" columncaption="" /> 
<item name="define22" caption="define22" columncaption="" /> 
<item name="define23" caption="define23" columncaption="" /> 
<item name="define24" caption="define24" columncaption="" /> 
<item name="define25" caption="define25" columncaption="" /> 
<item name="define26" caption="define26" columncaption="" /> 
<item name="define27" caption="define27" columncaption="" /> 
<item name="define28" caption="define28" columncaption="" /> 
<item name="define29" caption="define29" columncaption="" /> 
<item name="define3" caption="define3" columncaption="" /> 
<item name="define30" caption="define30" columncaption="" /> 
<item name="define31" caption="项目清单号" columncaption="" /> 
<item name="define32" caption="采购计划单号" columncaption="" /> 
<item name="define33" caption="define33" columncaption="" /> 
<item name="define34" caption="define34" columncaption="" /> 
<item name="define35" caption="define35" columncaption="" /> 
<item name="define36" caption="define36" columncaption="" /> 
<item name="define37" caption="define37" columncaption="" /> 
<item name="define4" caption="define4" columncaption="" /> 
<item name="define5" caption="define5" columncaption="" /> 
<item name="define6" caption="define6" columncaption="" /> 
<item name="define7" caption="define7" columncaption="" /> 
<item name="define8" caption="define8" columncaption="" /> 
<item name="define9" caption="define9" columncaption="" /> 
<item name="dmoddate" caption="修改日期" columncaption="" /> 
<item name="dmodifysystime" caption="修改时间" columncaption="" /> 
<item name="dnverifytime" caption="审核时间" columncaption="" /> 
<item name="dverifydate" caption="审核日期" columncaption="" /> 
<item name="iinqty" caption="预计入库" columncaption="" /> 
<item name="iinvexchrate" caption="换算率" columncaption="" /> 
<item name="ijhqty" caption="采购计划量" columncaption="" /> 
<item name="ijyqty" caption="建议采购量" columncaption="" /> 
<item name="ikyl" caption="可用量" columncaption="" /> 
<item name="iminqty" caption="采购经济批量" columncaption="" /> 
<item name="imrpqty" caption="需求计划量" columncaption="" /> 
<item name="imrpqtyl" caption="累计需求计划量" columncaption="" /> 
<item name="ioutqty" caption="预计出库量" columncaption="" /> 
<item name="ipqty" caption="产量" columncaption="" /> 
<item name="iprintcount" caption="打印次数" columncaption="" /> 
<item name="iqglqty" caption="累计请购量" columncaption="" /> 
<item name="irowno" caption="行号" columncaption="" /> 
<item name="isafenum" caption="安全库存" columncaption="" /> 
<item name="isjqty" caption="实际申请量" columncaption="" /> 
<item name="istock" caption="现存量" columncaption="" /> 
<item name="iwqgqty" caption="未请购量" columncaption="" /> 
<item name="t_ccuscode" caption="客户编码" columncaption="" /> 
<item name="t_ccusname" caption="客户名称" columncaption="" /> 
<item name="t_cdepcode" caption="部门编码" columncaption="" /> 
<item name="t_cdepname" caption="部门名称" columncaption="" /> 
<item name="t_cfree1" caption="表头存货自由项1" columncaption="" /> 
<item name="t_cfree10" caption="表头存货自由项10" columncaption="" /> 
<item name="t_cfree2" caption="表头存货自由项2" columncaption="" /> 
<item name="t_cfree3" caption="表头存货自由项3" columncaption="" /> 
<item name="t_cfree4" caption="表头存货自由项4" columncaption="" /> 
<item name="t_cfree5" caption="表头存货自由项5" columncaption="" /> 
<item name="t_cfree6" caption="表头存货自由项6" columncaption="" /> 
<item name="t_cfree7" caption="表头存货自由项7" columncaption="" /> 
<item name="t_cfree8" caption="表头存货自由项8" columncaption="" /> 
<item name="t_cfree9" caption="表头存货自由项9" columncaption="" /> 
<item name="t_cinvcode" caption="存货编码" columncaption="" /> 
<item name="t_cinvname" caption="存货名称" columncaption="" /> 
<item name="t_cpersoncode" caption="人员编码" columncaption="" /> 
<item name="t_cpersonname" caption="人员名称" columncaption="" /> 
<item name="t_cvencode" caption="供应商编码" columncaption="" /> 
<item name="t_cvenname" caption="供应商名称" columncaption="" /> 
<item name="t_cwhcode" caption="仓库编码" columncaption="" /> 
<item name="t_cwhname" caption="仓库名称" columncaption="" /> 
<item name="VoucherCode" caption="VoucherCode" columncaption="" /> 
<item name="VoucherId" caption="VoucherId" columncaption="" /> 
<item name="VoucherType" caption="VoucherType" columncaption="" /> 
</items> </root>','EF','U8CUSTDEF','采购计划单列表')

insert into flt_definemeta_lang ([FilterID],[LocaleID],[XMLExpression],[SubNO],[ProjectNO],[Title])
values('EP0205','zh-tw','<root><items><item name="auxunitcode" caption="辅计量单位编码" columncaption="" /> 
<item name="auxunitname" caption="辅计量单位" columncaption="" /> 
<item name="b_ccomunitname" caption="主计量单位" columncaption="" /> 
<item name="b_ccuscode" caption="客户编码" columncaption="" /> 
<item name="b_ccusname" caption="客户名称" columncaption="" /> 
<item name="b_cdepcode" caption="部门编码" columncaption="" /> 
<item name="b_cdepname" caption="部门名称" columncaption="" /> 
<item name="b_cfree1" caption="表体存货自由项1" columncaption="" /> 
<item name="b_cfree10" caption="表体存货自由项10" columncaption="" /> 
<item name="b_cfree2" caption="表体存货自由项2" columncaption="" /> 
<item name="b_cfree3" caption="表体存货自由项3" columncaption="" /> 
<item name="b_cfree4" caption="表体存货自由项4" columncaption="" /> 
<item name="b_cfree5" caption="表体存货自由项5" columncaption="" /> 
<item name="b_cfree6" caption="表体存货自由项6" columncaption="" /> 
<item name="b_cfree7" caption="表体存货自由项7" columncaption="" /> 
<item name="b_cfree8" caption="表体存货自由项8" columncaption="" /> 
<item name="b_cfree9" caption="表体存货自由项9" columncaption="" /> 
<item name="b_cinvcode" caption="存货编码" columncaption="" /> 
<item name="b_cinvname" caption="存货名称" columncaption="" /> 
<item name="b_cinvstd" caption="规格" columncaption="" /> 
<item name="b_cpersoncode" caption="采购员编码" columncaption="" /> 
<item name="b_cpersonname" caption="采购员" columncaption="" /> 
<item name="b_cvencode" caption="供应商编码" columncaption="" /> 
<item name="b_cvenname" caption="供应商名称" columncaption="" /> 
<item name="b_cwhcode" caption="仓库编码" columncaption="" /> 
<item name="b_cwhname" caption="仓库名称" columncaption="" /> 
<item name="cbclosedate" caption="关闭日期" columncaption="" /> 
<item name="cbcloser" caption="关闭人" columncaption="" /> 
<item name="cbmemo" caption="表体备注" columncaption="" /> 
<item name="ccloser" caption="关闭人" columncaption="" /> 
<item name="ccode" caption="单据编号" columncaption="" /> 
<item name="ccusname" caption="客户" columncaption="" /> 
<item name="cInvDefine1" caption="存货自定义项1" columncaption="" /> 
<item name="cInvDefine10" caption="存货自定义项10" columncaption="" /> 
<item name="cInvDefine11" caption="存货自定义项11" columncaption="" /> 
<item name="cInvDefine12" caption="存货自定义项12" columncaption="" /> 
<item name="cInvDefine13" caption="存货自定义项13" columncaption="" /> 
<item name="cInvDefine14" caption="存货自定义项14" columncaption="" /> 
<item name="cInvDefine15" caption="存货自定义项15" columncaption="" /> 
<item name="cInvDefine16" caption="存货自定义项16" columncaption="" /> 
<item name="cInvDefine2" caption="存货自定义项2" columncaption="" /> 
<item name="cInvDefine3" caption="存货自定义项3" columncaption="" /> 
<item name="cInvDefine4" caption="存货自定义项4" columncaption="" /> 
<item name="cInvDefine5" caption="存货自定义项5" columncaption="" /> 
<item name="cInvDefine6" caption="存货自定义项6" columncaption="" /> 
<item name="cInvDefine7" caption="存货自定义项7" columncaption="" /> 
<item name="cInvDefine8" caption="存货自定义项8" columncaption="" /> 
<item name="cInvDefine9" caption="存货自定义项9" columncaption="" /> 
<item name="citem_class" caption="项目大类编码" columncaption="" /> 
<item name="citem_cname" caption="项目大类" columncaption="" /> 
<item name="citemcode" caption="项目编码" columncaption="" /> 
<item name="citemgg" caption="产品规格" columncaption="" /> 
<item name="citemname" caption="项目" columncaption="" /> 
<item name="citemth" caption="产品图号" columncaption="" /> 
<item name="cmaker" caption="制单人" columncaption="" /> 
<item name="cmakerddate" caption="制单日期" columncaption="" /> 
<item name="cmemo" caption="备注" columncaption="" /> 
<item name="cmodifer" caption="变更人" columncaption="" /> 
<item name="cmodiferDate" caption="变更日期" columncaption="" /> 
<item name="cmodifier" caption="修改人" columncaption="" /> 
<item name="coutsourced" caption="外协外购" columncaption="" /> 
<item name="cpmrpautoid" caption="cpmrpautoid" columncaption="" /> 
<item name="cpmrpcode" caption="项目清单号" columncaption="" /> 
<item name="cverifier" caption="审核人" columncaption="" /> 
<item name="dcloserdate" caption="关闭日期" columncaption="" /> 
<item name="ddate" caption="单据日期" columncaption="" /> 
<item name="define1" caption="define1" columncaption="" /> 
<item name="define10" caption="define10" columncaption="" /> 
<item name="define11" caption="define11" columncaption="" /> 
<item name="define12" caption="define12" columncaption="" /> 
<item name="define13" caption="define13" columncaption="" /> 
<item name="define14" caption="define14" columncaption="" /> 
<item name="define15" caption="define15" columncaption="" /> 
<item name="define16" caption="define16" columncaption="" /> 
<item name="define2" caption="define2" columncaption="" /> 
<item name="define22" caption="define22" columncaption="" /> 
<item name="define23" caption="define23" columncaption="" /> 
<item name="define24" caption="define24" columncaption="" /> 
<item name="define25" caption="define25" columncaption="" /> 
<item name="define26" caption="define26" columncaption="" /> 
<item name="define27" caption="define27" columncaption="" /> 
<item name="define28" caption="define28" columncaption="" /> 
<item name="define29" caption="define29" columncaption="" /> 
<item name="define3" caption="define3" columncaption="" /> 
<item name="define30" caption="define30" columncaption="" /> 
<item name="define31" caption="项目清单号" columncaption="" /> 
<item name="define32" caption="采购计划单号" columncaption="" /> 
<item name="define33" caption="define33" columncaption="" /> 
<item name="define34" caption="define34" columncaption="" /> 
<item name="define35" caption="define35" columncaption="" /> 
<item name="define36" caption="define36" columncaption="" /> 
<item name="define37" caption="define37" columncaption="" /> 
<item name="define4" caption="define4" columncaption="" /> 
<item name="define5" caption="define5" columncaption="" /> 
<item name="define6" caption="define6" columncaption="" /> 
<item name="define7" caption="define7" columncaption="" /> 
<item name="define8" caption="define8" columncaption="" /> 
<item name="define9" caption="define9" columncaption="" /> 
<item name="dmoddate" caption="修改日期" columncaption="" /> 
<item name="dmodifysystime" caption="修改时间" columncaption="" /> 
<item name="dnverifytime" caption="审核时间" columncaption="" /> 
<item name="dverifydate" caption="审核日期" columncaption="" /> 
<item name="iinqty" caption="预计入库" columncaption="" /> 
<item name="iinvexchrate" caption="换算率" columncaption="" /> 
<item name="ijhqty" caption="采购计划量" columncaption="" /> 
<item name="ijyqty" caption="建议采购量" columncaption="" /> 
<item name="ikyl" caption="可用量" columncaption="" /> 
<item name="iminqty" caption="采购经济批量" columncaption="" /> 
<item name="imrpqty" caption="需求计划量" columncaption="" /> 
<item name="imrpqtyl" caption="累计需求计划量" columncaption="" /> 
<item name="ioutqty" caption="预计出库量" columncaption="" /> 
<item name="ipqty" caption="产量" columncaption="" /> 
<item name="iprintcount" caption="打印次数" columncaption="" /> 
<item name="iqglqty" caption="累计请购量" columncaption="" /> 
<item name="irowno" caption="行号" columncaption="" /> 
<item name="isafenum" caption="安全库存" columncaption="" /> 
<item name="isjqty" caption="实际申请量" columncaption="" /> 
<item name="istock" caption="现存量" columncaption="" /> 
<item name="iwqgqty" caption="未请购量" columncaption="" /> 
<item name="t_ccuscode" caption="客户编码" columncaption="" /> 
<item name="t_ccusname" caption="客户名称" columncaption="" /> 
<item name="t_cdepcode" caption="部门编码" columncaption="" /> 
<item name="t_cdepname" caption="部门名称" columncaption="" /> 
<item name="t_cfree1" caption="表头存货自由项1" columncaption="" /> 
<item name="t_cfree10" caption="表头存货自由项10" columncaption="" /> 
<item name="t_cfree2" caption="表头存货自由项2" columncaption="" /> 
<item name="t_cfree3" caption="表头存货自由项3" columncaption="" /> 
<item name="t_cfree4" caption="表头存货自由项4" columncaption="" /> 
<item name="t_cfree5" caption="表头存货自由项5" columncaption="" /> 
<item name="t_cfree6" caption="表头存货自由项6" columncaption="" /> 
<item name="t_cfree7" caption="表头存货自由项7" columncaption="" /> 
<item name="t_cfree8" caption="表头存货自由项8" columncaption="" /> 
<item name="t_cfree9" caption="表头存货自由项9" columncaption="" /> 
<item name="t_cinvcode" caption="存货编码" columncaption="" /> 
<item name="t_cinvname" caption="存货名称" columncaption="" /> 
<item name="t_cpersoncode" caption="人员编码" columncaption="" /> 
<item name="t_cpersonname" caption="人员名称" columncaption="" /> 
<item name="t_cvencode" caption="供应商编码" columncaption="" /> 
<item name="t_cvenname" caption="供应商名称" columncaption="" /> 
<item name="t_cwhcode" caption="仓库编码" columncaption="" /> 
<item name="t_cwhname" caption="仓库名称" columncaption="" /> 
<item name="VoucherCode" caption="VoucherCode" columncaption="" /> 
<item name="VoucherId" caption="VoucherId" columncaption="" /> 
<item name="VoucherType" caption="VoucherType" columncaption="" /> 
</items> </root>','EF','U8CUSTDEF','采购计划单列表')

---------end
--------------------------------当前工具版本 V12.12.1   脚本创建时间:2018-05-30 10:07:48-----
-- select  *   from   aa_busobject_base where cbusobid  ='EP0207' 
-- select  *   from   aa_columnset_base where ckey ='EP0207'
-- select  *   from   aa_columndic_base where ckey ='EP0207'
--- 
delete  from aa_busobject_base where cbusobid  ='EP0207' 
GO
delete  from aa_columndic_base where ckey ='EP0207'
GO

GO
-----------------------------预置单据列表数据以下部分脚本为工具自动生成，不需要手工预置------------------------------

insert into aa_busobject_base ([cBusObId],[cBusObName],[iAuthType],[bAuthControl],[cSub_Id],[cMark],[iFuncType],[langid],[iOrder])
values('EP0207','项目投标报价单列表',2,'0','EP',Null,2,'zh-CN',4)
--
insert into aa_columndic_base ([cKey],[cFld],[cQryField],[iColPos],[cCaption],[cCaptionPar],[bFixed],[bDisp],[iColWidth],[iAlign],[cOrder],[bLock],[iMergeCols],[bMustSel],[bNeedSum],[LocaleID],[IsEnum],[EnumType],[EnumTypeString],[bFilter],[bMerge],[CanModify],[ReferType],[bHideInColSet],[cSumType],[cProjectNO])
values('EP0207','selcol','selcol',1,'选择',Null,'1','1',800,4,Null,'1',0,'1','0','zh-CN','0',Null,Null,'0','0','0',Null,'0',Null,'U870')
insert into aa_columndic_base  ([cKey],[cFld],[cQryField],[iColPos],[cCaption],[cCaptionPar],[bFixed],[bDisp],[iColWidth],[iAlign],[cOrder],[bLock],[iMergeCols],[bMustSel],[bNeedSum],[LocaleID],[IsEnum],[EnumType],[EnumTypeString],[bFilter],[bMerge],[CanModify],[ReferType],[bHideInColSet],[cSumType],[cProjectNO])
values('EP0207','id','id',2,'id','','0',0,1500,4,'','0','0',1,'0','zh-CN','','','','0','0','','','0','','U870')
insert into aa_columndic_base  ([cKey],[cFld],[cQryField],[iColPos],[cCaption],[cCaptionPar],[bFixed],[bDisp],[iColWidth],[iAlign],[cOrder],[bLock],[iMergeCols],[bMustSel],[bNeedSum],[LocaleID],[IsEnum],[EnumType],[EnumTypeString],[bFilter],[bMerge],[CanModify],[ReferType],[bHideInColSet],[cSumType],[cProjectNO])
values('EP0207','vt_id','vt_id',3,'vt_id','','0',0,1500,4,'','0','0',1,'0','zh-CN','','','','0','0','','','0','','U870')
insert into aa_columndic_base  ([cKey],[cFld],[cQryField],[iColPos],[cCaption],[cCaptionPar],[bFixed],[bDisp],[iColWidth],[iAlign],[cOrder],[bLock],[iMergeCols],[bMustSel],[bNeedSum],[LocaleID],[IsEnum],[EnumType],[EnumTypeString],[bFilter],[bMerge],[CanModify],[ReferType],[bHideInColSet],[cSumType],[cProjectNO])
values('EP0207','ufts','ufts',4,'ufts','','0',0,1500,1,'','0','0',1,'0','zh-CN','','','','0','0','','','0','','U870')
insert into aa_columndic_base  ([cKey],[cFld],[cQryField],[iColPos],[cCaption],[cCaptionPar],[bFixed],[bDisp],[iColWidth],[iAlign],[cOrder],[bLock],[iMergeCols],[bMustSel],[bNeedSum],[LocaleID],[IsEnum],[EnumType],[EnumTypeString],[bFilter],[bMerge],[CanModify],[ReferType],[bHideInColSet],[cSumType],[cProjectNO])
values('EP0207','cvouchtype','cvouchtype',5,'cvouchtype','','0',0,1500,1,'','0','0',1,'0','zh-CN','','','','0','0','','','0','','U870')
insert into aa_columndic_base  ([cKey],[cFld],[cQryField],[iColPos],[cCaption],[cCaptionPar],[bFixed],[bDisp],[iColWidth],[iAlign],[cOrder],[bLock],[iMergeCols],[bMustSel],[bNeedSum],[LocaleID],[IsEnum],[EnumType],[EnumTypeString],[bFilter],[bMerge],[CanModify],[ReferType],[bHideInColSet],[cSumType],[cProjectNO])
values('EP0207','ireturncount','ireturncount',6,'ireturncount','','0',0,1500,4,'','0','0',1,'0','zh-CN','','','','0','0','','','0','','U870')
insert into aa_columndic_base  ([cKey],[cFld],[cQryField],[iColPos],[cCaption],[cCaptionPar],[bFixed],[bDisp],[iColWidth],[iAlign],[cOrder],[bLock],[iMergeCols],[bMustSel],[bNeedSum],[LocaleID],[IsEnum],[EnumType],[EnumTypeString],[bFilter],[bMerge],[CanModify],[ReferType],[bHideInColSet],[cSumType],[cProjectNO])
values('EP0207','iswfcontrolled','iswfcontrolled',7,'iswfcontrolled','','0',0,1500,4,'','0','0',1,'0','zh-CN','','','','0','0','','','0','','U870')
insert into aa_columndic_base  ([cKey],[cFld],[cQryField],[iColPos],[cCaption],[cCaptionPar],[bFixed],[bDisp],[iColWidth],[iAlign],[cOrder],[bLock],[iMergeCols],[bMustSel],[bNeedSum],[LocaleID],[IsEnum],[EnumType],[EnumTypeString],[bFilter],[bMerge],[CanModify],[ReferType],[bHideInColSet],[cSumType],[cProjectNO])
values('EP0207','iverifystate','iverifystate',8,'iverifystate','','0',0,1500,4,'','0','0',1,'0','zh-CN','','','','0','0','','','0','','U870')
insert into aa_columndic_base  ([cKey],[cFld],[cQryField],[iColPos],[cCaption],[cCaptionPar],[bFixed],[bDisp],[iColWidth],[iAlign],[cOrder],[bLock],[iMergeCols],[bMustSel],[bNeedSum],[LocaleID],[IsEnum],[EnumType],[EnumTypeString],[bFilter],[bMerge],[CanModify],[ReferType],[bHideInColSet],[cSumType],[cProjectNO])
values('EP0207','VoucherId','VoucherId',9,'VoucherId','','0',0,1500,4,'','0','0',1,'0','zh-CN','','','','0','0','','','0','','U870')
insert into aa_columndic_base  ([cKey],[cFld],[cQryField],[iColPos],[cCaption],[cCaptionPar],[bFixed],[bDisp],[iColWidth],[iAlign],[cOrder],[bLock],[iMergeCols],[bMustSel],[bNeedSum],[LocaleID],[IsEnum],[EnumType],[EnumTypeString],[bFilter],[bMerge],[CanModify],[ReferType],[bHideInColSet],[cSumType],[cProjectNO])
values('EP0207','VoucherCode','VoucherCode',10,'VoucherCode','','0',0,1500,1,'','0','0',1,'0','zh-CN','','','','0','0','','','0','','U870')
insert into aa_columndic_base  ([cKey],[cFld],[cQryField],[iColPos],[cCaption],[cCaptionPar],[bFixed],[bDisp],[iColWidth],[iAlign],[cOrder],[bLock],[iMergeCols],[bMustSel],[bNeedSum],[LocaleID],[IsEnum],[EnumType],[EnumTypeString],[bFilter],[bMerge],[CanModify],[ReferType],[bHideInColSet],[cSumType],[cProjectNO])
values('EP0207','VoucherType','VoucherType',11,'VoucherType','','0',0,1500,1,'','0','0',1,'0','zh-CN','','','','0','0','','','0','','U870')
insert into aa_columndic_base  ([cKey],[cFld],[cQryField],[iColPos],[cCaption],[cCaptionPar],[bFixed],[bDisp],[iColWidth],[iAlign],[cOrder],[bLock],[iMergeCols],[bMustSel],[bNeedSum],[LocaleID],[IsEnum],[EnumType],[EnumTypeString],[bFilter],[bMerge],[CanModify],[ReferType],[bHideInColSet],[cSumType],[cProjectNO])
values('EP0207','define1','define1',12,'define1','','0',0,1500,1,'','0','0',0,'0','zh-CN','','','','0','0','','','0','','U870')
insert into aa_columndic_base  ([cKey],[cFld],[cQryField],[iColPos],[cCaption],[cCaptionPar],[bFixed],[bDisp],[iColWidth],[iAlign],[cOrder],[bLock],[iMergeCols],[bMustSel],[bNeedSum],[LocaleID],[IsEnum],[EnumType],[EnumTypeString],[bFilter],[bMerge],[CanModify],[ReferType],[bHideInColSet],[cSumType],[cProjectNO])
values('EP0207','define2','define2',13,'define2','','0',0,1500,1,'','0','0',0,'0','zh-CN','','','','0','0','','','0','','U870')
insert into aa_columndic_base  ([cKey],[cFld],[cQryField],[iColPos],[cCaption],[cCaptionPar],[bFixed],[bDisp],[iColWidth],[iAlign],[cOrder],[bLock],[iMergeCols],[bMustSel],[bNeedSum],[LocaleID],[IsEnum],[EnumType],[EnumTypeString],[bFilter],[bMerge],[CanModify],[ReferType],[bHideInColSet],[cSumType],[cProjectNO])
values('EP0207','define3','define3',14,'define3','','0',0,1500,1,'','0','0',0,'0','zh-CN','','','','0','0','','','0','','U870')
insert into aa_columndic_base  ([cKey],[cFld],[cQryField],[iColPos],[cCaption],[cCaptionPar],[bFixed],[bDisp],[iColWidth],[iAlign],[cOrder],[bLock],[iMergeCols],[bMustSel],[bNeedSum],[LocaleID],[IsEnum],[EnumType],[EnumTypeString],[bFilter],[bMerge],[CanModify],[ReferType],[bHideInColSet],[cSumType],[cProjectNO])
values('EP0207','define4','define4',15,'define4','','0',0,1500,1,'','0','0',0,'0','zh-CN','','','','0','0','','','0','','U870')
insert into aa_columndic_base  ([cKey],[cFld],[cQryField],[iColPos],[cCaption],[cCaptionPar],[bFixed],[bDisp],[iColWidth],[iAlign],[cOrder],[bLock],[iMergeCols],[bMustSel],[bNeedSum],[LocaleID],[IsEnum],[EnumType],[EnumTypeString],[bFilter],[bMerge],[CanModify],[ReferType],[bHideInColSet],[cSumType],[cProjectNO])
values('EP0207','define5','define5',16,'define5','','0',0,1500,7,'','0','0',0,'0','zh-CN','','','','0','0','','','0','','U870')
insert into aa_columndic_base  ([cKey],[cFld],[cQryField],[iColPos],[cCaption],[cCaptionPar],[bFixed],[bDisp],[iColWidth],[iAlign],[cOrder],[bLock],[iMergeCols],[bMustSel],[bNeedSum],[LocaleID],[IsEnum],[EnumType],[EnumTypeString],[bFilter],[bMerge],[CanModify],[ReferType],[bHideInColSet],[cSumType],[cProjectNO])
values('EP0207','define6','define6',17,'define6','','0',0,1500,1,'','0','0',0,'0','zh-CN','','','','0','0','','','0','','U870')
insert into aa_columndic_base  ([cKey],[cFld],[cQryField],[iColPos],[cCaption],[cCaptionPar],[bFixed],[bDisp],[iColWidth],[iAlign],[cOrder],[bLock],[iMergeCols],[bMustSel],[bNeedSum],[LocaleID],[IsEnum],[EnumType],[EnumTypeString],[bFilter],[bMerge],[CanModify],[ReferType],[bHideInColSet],[cSumType],[cProjectNO])
values('EP0207','define7','define7',18,'define7','','0',0,1500,7,'','0','0',0,'0','zh-CN','','','','0','0','','','0','','U870')
insert into aa_columndic_base  ([cKey],[cFld],[cQryField],[iColPos],[cCaption],[cCaptionPar],[bFixed],[bDisp],[iColWidth],[iAlign],[cOrder],[bLock],[iMergeCols],[bMustSel],[bNeedSum],[LocaleID],[IsEnum],[EnumType],[EnumTypeString],[bFilter],[bMerge],[CanModify],[ReferType],[bHideInColSet],[cSumType],[cProjectNO])
values('EP0207','define8','define8',19,'define8','','0',0,1500,1,'','0','0',0,'0','zh-CN','','','','0','0','','','0','','U870')
insert into aa_columndic_base  ([cKey],[cFld],[cQryField],[iColPos],[cCaption],[cCaptionPar],[bFixed],[bDisp],[iColWidth],[iAlign],[cOrder],[bLock],[iMergeCols],[bMustSel],[bNeedSum],[LocaleID],[IsEnum],[EnumType],[EnumTypeString],[bFilter],[bMerge],[CanModify],[ReferType],[bHideInColSet],[cSumType],[cProjectNO])
values('EP0207','define9','define9',20,'define9','','0',0,1500,1,'','0','0',0,'0','zh-CN','','','','0','0','','','0','','U870')
insert into aa_columndic_base  ([cKey],[cFld],[cQryField],[iColPos],[cCaption],[cCaptionPar],[bFixed],[bDisp],[iColWidth],[iAlign],[cOrder],[bLock],[iMergeCols],[bMustSel],[bNeedSum],[LocaleID],[IsEnum],[EnumType],[EnumTypeString],[bFilter],[bMerge],[CanModify],[ReferType],[bHideInColSet],[cSumType],[cProjectNO])
values('EP0207','define10','define10',21,'define10','','0',0,1500,1,'','0','0',0,'0','zh-CN','','','','0','0','','','0','','U870')
insert into aa_columndic_base  ([cKey],[cFld],[cQryField],[iColPos],[cCaption],[cCaptionPar],[bFixed],[bDisp],[iColWidth],[iAlign],[cOrder],[bLock],[iMergeCols],[bMustSel],[bNeedSum],[LocaleID],[IsEnum],[EnumType],[EnumTypeString],[bFilter],[bMerge],[CanModify],[ReferType],[bHideInColSet],[cSumType],[cProjectNO])
values('EP0207','define11','define11',22,'define11','','0',0,1500,1,'','0','0',0,'0','zh-CN','','','','0','0','','','0','','U870')
insert into aa_columndic_base  ([cKey],[cFld],[cQryField],[iColPos],[cCaption],[cCaptionPar],[bFixed],[bDisp],[iColWidth],[iAlign],[cOrder],[bLock],[iMergeCols],[bMustSel],[bNeedSum],[LocaleID],[IsEnum],[EnumType],[EnumTypeString],[bFilter],[bMerge],[CanModify],[ReferType],[bHideInColSet],[cSumType],[cProjectNO])
values('EP0207','define12','define12',23,'define12','','0',0,1500,1,'','0','0',0,'0','zh-CN','','','','0','0','','','0','','U870')
insert into aa_columndic_base  ([cKey],[cFld],[cQryField],[iColPos],[cCaption],[cCaptionPar],[bFixed],[bDisp],[iColWidth],[iAlign],[cOrder],[bLock],[iMergeCols],[bMustSel],[bNeedSum],[LocaleID],[IsEnum],[EnumType],[EnumTypeString],[bFilter],[bMerge],[CanModify],[ReferType],[bHideInColSet],[cSumType],[cProjectNO])
values('EP0207','define13','define13',24,'define13','','0',0,1500,1,'','0','0',0,'0','zh-CN','','','','0','0','','','0','','U870')
insert into aa_columndic_base  ([cKey],[cFld],[cQryField],[iColPos],[cCaption],[cCaptionPar],[bFixed],[bDisp],[iColWidth],[iAlign],[cOrder],[bLock],[iMergeCols],[bMustSel],[bNeedSum],[LocaleID],[IsEnum],[EnumType],[EnumTypeString],[bFilter],[bMerge],[CanModify],[ReferType],[bHideInColSet],[cSumType],[cProjectNO])
values('EP0207','define14','define14',25,'define14','','0',0,1500,1,'','0','0',0,'0','zh-CN','','','','0','0','','','0','','U870')
insert into aa_columndic_base  ([cKey],[cFld],[cQryField],[iColPos],[cCaption],[cCaptionPar],[bFixed],[bDisp],[iColWidth],[iAlign],[cOrder],[bLock],[iMergeCols],[bMustSel],[bNeedSum],[LocaleID],[IsEnum],[EnumType],[EnumTypeString],[bFilter],[bMerge],[CanModify],[ReferType],[bHideInColSet],[cSumType],[cProjectNO])
values('EP0207','define15','define15',26,'define15','','0',0,1500,7,'','0','0',0,'0','zh-CN','','','','0','0','','','0','','U870')
insert into aa_columndic_base  ([cKey],[cFld],[cQryField],[iColPos],[cCaption],[cCaptionPar],[bFixed],[bDisp],[iColWidth],[iAlign],[cOrder],[bLock],[iMergeCols],[bMustSel],[bNeedSum],[LocaleID],[IsEnum],[EnumType],[EnumTypeString],[bFilter],[bMerge],[CanModify],[ReferType],[bHideInColSet],[cSumType],[cProjectNO])
values('EP0207','define16','define16',27,'define16','','0',0,1500,7,'','0','0',0,'0','zh-CN','','','','0','0','','','0','','U870')
insert into aa_columndic_base  ([cKey],[cFld],[cQryField],[iColPos],[cCaption],[cCaptionPar],[bFixed],[bDisp],[iColWidth],[iAlign],[cOrder],[bLock],[iMergeCols],[bMustSel],[bNeedSum],[LocaleID],[IsEnum],[EnumType],[EnumTypeString],[bFilter],[bMerge],[CanModify],[ReferType],[bHideInColSet],[cSumType],[cProjectNO])
values('EP0207','ccode','ccode',28,'单据编号','','0',1,1500,1,'','0','0',0,'0','zh-CN','','','','0','0','','','0','','U870')
insert into aa_columndic_base  ([cKey],[cFld],[cQryField],[iColPos],[cCaption],[cCaptionPar],[bFixed],[bDisp],[iColWidth],[iAlign],[cOrder],[bLock],[iMergeCols],[bMustSel],[bNeedSum],[LocaleID],[IsEnum],[EnumType],[EnumTypeString],[bFilter],[bMerge],[CanModify],[ReferType],[bHideInColSet],[cSumType],[cProjectNO])
values('EP0207','ddate','ddate',29,'单据日期','','0',1,1500,1,'','0','0',0,'0','zh-CN','','','','0','0','','','0','','U870')
insert into aa_columndic_base  ([cKey],[cFld],[cQryField],[iColPos],[cCaption],[cCaptionPar],[bFixed],[bDisp],[iColWidth],[iAlign],[cOrder],[bLock],[iMergeCols],[bMustSel],[bNeedSum],[LocaleID],[IsEnum],[EnumType],[EnumTypeString],[bFilter],[bMerge],[CanModify],[ReferType],[bHideInColSet],[cSumType],[cProjectNO])
values('EP0207','t_cfree1','t_cfree1',30,'表头存货自由项1','','0',0,1500,1,'','0','0',0,'0','zh-CN','','','','0','0','','','0','','U870')
insert into aa_columndic_base  ([cKey],[cFld],[cQryField],[iColPos],[cCaption],[cCaptionPar],[bFixed],[bDisp],[iColWidth],[iAlign],[cOrder],[bLock],[iMergeCols],[bMustSel],[bNeedSum],[LocaleID],[IsEnum],[EnumType],[EnumTypeString],[bFilter],[bMerge],[CanModify],[ReferType],[bHideInColSet],[cSumType],[cProjectNO])
values('EP0207','t_cfree10','t_cfree10',31,'表头存货自由项10','','0',0,1500,1,'','0','0',0,'0','zh-CN','','','','0','0','','','0','','U870')
insert into aa_columndic_base  ([cKey],[cFld],[cQryField],[iColPos],[cCaption],[cCaptionPar],[bFixed],[bDisp],[iColWidth],[iAlign],[cOrder],[bLock],[iMergeCols],[bMustSel],[bNeedSum],[LocaleID],[IsEnum],[EnumType],[EnumTypeString],[bFilter],[bMerge],[CanModify],[ReferType],[bHideInColSet],[cSumType],[cProjectNO])
values('EP0207','t_cfree2','t_cfree2',32,'表头存货自由项2','','0',0,1500,1,'','0','0',0,'0','zh-CN','','','','0','0','','','0','','U870')
insert into aa_columndic_base  ([cKey],[cFld],[cQryField],[iColPos],[cCaption],[cCaptionPar],[bFixed],[bDisp],[iColWidth],[iAlign],[cOrder],[bLock],[iMergeCols],[bMustSel],[bNeedSum],[LocaleID],[IsEnum],[EnumType],[EnumTypeString],[bFilter],[bMerge],[CanModify],[ReferType],[bHideInColSet],[cSumType],[cProjectNO])
values('EP0207','t_cfree3','t_cfree3',33,'表头存货自由项3','','0',0,1500,1,'','0','0',0,'0','zh-CN','','','','0','0','','','0','','U870')
insert into aa_columndic_base  ([cKey],[cFld],[cQryField],[iColPos],[cCaption],[cCaptionPar],[bFixed],[bDisp],[iColWidth],[iAlign],[cOrder],[bLock],[iMergeCols],[bMustSel],[bNeedSum],[LocaleID],[IsEnum],[EnumType],[EnumTypeString],[bFilter],[bMerge],[CanModify],[ReferType],[bHideInColSet],[cSumType],[cProjectNO])
values('EP0207','t_cfree4','t_cfree4',34,'表头存货自由项4','','0',0,1500,1,'','0','0',0,'0','zh-CN','','','','0','0','','','0','','U870')
insert into aa_columndic_base  ([cKey],[cFld],[cQryField],[iColPos],[cCaption],[cCaptionPar],[bFixed],[bDisp],[iColWidth],[iAlign],[cOrder],[bLock],[iMergeCols],[bMustSel],[bNeedSum],[LocaleID],[IsEnum],[EnumType],[EnumTypeString],[bFilter],[bMerge],[CanModify],[ReferType],[bHideInColSet],[cSumType],[cProjectNO])
values('EP0207','t_cfree5','t_cfree5',35,'表头存货自由项5','','0',0,1500,1,'','0','0',0,'0','zh-CN','','','','0','0','','','0','','U870')
insert into aa_columndic_base  ([cKey],[cFld],[cQryField],[iColPos],[cCaption],[cCaptionPar],[bFixed],[bDisp],[iColWidth],[iAlign],[cOrder],[bLock],[iMergeCols],[bMustSel],[bNeedSum],[LocaleID],[IsEnum],[EnumType],[EnumTypeString],[bFilter],[bMerge],[CanModify],[ReferType],[bHideInColSet],[cSumType],[cProjectNO])
values('EP0207','t_cfree6','t_cfree6',36,'表头存货自由项6','','0',0,1500,1,'','0','0',0,'0','zh-CN','','','','0','0','','','0','','U870')
insert into aa_columndic_base  ([cKey],[cFld],[cQryField],[iColPos],[cCaption],[cCaptionPar],[bFixed],[bDisp],[iColWidth],[iAlign],[cOrder],[bLock],[iMergeCols],[bMustSel],[bNeedSum],[LocaleID],[IsEnum],[EnumType],[EnumTypeString],[bFilter],[bMerge],[CanModify],[ReferType],[bHideInColSet],[cSumType],[cProjectNO])
values('EP0207','t_cfree7','t_cfree7',37,'表头存货自由项7','','0',0,1500,1,'','0','0',0,'0','zh-CN','','','','0','0','','','0','','U870')
insert into aa_columndic_base  ([cKey],[cFld],[cQryField],[iColPos],[cCaption],[cCaptionPar],[bFixed],[bDisp],[iColWidth],[iAlign],[cOrder],[bLock],[iMergeCols],[bMustSel],[bNeedSum],[LocaleID],[IsEnum],[EnumType],[EnumTypeString],[bFilter],[bMerge],[CanModify],[ReferType],[bHideInColSet],[cSumType],[cProjectNO])
values('EP0207','t_cfree8','t_cfree8',38,'表头存货自由项8','','0',0,1500,1,'','0','0',0,'0','zh-CN','','','','0','0','','','0','','U870')
insert into aa_columndic_base  ([cKey],[cFld],[cQryField],[iColPos],[cCaption],[cCaptionPar],[bFixed],[bDisp],[iColWidth],[iAlign],[cOrder],[bLock],[iMergeCols],[bMustSel],[bNeedSum],[LocaleID],[IsEnum],[EnumType],[EnumTypeString],[bFilter],[bMerge],[CanModify],[ReferType],[bHideInColSet],[cSumType],[cProjectNO])
values('EP0207','t_cfree9','t_cfree9',39,'表头存货自由项9','','0',0,1500,1,'','0','0',0,'0','zh-CN','','','','0','0','','','0','','U870')
insert into aa_columndic_base  ([cKey],[cFld],[cQryField],[iColPos],[cCaption],[cCaptionPar],[bFixed],[bDisp],[iColWidth],[iAlign],[cOrder],[bLock],[iMergeCols],[bMustSel],[bNeedSum],[LocaleID],[IsEnum],[EnumType],[EnumTypeString],[bFilter],[bMerge],[CanModify],[ReferType],[bHideInColSet],[cSumType],[cProjectNO])
values('EP0207','citem_class','citem_class',40,'项目大类编码','','0',1,1500,1,'','0','0',0,'0','zh-CN','','','','0','0','','','0','','U870')
insert into aa_columndic_base  ([cKey],[cFld],[cQryField],[iColPos],[cCaption],[cCaptionPar],[bFixed],[bDisp],[iColWidth],[iAlign],[cOrder],[bLock],[iMergeCols],[bMustSel],[bNeedSum],[LocaleID],[IsEnum],[EnumType],[EnumTypeString],[bFilter],[bMerge],[CanModify],[ReferType],[bHideInColSet],[cSumType],[cProjectNO])
values('EP0207','citem_cname','citem_cname',41,'项目大类','','0',1,1500,1,'','0','0',0,'0','zh-CN','','','','0','0','','','0','','U870')
insert into aa_columndic_base  ([cKey],[cFld],[cQryField],[iColPos],[cCaption],[cCaptionPar],[bFixed],[bDisp],[iColWidth],[iAlign],[cOrder],[bLock],[iMergeCols],[bMustSel],[bNeedSum],[LocaleID],[IsEnum],[EnumType],[EnumTypeString],[bFilter],[bMerge],[CanModify],[ReferType],[bHideInColSet],[cSumType],[cProjectNO])
values('EP0207','t_cdepcode','t_cdepcode',42,'部门编码','','0',0,1500,1,'','0','0',0,'0','zh-CN','','','','0','0','','','0','','U870')
insert into aa_columndic_base  ([cKey],[cFld],[cQryField],[iColPos],[cCaption],[cCaptionPar],[bFixed],[bDisp],[iColWidth],[iAlign],[cOrder],[bLock],[iMergeCols],[bMustSel],[bNeedSum],[LocaleID],[IsEnum],[EnumType],[EnumTypeString],[bFilter],[bMerge],[CanModify],[ReferType],[bHideInColSet],[cSumType],[cProjectNO])
values('EP0207','t_cdepname','t_cdepname',43,'部门名称','','0',0,1500,1,'','0','0',0,'0','zh-CN','','','','0','0','','','0','','U870')
insert into aa_columndic_base  ([cKey],[cFld],[cQryField],[iColPos],[cCaption],[cCaptionPar],[bFixed],[bDisp],[iColWidth],[iAlign],[cOrder],[bLock],[iMergeCols],[bMustSel],[bNeedSum],[LocaleID],[IsEnum],[EnumType],[EnumTypeString],[bFilter],[bMerge],[CanModify],[ReferType],[bHideInColSet],[cSumType],[cProjectNO])
values('EP0207','citemcode','citemcode',44,'项目编码','','0',1,1500,1,'','0','0',0,'0','zh-CN','','','','0','0','','','0','','U870')
insert into aa_columndic_base  ([cKey],[cFld],[cQryField],[iColPos],[cCaption],[cCaptionPar],[bFixed],[bDisp],[iColWidth],[iAlign],[cOrder],[bLock],[iMergeCols],[bMustSel],[bNeedSum],[LocaleID],[IsEnum],[EnumType],[EnumTypeString],[bFilter],[bMerge],[CanModify],[ReferType],[bHideInColSet],[cSumType],[cProjectNO])
values('EP0207','citemname','citemname',45,'项目','','0',1,1500,1,'','0','0',0,'0','zh-CN','','','','0','0','','','0','','U870')
insert into aa_columndic_base  ([cKey],[cFld],[cQryField],[iColPos],[cCaption],[cCaptionPar],[bFixed],[bDisp],[iColWidth],[iAlign],[cOrder],[bLock],[iMergeCols],[bMustSel],[bNeedSum],[LocaleID],[IsEnum],[EnumType],[EnumTypeString],[bFilter],[bMerge],[CanModify],[ReferType],[bHideInColSet],[cSumType],[cProjectNO])
values('EP0207','ccusname','ccusname',46,'客户','','0',1,1500,1,'','0','0',0,'0','zh-CN','','','','0','0','','','0','','U870')
insert into aa_columndic_base  ([cKey],[cFld],[cQryField],[iColPos],[cCaption],[cCaptionPar],[bFixed],[bDisp],[iColWidth],[iAlign],[cOrder],[bLock],[iMergeCols],[bMustSel],[bNeedSum],[LocaleID],[IsEnum],[EnumType],[EnumTypeString],[bFilter],[bMerge],[CanModify],[ReferType],[bHideInColSet],[cSumType],[cProjectNO])
values('EP0207','t_cpersoncode','t_cpersoncode',47,'人员编码','','0',0,1500,1,'','0','0',0,'0','zh-CN','','','','0','0','','','0','','U870')
insert into aa_columndic_base  ([cKey],[cFld],[cQryField],[iColPos],[cCaption],[cCaptionPar],[bFixed],[bDisp],[iColWidth],[iAlign],[cOrder],[bLock],[iMergeCols],[bMustSel],[bNeedSum],[LocaleID],[IsEnum],[EnumType],[EnumTypeString],[bFilter],[bMerge],[CanModify],[ReferType],[bHideInColSet],[cSumType],[cProjectNO])
values('EP0207','t_cpersonname','t_cpersonname',48,'人员名称','','0',0,1500,1,'','0','0',0,'0','zh-CN','','','','0','0','','','0','','U870')
insert into aa_columndic_base  ([cKey],[cFld],[cQryField],[iColPos],[cCaption],[cCaptionPar],[bFixed],[bDisp],[iColWidth],[iAlign],[cOrder],[bLock],[iMergeCols],[bMustSel],[bNeedSum],[LocaleID],[IsEnum],[EnumType],[EnumTypeString],[bFilter],[bMerge],[CanModify],[ReferType],[bHideInColSet],[cSumType],[cProjectNO])
values('EP0207','citemth','citemth',49,'产品图号','','0',1,1500,1,'','0','0',0,'0','zh-CN','','','','0','0','','','0','','U870')
insert into aa_columndic_base  ([cKey],[cFld],[cQryField],[iColPos],[cCaption],[cCaptionPar],[bFixed],[bDisp],[iColWidth],[iAlign],[cOrder],[bLock],[iMergeCols],[bMustSel],[bNeedSum],[LocaleID],[IsEnum],[EnumType],[EnumTypeString],[bFilter],[bMerge],[CanModify],[ReferType],[bHideInColSet],[cSumType],[cProjectNO])
values('EP0207','citemgg','citemgg',50,'产品规格','','0',1,1500,1,'','0','0',0,'0','zh-CN','','','','0','0','','','0','','U870')
insert into aa_columndic_base  ([cKey],[cFld],[cQryField],[iColPos],[cCaption],[cCaptionPar],[bFixed],[bDisp],[iColWidth],[iAlign],[cOrder],[bLock],[iMergeCols],[bMustSel],[bNeedSum],[LocaleID],[IsEnum],[EnumType],[EnumTypeString],[bFilter],[bMerge],[CanModify],[ReferType],[bHideInColSet],[cSumType],[cProjectNO])
values('EP0207','ipqty','ipqty',51,'产量','','0',0,1500,7,'','0','0',0,'0','zh-CN','','','','0','0','','','0','','U870')
insert into aa_columndic_base  ([cKey],[cFld],[cQryField],[iColPos],[cCaption],[cCaptionPar],[bFixed],[bDisp],[iColWidth],[iAlign],[cOrder],[bLock],[iMergeCols],[bMustSel],[bNeedSum],[LocaleID],[IsEnum],[EnumType],[EnumTypeString],[bFilter],[bMerge],[CanModify],[ReferType],[bHideInColSet],[cSumType],[cProjectNO])
values('EP0207','cmemo','cmemo',52,'备注','','0',1,1500,1,'','0','0',0,'0','zh-CN','','','','0','0','','','0','','U870')
insert into aa_columndic_base  ([cKey],[cFld],[cQryField],[iColPos],[cCaption],[cCaptionPar],[bFixed],[bDisp],[iColWidth],[iAlign],[cOrder],[bLock],[iMergeCols],[bMustSel],[bNeedSum],[LocaleID],[IsEnum],[EnumType],[EnumTypeString],[bFilter],[bMerge],[CanModify],[ReferType],[bHideInColSet],[cSumType],[cProjectNO])
values('EP0207','t_ccuscode','t_ccuscode',53,'客户编码','','0',0,1500,1,'','0','0',0,'0','zh-CN','','','','0','0','','','0','','U870')
insert into aa_columndic_base  ([cKey],[cFld],[cQryField],[iColPos],[cCaption],[cCaptionPar],[bFixed],[bDisp],[iColWidth],[iAlign],[cOrder],[bLock],[iMergeCols],[bMustSel],[bNeedSum],[LocaleID],[IsEnum],[EnumType],[EnumTypeString],[bFilter],[bMerge],[CanModify],[ReferType],[bHideInColSet],[cSumType],[cProjectNO])
values('EP0207','t_ccusname','t_ccusname',54,'客户名称','','0',0,1500,1,'','0','0',0,'0','zh-CN','','','','0','0','','','0','','U870')
insert into aa_columndic_base  ([cKey],[cFld],[cQryField],[iColPos],[cCaption],[cCaptionPar],[bFixed],[bDisp],[iColWidth],[iAlign],[cOrder],[bLock],[iMergeCols],[bMustSel],[bNeedSum],[LocaleID],[IsEnum],[EnumType],[EnumTypeString],[bFilter],[bMerge],[CanModify],[ReferType],[bHideInColSet],[cSumType],[cProjectNO])
values('EP0207','t_cvencode','t_cvencode',55,'供应商编码','','0',0,1500,1,'','0','0',0,'0','zh-CN','','','','0','0','','','0','','U870')
insert into aa_columndic_base  ([cKey],[cFld],[cQryField],[iColPos],[cCaption],[cCaptionPar],[bFixed],[bDisp],[iColWidth],[iAlign],[cOrder],[bLock],[iMergeCols],[bMustSel],[bNeedSum],[LocaleID],[IsEnum],[EnumType],[EnumTypeString],[bFilter],[bMerge],[CanModify],[ReferType],[bHideInColSet],[cSumType],[cProjectNO])
values('EP0207','t_cvenname','t_cvenname',56,'供应商名称','','0',0,1500,1,'','0','0',0,'0','zh-CN','','','','0','0','','','0','','U870')
insert into aa_columndic_base  ([cKey],[cFld],[cQryField],[iColPos],[cCaption],[cCaptionPar],[bFixed],[bDisp],[iColWidth],[iAlign],[cOrder],[bLock],[iMergeCols],[bMustSel],[bNeedSum],[LocaleID],[IsEnum],[EnumType],[EnumTypeString],[bFilter],[bMerge],[CanModify],[ReferType],[bHideInColSet],[cSumType],[cProjectNO])
values('EP0207','t_cwhcode','t_cwhcode',57,'仓库编码','','0',0,1500,1,'','0','0',0,'0','zh-CN','','','','0','0','','','0','','U870')
insert into aa_columndic_base  ([cKey],[cFld],[cQryField],[iColPos],[cCaption],[cCaptionPar],[bFixed],[bDisp],[iColWidth],[iAlign],[cOrder],[bLock],[iMergeCols],[bMustSel],[bNeedSum],[LocaleID],[IsEnum],[EnumType],[EnumTypeString],[bFilter],[bMerge],[CanModify],[ReferType],[bHideInColSet],[cSumType],[cProjectNO])
values('EP0207','t_cwhname','t_cwhname',58,'仓库名称','','0',0,1500,1,'','0','0',0,'0','zh-CN','','','','0','0','','','0','','U870')
insert into aa_columndic_base  ([cKey],[cFld],[cQryField],[iColPos],[cCaption],[cCaptionPar],[bFixed],[bDisp],[iColWidth],[iAlign],[cOrder],[bLock],[iMergeCols],[bMustSel],[bNeedSum],[LocaleID],[IsEnum],[EnumType],[EnumTypeString],[bFilter],[bMerge],[CanModify],[ReferType],[bHideInColSet],[cSumType],[cProjectNO])
values('EP0207','t_cinvcode','t_cinvcode',59,'存货编码','','0',0,1500,1,'','0','0',0,'0','zh-CN','','','','0','0','','','0','','U870')
insert into aa_columndic_base  ([cKey],[cFld],[cQryField],[iColPos],[cCaption],[cCaptionPar],[bFixed],[bDisp],[iColWidth],[iAlign],[cOrder],[bLock],[iMergeCols],[bMustSel],[bNeedSum],[LocaleID],[IsEnum],[EnumType],[EnumTypeString],[bFilter],[bMerge],[CanModify],[ReferType],[bHideInColSet],[cSumType],[cProjectNO])
values('EP0207','t_cinvname','t_cinvname',60,'存货名称','','0',0,1500,1,'','0','0',0,'0','zh-CN','','','','0','0','','','0','','U870')
insert into aa_columndic_base  ([cKey],[cFld],[cQryField],[iColPos],[cCaption],[cCaptionPar],[bFixed],[bDisp],[iColWidth],[iAlign],[cOrder],[bLock],[iMergeCols],[bMustSel],[bNeedSum],[LocaleID],[IsEnum],[EnumType],[EnumTypeString],[bFilter],[bMerge],[CanModify],[ReferType],[bHideInColSet],[cSumType],[cProjectNO])
values('EP0207','cmodifer','cmodifer',61,'变更人','','0',0,1500,1,'','0','0',0,'0','zh-CN','','','','0','0','','','0','','U870')
insert into aa_columndic_base  ([cKey],[cFld],[cQryField],[iColPos],[cCaption],[cCaptionPar],[bFixed],[bDisp],[iColWidth],[iAlign],[cOrder],[bLock],[iMergeCols],[bMustSel],[bNeedSum],[LocaleID],[IsEnum],[EnumType],[EnumTypeString],[bFilter],[bMerge],[CanModify],[ReferType],[bHideInColSet],[cSumType],[cProjectNO])
values('EP0207','cmodiferDate','cmodiferDate',62,'变更日期','','0',0,1500,1,'','0','0',0,'0','zh-CN','','','','0','0','','','0','','U870')
insert into aa_columndic_base  ([cKey],[cFld],[cQryField],[iColPos],[cCaption],[cCaptionPar],[bFixed],[bDisp],[iColWidth],[iAlign],[cOrder],[bLock],[iMergeCols],[bMustSel],[bNeedSum],[LocaleID],[IsEnum],[EnumType],[EnumTypeString],[bFilter],[bMerge],[CanModify],[ReferType],[bHideInColSet],[cSumType],[cProjectNO])
values('EP0207','cmaker','cmaker',63,'制单人','','0',1,1500,1,'','0','0',0,'0','zh-CN','','','','0','0','','','0','','U870')
insert into aa_columndic_base  ([cKey],[cFld],[cQryField],[iColPos],[cCaption],[cCaptionPar],[bFixed],[bDisp],[iColWidth],[iAlign],[cOrder],[bLock],[iMergeCols],[bMustSel],[bNeedSum],[LocaleID],[IsEnum],[EnumType],[EnumTypeString],[bFilter],[bMerge],[CanModify],[ReferType],[bHideInColSet],[cSumType],[cProjectNO])
values('EP0207','cmakerddate','cmakerddate',64,'制单日期','','0',1,1500,1,'','0','0',0,'0','zh-CN','','','','0','0','','','0','','U870')
insert into aa_columndic_base  ([cKey],[cFld],[cQryField],[iColPos],[cCaption],[cCaptionPar],[bFixed],[bDisp],[iColWidth],[iAlign],[cOrder],[bLock],[iMergeCols],[bMustSel],[bNeedSum],[LocaleID],[IsEnum],[EnumType],[EnumTypeString],[bFilter],[bMerge],[CanModify],[ReferType],[bHideInColSet],[cSumType],[cProjectNO])
values('EP0207','cmodifier','cmodifier',65,'修改人','','0',1,1500,1,'','0','0',0,'0','zh-CN','','','','0','0','','','0','','U870')
insert into aa_columndic_base  ([cKey],[cFld],[cQryField],[iColPos],[cCaption],[cCaptionPar],[bFixed],[bDisp],[iColWidth],[iAlign],[cOrder],[bLock],[iMergeCols],[bMustSel],[bNeedSum],[LocaleID],[IsEnum],[EnumType],[EnumTypeString],[bFilter],[bMerge],[CanModify],[ReferType],[bHideInColSet],[cSumType],[cProjectNO])
values('EP0207','dmoddate','dmoddate',66,'修改日期','','0',1,1500,1,'','0','0',0,'0','zh-CN','','','','0','0','','','0','','U870')
insert into aa_columndic_base  ([cKey],[cFld],[cQryField],[iColPos],[cCaption],[cCaptionPar],[bFixed],[bDisp],[iColWidth],[iAlign],[cOrder],[bLock],[iMergeCols],[bMustSel],[bNeedSum],[LocaleID],[IsEnum],[EnumType],[EnumTypeString],[bFilter],[bMerge],[CanModify],[ReferType],[bHideInColSet],[cSumType],[cProjectNO])
values('EP0207','dverifydate','dverifydate',67,'审核日期','','0',1,1500,1,'','0','0',0,'0','zh-CN','','','','0','0','','','0','','U870')
insert into aa_columndic_base  ([cKey],[cFld],[cQryField],[iColPos],[cCaption],[cCaptionPar],[bFixed],[bDisp],[iColWidth],[iAlign],[cOrder],[bLock],[iMergeCols],[bMustSel],[bNeedSum],[LocaleID],[IsEnum],[EnumType],[EnumTypeString],[bFilter],[bMerge],[CanModify],[ReferType],[bHideInColSet],[cSumType],[cProjectNO])
values('EP0207','cverifier','cverifier',68,'审核人','','0',1,1500,1,'','0','0',0,'0','zh-CN','','','','0','0','','','0','','U870')
insert into aa_columndic_base  ([cKey],[cFld],[cQryField],[iColPos],[cCaption],[cCaptionPar],[bFixed],[bDisp],[iColWidth],[iAlign],[cOrder],[bLock],[iMergeCols],[bMustSel],[bNeedSum],[LocaleID],[IsEnum],[EnumType],[EnumTypeString],[bFilter],[bMerge],[CanModify],[ReferType],[bHideInColSet],[cSumType],[cProjectNO])
values('EP0207','ccloser','ccloser',69,'关闭人','','0',0,1500,1,'','0','0',0,'0','zh-CN','','','','0','0','','','0','','U870')
insert into aa_columndic_base  ([cKey],[cFld],[cQryField],[iColPos],[cCaption],[cCaptionPar],[bFixed],[bDisp],[iColWidth],[iAlign],[cOrder],[bLock],[iMergeCols],[bMustSel],[bNeedSum],[LocaleID],[IsEnum],[EnumType],[EnumTypeString],[bFilter],[bMerge],[CanModify],[ReferType],[bHideInColSet],[cSumType],[cProjectNO])
values('EP0207','dcloserdate','dcloserdate',70,'关闭日期','','0',0,1500,1,'','0','0',0,'0','zh-CN','','','','0','0','','','0','','U870')
insert into aa_columndic_base  ([cKey],[cFld],[cQryField],[iColPos],[cCaption],[cCaptionPar],[bFixed],[bDisp],[iColWidth],[iAlign],[cOrder],[bLock],[iMergeCols],[bMustSel],[bNeedSum],[LocaleID],[IsEnum],[EnumType],[EnumTypeString],[bFilter],[bMerge],[CanModify],[ReferType],[bHideInColSet],[cSumType],[cProjectNO])
values('EP0207','dmodifysystime','dmodifysystime',71,'修改时间','','0',0,1500,1,'','0','0',0,'0','zh-CN','','','','0','0','','','0','','U870')
insert into aa_columndic_base  ([cKey],[cFld],[cQryField],[iColPos],[cCaption],[cCaptionPar],[bFixed],[bDisp],[iColWidth],[iAlign],[cOrder],[bLock],[iMergeCols],[bMustSel],[bNeedSum],[LocaleID],[IsEnum],[EnumType],[EnumTypeString],[bFilter],[bMerge],[CanModify],[ReferType],[bHideInColSet],[cSumType],[cProjectNO])
values('EP0207','iprintcount','iprintcount',72,'打印次数','','0',1,1500,7,'','0','0',0,'0','zh-CN','','','','0','0','','','0','','U870')
insert into aa_columndic_base  ([cKey],[cFld],[cQryField],[iColPos],[cCaption],[cCaptionPar],[bFixed],[bDisp],[iColWidth],[iAlign],[cOrder],[bLock],[iMergeCols],[bMustSel],[bNeedSum],[LocaleID],[IsEnum],[EnumType],[EnumTypeString],[bFilter],[bMerge],[CanModify],[ReferType],[bHideInColSet],[cSumType],[cProjectNO])
values('EP0207','dnverifytime','dnverifytime',73,'审核时间','','0',1,1500,1,'','0','0',0,'0','zh-CN','','','','0','0','','','0','','U870')
insert into aa_columndic_base  ([cKey],[cFld],[cQryField],[iColPos],[cCaption],[cCaptionPar],[bFixed],[bDisp],[iColWidth],[iAlign],[cOrder],[bLock],[iMergeCols],[bMustSel],[bNeedSum],[LocaleID],[IsEnum],[EnumType],[EnumTypeString],[bFilter],[bMerge],[CanModify],[ReferType],[bHideInColSet],[cSumType],[cProjectNO])
values('EP0207','irowno','irowno',74,'行号','','0',1,1500,7,'','0','0',0,'0','zh-CN','','','','0','0','','','0','','U870')
insert into aa_columndic_base  ([cKey],[cFld],[cQryField],[iColPos],[cCaption],[cCaptionPar],[bFixed],[bDisp],[iColWidth],[iAlign],[cOrder],[bLock],[iMergeCols],[bMustSel],[bNeedSum],[LocaleID],[IsEnum],[EnumType],[EnumTypeString],[bFilter],[bMerge],[CanModify],[ReferType],[bHideInColSet],[cSumType],[cProjectNO])
values('EP0207','b_cdepcode','b_cdepcode',75,'部门编码','','0',0,1500,1,'','0','0',0,'0','zh-CN','','','','0','0','','','0','','U870')
insert into aa_columndic_base  ([cKey],[cFld],[cQryField],[iColPos],[cCaption],[cCaptionPar],[bFixed],[bDisp],[iColWidth],[iAlign],[cOrder],[bLock],[iMergeCols],[bMustSel],[bNeedSum],[LocaleID],[IsEnum],[EnumType],[EnumTypeString],[bFilter],[bMerge],[CanModify],[ReferType],[bHideInColSet],[cSumType],[cProjectNO])
values('EP0207','b_cdepname','b_cdepname',76,'部门名称','','0',0,1500,1,'','0','0',0,'0','zh-CN','','','','0','0','','','0','','U870')
insert into aa_columndic_base  ([cKey],[cFld],[cQryField],[iColPos],[cCaption],[cCaptionPar],[bFixed],[bDisp],[iColWidth],[iAlign],[cOrder],[bLock],[iMergeCols],[bMustSel],[bNeedSum],[LocaleID],[IsEnum],[EnumType],[EnumTypeString],[bFilter],[bMerge],[CanModify],[ReferType],[bHideInColSet],[cSumType],[cProjectNO])
values('EP0207','b_cpersoncode','b_cpersoncode',77,'人员编码','','0',0,1500,1,'','0','0',0,'0','zh-CN','','','','0','0','','','0','','U870')
insert into aa_columndic_base  ([cKey],[cFld],[cQryField],[iColPos],[cCaption],[cCaptionPar],[bFixed],[bDisp],[iColWidth],[iAlign],[cOrder],[bLock],[iMergeCols],[bMustSel],[bNeedSum],[LocaleID],[IsEnum],[EnumType],[EnumTypeString],[bFilter],[bMerge],[CanModify],[ReferType],[bHideInColSet],[cSumType],[cProjectNO])
values('EP0207','b_cpersonname','b_cpersonname',78,'人员名称','','0',0,1500,1,'','0','0',0,'0','zh-CN','','','','0','0','','','0','','U870')
insert into aa_columndic_base  ([cKey],[cFld],[cQryField],[iColPos],[cCaption],[cCaptionPar],[bFixed],[bDisp],[iColWidth],[iAlign],[cOrder],[bLock],[iMergeCols],[bMustSel],[bNeedSum],[LocaleID],[IsEnum],[EnumType],[EnumTypeString],[bFilter],[bMerge],[CanModify],[ReferType],[bHideInColSet],[cSumType],[cProjectNO])
values('EP0207','b_ccuscode','b_ccuscode',79,'客户编码','','0',0,1500,1,'','0','0',0,'0','zh-CN','','','','0','0','','','0','','U870')
insert into aa_columndic_base  ([cKey],[cFld],[cQryField],[iColPos],[cCaption],[cCaptionPar],[bFixed],[bDisp],[iColWidth],[iAlign],[cOrder],[bLock],[iMergeCols],[bMustSel],[bNeedSum],[LocaleID],[IsEnum],[EnumType],[EnumTypeString],[bFilter],[bMerge],[CanModify],[ReferType],[bHideInColSet],[cSumType],[cProjectNO])
values('EP0207','b_ccusname','b_ccusname',80,'客户名称','','0',0,1500,1,'','0','0',0,'0','zh-CN','','','','0','0','','','0','','U870')
insert into aa_columndic_base  ([cKey],[cFld],[cQryField],[iColPos],[cCaption],[cCaptionPar],[bFixed],[bDisp],[iColWidth],[iAlign],[cOrder],[bLock],[iMergeCols],[bMustSel],[bNeedSum],[LocaleID],[IsEnum],[EnumType],[EnumTypeString],[bFilter],[bMerge],[CanModify],[ReferType],[bHideInColSet],[cSumType],[cProjectNO])
values('EP0207','b_cvencode','b_cvencode',81,'供应商编码','','0',0,1500,1,'','0','0',0,'0','zh-CN','','','','0','0','','','0','','U870')
insert into aa_columndic_base  ([cKey],[cFld],[cQryField],[iColPos],[cCaption],[cCaptionPar],[bFixed],[bDisp],[iColWidth],[iAlign],[cOrder],[bLock],[iMergeCols],[bMustSel],[bNeedSum],[LocaleID],[IsEnum],[EnumType],[EnumTypeString],[bFilter],[bMerge],[CanModify],[ReferType],[bHideInColSet],[cSumType],[cProjectNO])
values('EP0207','b_cvenname','b_cvenname',82,'供应商名称','','0',0,1500,1,'','0','0',0,'0','zh-CN','','','','0','0','','','0','','U870')
insert into aa_columndic_base  ([cKey],[cFld],[cQryField],[iColPos],[cCaption],[cCaptionPar],[bFixed],[bDisp],[iColWidth],[iAlign],[cOrder],[bLock],[iMergeCols],[bMustSel],[bNeedSum],[LocaleID],[IsEnum],[EnumType],[EnumTypeString],[bFilter],[bMerge],[CanModify],[ReferType],[bHideInColSet],[cSumType],[cProjectNO])
values('EP0207','b_cwhcode','b_cwhcode',83,'仓库编码','','0',0,1500,1,'','0','0',0,'0','zh-CN','','','','0','0','','','0','','U870')
insert into aa_columndic_base  ([cKey],[cFld],[cQryField],[iColPos],[cCaption],[cCaptionPar],[bFixed],[bDisp],[iColWidth],[iAlign],[cOrder],[bLock],[iMergeCols],[bMustSel],[bNeedSum],[LocaleID],[IsEnum],[EnumType],[EnumTypeString],[bFilter],[bMerge],[CanModify],[ReferType],[bHideInColSet],[cSumType],[cProjectNO])
values('EP0207','b_cwhname','b_cwhname',84,'仓库名称','','0',0,1500,1,'','0','0',0,'0','zh-CN','','','','0','0','','','0','','U870')
insert into aa_columndic_base  ([cKey],[cFld],[cQryField],[iColPos],[cCaption],[cCaptionPar],[bFixed],[bDisp],[iColWidth],[iAlign],[cOrder],[bLock],[iMergeCols],[bMustSel],[bNeedSum],[LocaleID],[IsEnum],[EnumType],[EnumTypeString],[bFilter],[bMerge],[CanModify],[ReferType],[bHideInColSet],[cSumType],[cProjectNO])
values('EP0207','b_cinvcode','b_cinvcode',85,'存货编码','','0',0,1500,1,'','0','0',0,'0','zh-CN','','','','0','0','','','0','','U870')
insert into aa_columndic_base  ([cKey],[cFld],[cQryField],[iColPos],[cCaption],[cCaptionPar],[bFixed],[bDisp],[iColWidth],[iAlign],[cOrder],[bLock],[iMergeCols],[bMustSel],[bNeedSum],[LocaleID],[IsEnum],[EnumType],[EnumTypeString],[bFilter],[bMerge],[CanModify],[ReferType],[bHideInColSet],[cSumType],[cProjectNO])
values('EP0207','b_cinvname','b_cinvname',86,'存货名称','','0',0,1500,1,'','0','0',0,'0','zh-CN','','','','0','0','','','0','','U870')
insert into aa_columndic_base  ([cKey],[cFld],[cQryField],[iColPos],[cCaption],[cCaptionPar],[bFixed],[bDisp],[iColWidth],[iAlign],[cOrder],[bLock],[iMergeCols],[bMustSel],[bNeedSum],[LocaleID],[IsEnum],[EnumType],[EnumTypeString],[bFilter],[bMerge],[CanModify],[ReferType],[bHideInColSet],[cSumType],[cProjectNO])
values('EP0207','define22','define22',87,'define22','','0',0,1500,1,'','0','0',0,'0','zh-CN','','','','0','0','','','0','','U870')
insert into aa_columndic_base  ([cKey],[cFld],[cQryField],[iColPos],[cCaption],[cCaptionPar],[bFixed],[bDisp],[iColWidth],[iAlign],[cOrder],[bLock],[iMergeCols],[bMustSel],[bNeedSum],[LocaleID],[IsEnum],[EnumType],[EnumTypeString],[bFilter],[bMerge],[CanModify],[ReferType],[bHideInColSet],[cSumType],[cProjectNO])
values('EP0207','define23','define23',88,'define23','','0',0,1500,1,'','0','0',0,'0','zh-CN','','','','0','0','','','0','','U870')
insert into aa_columndic_base  ([cKey],[cFld],[cQryField],[iColPos],[cCaption],[cCaptionPar],[bFixed],[bDisp],[iColWidth],[iAlign],[cOrder],[bLock],[iMergeCols],[bMustSel],[bNeedSum],[LocaleID],[IsEnum],[EnumType],[EnumTypeString],[bFilter],[bMerge],[CanModify],[ReferType],[bHideInColSet],[cSumType],[cProjectNO])
values('EP0207','define24','define24',89,'define24','','0',0,1500,1,'','0','0',0,'0','zh-CN','','','','0','0','','','0','','U870')
insert into aa_columndic_base  ([cKey],[cFld],[cQryField],[iColPos],[cCaption],[cCaptionPar],[bFixed],[bDisp],[iColWidth],[iAlign],[cOrder],[bLock],[iMergeCols],[bMustSel],[bNeedSum],[LocaleID],[IsEnum],[EnumType],[EnumTypeString],[bFilter],[bMerge],[CanModify],[ReferType],[bHideInColSet],[cSumType],[cProjectNO])
values('EP0207','define25','define25',90,'define25','','0',0,1500,1,'','0','0',0,'0','zh-CN','','','','0','0','','','0','','U870')
insert into aa_columndic_base  ([cKey],[cFld],[cQryField],[iColPos],[cCaption],[cCaptionPar],[bFixed],[bDisp],[iColWidth],[iAlign],[cOrder],[bLock],[iMergeCols],[bMustSel],[bNeedSum],[LocaleID],[IsEnum],[EnumType],[EnumTypeString],[bFilter],[bMerge],[CanModify],[ReferType],[bHideInColSet],[cSumType],[cProjectNO])
values('EP0207','define26','define26',91,'define26','','0',0,1500,7,'','0','0',0,'0','zh-CN','','','','0','0','','','0','','U870')
insert into aa_columndic_base  ([cKey],[cFld],[cQryField],[iColPos],[cCaption],[cCaptionPar],[bFixed],[bDisp],[iColWidth],[iAlign],[cOrder],[bLock],[iMergeCols],[bMustSel],[bNeedSum],[LocaleID],[IsEnum],[EnumType],[EnumTypeString],[bFilter],[bMerge],[CanModify],[ReferType],[bHideInColSet],[cSumType],[cProjectNO])
values('EP0207','define27','define27',92,'define27','','0',0,1500,1,'','0','0',0,'0','zh-CN','','','','0','0','','','0','','U870')
insert into aa_columndic_base  ([cKey],[cFld],[cQryField],[iColPos],[cCaption],[cCaptionPar],[bFixed],[bDisp],[iColWidth],[iAlign],[cOrder],[bLock],[iMergeCols],[bMustSel],[bNeedSum],[LocaleID],[IsEnum],[EnumType],[EnumTypeString],[bFilter],[bMerge],[CanModify],[ReferType],[bHideInColSet],[cSumType],[cProjectNO])
values('EP0207','define28','define28',93,'define28','','0',0,1500,7,'','0','0',0,'0','zh-CN','','','','0','0','','','0','','U870')
insert into aa_columndic_base  ([cKey],[cFld],[cQryField],[iColPos],[cCaption],[cCaptionPar],[bFixed],[bDisp],[iColWidth],[iAlign],[cOrder],[bLock],[iMergeCols],[bMustSel],[bNeedSum],[LocaleID],[IsEnum],[EnumType],[EnumTypeString],[bFilter],[bMerge],[CanModify],[ReferType],[bHideInColSet],[cSumType],[cProjectNO])
values('EP0207','define29','define29',94,'define29','','0',0,1500,1,'','0','0',0,'0','zh-CN','','','','0','0','','','0','','U870')
insert into aa_columndic_base  ([cKey],[cFld],[cQryField],[iColPos],[cCaption],[cCaptionPar],[bFixed],[bDisp],[iColWidth],[iAlign],[cOrder],[bLock],[iMergeCols],[bMustSel],[bNeedSum],[LocaleID],[IsEnum],[EnumType],[EnumTypeString],[bFilter],[bMerge],[CanModify],[ReferType],[bHideInColSet],[cSumType],[cProjectNO])
values('EP0207','define30','define30',95,'define30','','0',0,1500,1,'','0','0',0,'0','zh-CN','','','','0','0','','','0','','U870')
insert into aa_columndic_base  ([cKey],[cFld],[cQryField],[iColPos],[cCaption],[cCaptionPar],[bFixed],[bDisp],[iColWidth],[iAlign],[cOrder],[bLock],[iMergeCols],[bMustSel],[bNeedSum],[LocaleID],[IsEnum],[EnumType],[EnumTypeString],[bFilter],[bMerge],[CanModify],[ReferType],[bHideInColSet],[cSumType],[cProjectNO])
values('EP0207','define31','define31',96,'项目清单号','','0',0,1500,1,'','0','0',0,'0','zh-CN','','','','0','0','','','0','','U870')
insert into aa_columndic_base  ([cKey],[cFld],[cQryField],[iColPos],[cCaption],[cCaptionPar],[bFixed],[bDisp],[iColWidth],[iAlign],[cOrder],[bLock],[iMergeCols],[bMustSel],[bNeedSum],[LocaleID],[IsEnum],[EnumType],[EnumTypeString],[bFilter],[bMerge],[CanModify],[ReferType],[bHideInColSet],[cSumType],[cProjectNO])
values('EP0207','define32','define32',97,'采购计划单号','','0',0,1500,1,'','0','0',0,'0','zh-CN','','','','0','0','','','0','','U870')
insert into aa_columndic_base  ([cKey],[cFld],[cQryField],[iColPos],[cCaption],[cCaptionPar],[bFixed],[bDisp],[iColWidth],[iAlign],[cOrder],[bLock],[iMergeCols],[bMustSel],[bNeedSum],[LocaleID],[IsEnum],[EnumType],[EnumTypeString],[bFilter],[bMerge],[CanModify],[ReferType],[bHideInColSet],[cSumType],[cProjectNO])
values('EP0207','define33','define33',98,'define33','','0',0,1500,1,'','0','0',0,'0','zh-CN','','','','0','0','','','0','','U870')
insert into aa_columndic_base  ([cKey],[cFld],[cQryField],[iColPos],[cCaption],[cCaptionPar],[bFixed],[bDisp],[iColWidth],[iAlign],[cOrder],[bLock],[iMergeCols],[bMustSel],[bNeedSum],[LocaleID],[IsEnum],[EnumType],[EnumTypeString],[bFilter],[bMerge],[CanModify],[ReferType],[bHideInColSet],[cSumType],[cProjectNO])
values('EP0207','define34','define34',99,'define34','','0',0,1500,1,'','0','0',0,'0','zh-CN','','','','0','0','','','0','','U870')
insert into aa_columndic_base  ([cKey],[cFld],[cQryField],[iColPos],[cCaption],[cCaptionPar],[bFixed],[bDisp],[iColWidth],[iAlign],[cOrder],[bLock],[iMergeCols],[bMustSel],[bNeedSum],[LocaleID],[IsEnum],[EnumType],[EnumTypeString],[bFilter],[bMerge],[CanModify],[ReferType],[bHideInColSet],[cSumType],[cProjectNO])
values('EP0207','define35','define35',100,'define35','','0',0,1500,1,'','0','0',0,'0','zh-CN','','','','0','0','','','0','','U870')
insert into aa_columndic_base  ([cKey],[cFld],[cQryField],[iColPos],[cCaption],[cCaptionPar],[bFixed],[bDisp],[iColWidth],[iAlign],[cOrder],[bLock],[iMergeCols],[bMustSel],[bNeedSum],[LocaleID],[IsEnum],[EnumType],[EnumTypeString],[bFilter],[bMerge],[CanModify],[ReferType],[bHideInColSet],[cSumType],[cProjectNO])
values('EP0207','define36','define36',101,'define36','','0',0,1500,7,'','0','0',0,'0','zh-CN','','','','0','0','','','0','','U870')
insert into aa_columndic_base  ([cKey],[cFld],[cQryField],[iColPos],[cCaption],[cCaptionPar],[bFixed],[bDisp],[iColWidth],[iAlign],[cOrder],[bLock],[iMergeCols],[bMustSel],[bNeedSum],[LocaleID],[IsEnum],[EnumType],[EnumTypeString],[bFilter],[bMerge],[CanModify],[ReferType],[bHideInColSet],[cSumType],[cProjectNO])
values('EP0207','define37','define37',102,'define37','','0',0,1500,7,'','0','0',0,'0','zh-CN','','','','0','0','','','0','','U870')
insert into aa_columndic_base  ([cKey],[cFld],[cQryField],[iColPos],[cCaption],[cCaptionPar],[bFixed],[bDisp],[iColWidth],[iAlign],[cOrder],[bLock],[iMergeCols],[bMustSel],[bNeedSum],[LocaleID],[IsEnum],[EnumType],[EnumTypeString],[bFilter],[bMerge],[CanModify],[ReferType],[bHideInColSet],[cSumType],[cProjectNO])
values('EP0207','b_cinvstd','b_cinvstd',103,'规格','','0',0,1500,1,'','0','0',0,'0','zh-CN','','','','0','0','','','0','','U870')
insert into aa_columndic_base  ([cKey],[cFld],[cQryField],[iColPos],[cCaption],[cCaptionPar],[bFixed],[bDisp],[iColWidth],[iAlign],[cOrder],[bLock],[iMergeCols],[bMustSel],[bNeedSum],[LocaleID],[IsEnum],[EnumType],[EnumTypeString],[bFilter],[bMerge],[CanModify],[ReferType],[bHideInColSet],[cSumType],[cProjectNO])
values('EP0207','b_ccomunitname','b_ccomunitname',104,'主计量单位','','0',0,1500,1,'','0','0',0,'0','zh-CN','','','','0','0','','','0','','U870')
insert into aa_columndic_base  ([cKey],[cFld],[cQryField],[iColPos],[cCaption],[cCaptionPar],[bFixed],[bDisp],[iColWidth],[iAlign],[cOrder],[bLock],[iMergeCols],[bMustSel],[bNeedSum],[LocaleID],[IsEnum],[EnumType],[EnumTypeString],[bFilter],[bMerge],[CanModify],[ReferType],[bHideInColSet],[cSumType],[cProjectNO])
values('EP0207','b_cfree1','b_cfree1',105,'表体存货自由项1','','0',0,1500,1,'','0','0',0,'0','zh-CN','','','','0','0','','','0','','U870')
insert into aa_columndic_base  ([cKey],[cFld],[cQryField],[iColPos],[cCaption],[cCaptionPar],[bFixed],[bDisp],[iColWidth],[iAlign],[cOrder],[bLock],[iMergeCols],[bMustSel],[bNeedSum],[LocaleID],[IsEnum],[EnumType],[EnumTypeString],[bFilter],[bMerge],[CanModify],[ReferType],[bHideInColSet],[cSumType],[cProjectNO])
values('EP0207','b_cfree2','b_cfree2',106,'表体存货自由项2','','0',0,1500,1,'','0','0',0,'0','zh-CN','','','','0','0','','','0','','U870')
insert into aa_columndic_base  ([cKey],[cFld],[cQryField],[iColPos],[cCaption],[cCaptionPar],[bFixed],[bDisp],[iColWidth],[iAlign],[cOrder],[bLock],[iMergeCols],[bMustSel],[bNeedSum],[LocaleID],[IsEnum],[EnumType],[EnumTypeString],[bFilter],[bMerge],[CanModify],[ReferType],[bHideInColSet],[cSumType],[cProjectNO])
values('EP0207','b_cfree3','b_cfree3',107,'表体存货自由项3','','0',0,1500,1,'','0','0',0,'0','zh-CN','','','','0','0','','','0','','U870')
insert into aa_columndic_base  ([cKey],[cFld],[cQryField],[iColPos],[cCaption],[cCaptionPar],[bFixed],[bDisp],[iColWidth],[iAlign],[cOrder],[bLock],[iMergeCols],[bMustSel],[bNeedSum],[LocaleID],[IsEnum],[EnumType],[EnumTypeString],[bFilter],[bMerge],[CanModify],[ReferType],[bHideInColSet],[cSumType],[cProjectNO])
values('EP0207','b_cfree4','b_cfree4',108,'表体存货自由项4','','0',0,1500,1,'','0','0',0,'0','zh-CN','','','','0','0','','','0','','U870')
insert into aa_columndic_base  ([cKey],[cFld],[cQryField],[iColPos],[cCaption],[cCaptionPar],[bFixed],[bDisp],[iColWidth],[iAlign],[cOrder],[bLock],[iMergeCols],[bMustSel],[bNeedSum],[LocaleID],[IsEnum],[EnumType],[EnumTypeString],[bFilter],[bMerge],[CanModify],[ReferType],[bHideInColSet],[cSumType],[cProjectNO])
values('EP0207','b_cfree5','b_cfree5',109,'表体存货自由项5','','0',0,1500,1,'','0','0',0,'0','zh-CN','','','','0','0','','','0','','U870')
insert into aa_columndic_base  ([cKey],[cFld],[cQryField],[iColPos],[cCaption],[cCaptionPar],[bFixed],[bDisp],[iColWidth],[iAlign],[cOrder],[bLock],[iMergeCols],[bMustSel],[bNeedSum],[LocaleID],[IsEnum],[EnumType],[EnumTypeString],[bFilter],[bMerge],[CanModify],[ReferType],[bHideInColSet],[cSumType],[cProjectNO])
values('EP0207','b_cfree6','b_cfree6',110,'表体存货自由项6','','0',0,1500,1,'','0','0',0,'0','zh-CN','','','','0','0','','','0','','U870')
insert into aa_columndic_base  ([cKey],[cFld],[cQryField],[iColPos],[cCaption],[cCaptionPar],[bFixed],[bDisp],[iColWidth],[iAlign],[cOrder],[bLock],[iMergeCols],[bMustSel],[bNeedSum],[LocaleID],[IsEnum],[EnumType],[EnumTypeString],[bFilter],[bMerge],[CanModify],[ReferType],[bHideInColSet],[cSumType],[cProjectNO])
values('EP0207','b_cfree7','b_cfree7',111,'表体存货自由项7','','0',0,1500,1,'','0','0',0,'0','zh-CN','','','','0','0','','','0','','U870')
insert into aa_columndic_base  ([cKey],[cFld],[cQryField],[iColPos],[cCaption],[cCaptionPar],[bFixed],[bDisp],[iColWidth],[iAlign],[cOrder],[bLock],[iMergeCols],[bMustSel],[bNeedSum],[LocaleID],[IsEnum],[EnumType],[EnumTypeString],[bFilter],[bMerge],[CanModify],[ReferType],[bHideInColSet],[cSumType],[cProjectNO])
values('EP0207','b_cfree8','b_cfree8',112,'表体存货自由项8','','0',0,1500,1,'','0','0',0,'0','zh-CN','','','','0','0','','','0','','U870')
insert into aa_columndic_base  ([cKey],[cFld],[cQryField],[iColPos],[cCaption],[cCaptionPar],[bFixed],[bDisp],[iColWidth],[iAlign],[cOrder],[bLock],[iMergeCols],[bMustSel],[bNeedSum],[LocaleID],[IsEnum],[EnumType],[EnumTypeString],[bFilter],[bMerge],[CanModify],[ReferType],[bHideInColSet],[cSumType],[cProjectNO])
values('EP0207','b_cfree9','b_cfree9',113,'表体存货自由项9','','0',0,1500,1,'','0','0',0,'0','zh-CN','','','','0','0','','','0','','U870')
insert into aa_columndic_base  ([cKey],[cFld],[cQryField],[iColPos],[cCaption],[cCaptionPar],[bFixed],[bDisp],[iColWidth],[iAlign],[cOrder],[bLock],[iMergeCols],[bMustSel],[bNeedSum],[LocaleID],[IsEnum],[EnumType],[EnumTypeString],[bFilter],[bMerge],[CanModify],[ReferType],[bHideInColSet],[cSumType],[cProjectNO])
values('EP0207','b_cfree10','b_cfree10',114,'表体存货自由项10','','0',0,1500,1,'','0','0',0,'0','zh-CN','','','','0','0','','','0','','U870')
insert into aa_columndic_base  ([cKey],[cFld],[cQryField],[iColPos],[cCaption],[cCaptionPar],[bFixed],[bDisp],[iColWidth],[iAlign],[cOrder],[bLock],[iMergeCols],[bMustSel],[bNeedSum],[LocaleID],[IsEnum],[EnumType],[EnumTypeString],[bFilter],[bMerge],[CanModify],[ReferType],[bHideInColSet],[cSumType],[cProjectNO])
values('EP0207','cInvDefine1','cInvDefine1',115,'存货自定义项1','','0',0,1500,1,'','0','0',0,'0','zh-CN','','','','0','0','','','0','','U870')
insert into aa_columndic_base  ([cKey],[cFld],[cQryField],[iColPos],[cCaption],[cCaptionPar],[bFixed],[bDisp],[iColWidth],[iAlign],[cOrder],[bLock],[iMergeCols],[bMustSel],[bNeedSum],[LocaleID],[IsEnum],[EnumType],[EnumTypeString],[bFilter],[bMerge],[CanModify],[ReferType],[bHideInColSet],[cSumType],[cProjectNO])
values('EP0207','cInvDefine2','cInvDefine2',116,'存货自定义项2','','0',0,1500,1,'','0','0',0,'0','zh-CN','','','','0','0','','','0','','U870')
insert into aa_columndic_base  ([cKey],[cFld],[cQryField],[iColPos],[cCaption],[cCaptionPar],[bFixed],[bDisp],[iColWidth],[iAlign],[cOrder],[bLock],[iMergeCols],[bMustSel],[bNeedSum],[LocaleID],[IsEnum],[EnumType],[EnumTypeString],[bFilter],[bMerge],[CanModify],[ReferType],[bHideInColSet],[cSumType],[cProjectNO])
values('EP0207','cInvDefine3','cInvDefine3',117,'存货自定义项3','','0',0,1500,1,'','0','0',0,'0','zh-CN','','','','0','0','','','0','','U870')
insert into aa_columndic_base  ([cKey],[cFld],[cQryField],[iColPos],[cCaption],[cCaptionPar],[bFixed],[bDisp],[iColWidth],[iAlign],[cOrder],[bLock],[iMergeCols],[bMustSel],[bNeedSum],[LocaleID],[IsEnum],[EnumType],[EnumTypeString],[bFilter],[bMerge],[CanModify],[ReferType],[bHideInColSet],[cSumType],[cProjectNO])
values('EP0207','cInvDefine4','cInvDefine4',118,'存货自定义项4','','0',0,1500,1,'','0','0',0,'0','zh-CN','','','','0','0','','','0','','U870')
insert into aa_columndic_base  ([cKey],[cFld],[cQryField],[iColPos],[cCaption],[cCaptionPar],[bFixed],[bDisp],[iColWidth],[iAlign],[cOrder],[bLock],[iMergeCols],[bMustSel],[bNeedSum],[LocaleID],[IsEnum],[EnumType],[EnumTypeString],[bFilter],[bMerge],[CanModify],[ReferType],[bHideInColSet],[cSumType],[cProjectNO])
values('EP0207','cInvDefine5','cInvDefine5',119,'存货自定义项5','','0',0,1500,1,'','0','0',0,'0','zh-CN','','','','0','0','','','0','','U870')
insert into aa_columndic_base  ([cKey],[cFld],[cQryField],[iColPos],[cCaption],[cCaptionPar],[bFixed],[bDisp],[iColWidth],[iAlign],[cOrder],[bLock],[iMergeCols],[bMustSel],[bNeedSum],[LocaleID],[IsEnum],[EnumType],[EnumTypeString],[bFilter],[bMerge],[CanModify],[ReferType],[bHideInColSet],[cSumType],[cProjectNO])
values('EP0207','cInvDefine6','cInvDefine6',120,'存货自定义项6','','0',0,1500,1,'','0','0',0,'0','zh-CN','','','','0','0','','','0','','U870')
insert into aa_columndic_base  ([cKey],[cFld],[cQryField],[iColPos],[cCaption],[cCaptionPar],[bFixed],[bDisp],[iColWidth],[iAlign],[cOrder],[bLock],[iMergeCols],[bMustSel],[bNeedSum],[LocaleID],[IsEnum],[EnumType],[EnumTypeString],[bFilter],[bMerge],[CanModify],[ReferType],[bHideInColSet],[cSumType],[cProjectNO])
values('EP0207','cInvDefine7','cInvDefine7',121,'存货自定义项7','','0',0,1500,1,'','0','0',0,'0','zh-CN','','','','0','0','','','0','','U870')
insert into aa_columndic_base  ([cKey],[cFld],[cQryField],[iColPos],[cCaption],[cCaptionPar],[bFixed],[bDisp],[iColWidth],[iAlign],[cOrder],[bLock],[iMergeCols],[bMustSel],[bNeedSum],[LocaleID],[IsEnum],[EnumType],[EnumTypeString],[bFilter],[bMerge],[CanModify],[ReferType],[bHideInColSet],[cSumType],[cProjectNO])
values('EP0207','cInvDefine8','cInvDefine8',122,'存货自定义项8','','0',0,1500,1,'','0','0',0,'0','zh-CN','','','','0','0','','','0','','U870')
insert into aa_columndic_base  ([cKey],[cFld],[cQryField],[iColPos],[cCaption],[cCaptionPar],[bFixed],[bDisp],[iColWidth],[iAlign],[cOrder],[bLock],[iMergeCols],[bMustSel],[bNeedSum],[LocaleID],[IsEnum],[EnumType],[EnumTypeString],[bFilter],[bMerge],[CanModify],[ReferType],[bHideInColSet],[cSumType],[cProjectNO])
values('EP0207','cInvDefine9','cInvDefine9',123,'存货自定义项9','','0',0,1500,1,'','0','0',0,'0','zh-CN','','','','0','0','','','0','','U870')
insert into aa_columndic_base  ([cKey],[cFld],[cQryField],[iColPos],[cCaption],[cCaptionPar],[bFixed],[bDisp],[iColWidth],[iAlign],[cOrder],[bLock],[iMergeCols],[bMustSel],[bNeedSum],[LocaleID],[IsEnum],[EnumType],[EnumTypeString],[bFilter],[bMerge],[CanModify],[ReferType],[bHideInColSet],[cSumType],[cProjectNO])
values('EP0207','cInvDefine10','cInvDefine10',124,'存货自定义项10','','0',0,1500,1,'','0','0',0,'0','zh-CN','','','','0','0','','','0','','U870')
insert into aa_columndic_base  ([cKey],[cFld],[cQryField],[iColPos],[cCaption],[cCaptionPar],[bFixed],[bDisp],[iColWidth],[iAlign],[cOrder],[bLock],[iMergeCols],[bMustSel],[bNeedSum],[LocaleID],[IsEnum],[EnumType],[EnumTypeString],[bFilter],[bMerge],[CanModify],[ReferType],[bHideInColSet],[cSumType],[cProjectNO])
values('EP0207','cInvDefine11','cInvDefine11',125,'存货自定义项11','','0',0,1500,7,'','0','0',0,'0','zh-CN','','','','0','0','','','0','','U870')
insert into aa_columndic_base  ([cKey],[cFld],[cQryField],[iColPos],[cCaption],[cCaptionPar],[bFixed],[bDisp],[iColWidth],[iAlign],[cOrder],[bLock],[iMergeCols],[bMustSel],[bNeedSum],[LocaleID],[IsEnum],[EnumType],[EnumTypeString],[bFilter],[bMerge],[CanModify],[ReferType],[bHideInColSet],[cSumType],[cProjectNO])
values('EP0207','cInvDefine12','cInvDefine12',126,'存货自定义项12','','0',0,1500,7,'','0','0',0,'0','zh-CN','','','','0','0','','','0','','U870')
insert into aa_columndic_base  ([cKey],[cFld],[cQryField],[iColPos],[cCaption],[cCaptionPar],[bFixed],[bDisp],[iColWidth],[iAlign],[cOrder],[bLock],[iMergeCols],[bMustSel],[bNeedSum],[LocaleID],[IsEnum],[EnumType],[EnumTypeString],[bFilter],[bMerge],[CanModify],[ReferType],[bHideInColSet],[cSumType],[cProjectNO])
values('EP0207','cInvDefine13','cInvDefine13',127,'存货自定义项13','','0',0,1500,7,'','0','0',0,'0','zh-CN','','','','0','0','','','0','','U870')
insert into aa_columndic_base  ([cKey],[cFld],[cQryField],[iColPos],[cCaption],[cCaptionPar],[bFixed],[bDisp],[iColWidth],[iAlign],[cOrder],[bLock],[iMergeCols],[bMustSel],[bNeedSum],[LocaleID],[IsEnum],[EnumType],[EnumTypeString],[bFilter],[bMerge],[CanModify],[ReferType],[bHideInColSet],[cSumType],[cProjectNO])
values('EP0207','cInvDefine14','cInvDefine14',128,'存货自定义项14','','0',0,1500,7,'','0','0',0,'0','zh-CN','','','','0','0','','','0','','U870')
insert into aa_columndic_base  ([cKey],[cFld],[cQryField],[iColPos],[cCaption],[cCaptionPar],[bFixed],[bDisp],[iColWidth],[iAlign],[cOrder],[bLock],[iMergeCols],[bMustSel],[bNeedSum],[LocaleID],[IsEnum],[EnumType],[EnumTypeString],[bFilter],[bMerge],[CanModify],[ReferType],[bHideInColSet],[cSumType],[cProjectNO])
values('EP0207','cInvDefine15','cInvDefine15',129,'存货自定义项15','','0',0,1500,1,'','0','0',0,'0','zh-CN','','','','0','0','','','0','','U870')
insert into aa_columndic_base  ([cKey],[cFld],[cQryField],[iColPos],[cCaption],[cCaptionPar],[bFixed],[bDisp],[iColWidth],[iAlign],[cOrder],[bLock],[iMergeCols],[bMustSel],[bNeedSum],[LocaleID],[IsEnum],[EnumType],[EnumTypeString],[bFilter],[bMerge],[CanModify],[ReferType],[bHideInColSet],[cSumType],[cProjectNO])
values('EP0207','cInvDefine16','cInvDefine16',130,'存货自定义项16','','0',0,1500,1,'','0','0',0,'0','zh-CN','','','','0','0','','','0','','U870')
insert into aa_columndic_base  ([cKey],[cFld],[cQryField],[iColPos],[cCaption],[cCaptionPar],[bFixed],[bDisp],[iColWidth],[iAlign],[cOrder],[bLock],[iMergeCols],[bMustSel],[bNeedSum],[LocaleID],[IsEnum],[EnumType],[EnumTypeString],[bFilter],[bMerge],[CanModify],[ReferType],[bHideInColSet],[cSumType],[cProjectNO])
values('EP0207','iinvexchrate','iinvexchrate',131,'换算率','','0',0,1500,7,'','0','0',0,'0','zh-CN','','','','0','0','','','0','','U870')
insert into aa_columndic_base  ([cKey],[cFld],[cQryField],[iColPos],[cCaption],[cCaptionPar],[bFixed],[bDisp],[iColWidth],[iAlign],[cOrder],[bLock],[iMergeCols],[bMustSel],[bNeedSum],[LocaleID],[IsEnum],[EnumType],[EnumTypeString],[bFilter],[bMerge],[CanModify],[ReferType],[bHideInColSet],[cSumType],[cProjectNO])
values('EP0207','auxunitcode','auxunitcode',132,'辅计量单位编码','','0',0,1500,1,'','0','0',0,'0','zh-CN','','','','0','0','','','0','','U870')
insert into aa_columndic_base  ([cKey],[cFld],[cQryField],[iColPos],[cCaption],[cCaptionPar],[bFixed],[bDisp],[iColWidth],[iAlign],[cOrder],[bLock],[iMergeCols],[bMustSel],[bNeedSum],[LocaleID],[IsEnum],[EnumType],[EnumTypeString],[bFilter],[bMerge],[CanModify],[ReferType],[bHideInColSet],[cSumType],[cProjectNO])
values('EP0207','auxunitname','auxunitname',133,'辅计量单位','','0',0,1500,1,'','0','0',0,'0','zh-CN','','','','0','0','','','0','','U870')
insert into aa_columndic_base  ([cKey],[cFld],[cQryField],[iColPos],[cCaption],[cCaptionPar],[bFixed],[bDisp],[iColWidth],[iAlign],[cOrder],[bLock],[iMergeCols],[bMustSel],[bNeedSum],[LocaleID],[IsEnum],[EnumType],[EnumTypeString],[bFilter],[bMerge],[CanModify],[ReferType],[bHideInColSet],[cSumType],[cProjectNO])
values('EP0207','cmaterialclass','cmaterialclass',134,'材料类别','','0',1,1500,1,'','0','0',0,'0','zh-CN','','','','0','0','','','0','','U870')
insert into aa_columndic_base  ([cKey],[cFld],[cQryField],[iColPos],[cCaption],[cCaptionPar],[bFixed],[bDisp],[iColWidth],[iAlign],[cOrder],[bLock],[iMergeCols],[bMustSel],[bNeedSum],[LocaleID],[IsEnum],[EnumType],[EnumTypeString],[bFilter],[bMerge],[CanModify],[ReferType],[bHideInColSet],[cSumType],[cProjectNO])
values('EP0207','icb','icb',135,'采购成本','','0',1,1500,7,'','0','0',0,'1','zh-CN','','','','0','0','','','0','','U870')
insert into aa_columndic_base  ([cKey],[cFld],[cQryField],[iColPos],[cCaption],[cCaptionPar],[bFixed],[bDisp],[iColWidth],[iAlign],[cOrder],[bLock],[iMergeCols],[bMustSel],[bNeedSum],[LocaleID],[IsEnum],[EnumType],[EnumTypeString],[bFilter],[bMerge],[CanModify],[ReferType],[bHideInColSet],[cSumType],[cProjectNO])
values('EP0207','ibj','ibj',136,'投标报价','','0',1,1500,7,'','0','0',0,'1','zh-CN','','','','0','0','','','0','','U870')
insert into aa_columndic_base  ([cKey],[cFld],[cQryField],[iColPos],[cCaption],[cCaptionPar],[bFixed],[bDisp],[iColWidth],[iAlign],[cOrder],[bLock],[iMergeCols],[bMustSel],[bNeedSum],[LocaleID],[IsEnum],[EnumType],[EnumTypeString],[bFilter],[bMerge],[CanModify],[ReferType],[bHideInColSet],[cSumType],[cProjectNO])
values('EP0207','cbmemo','cbmemo',137,'表体备注','','0',1,1500,1,'','0','0',0,'0','zh-CN','','','','0','0','','','0','','U870')
insert into aa_columndic_base  ([cKey],[cFld],[cQryField],[iColPos],[cCaption],[cCaptionPar],[bFixed],[bDisp],[iColWidth],[iAlign],[cOrder],[bLock],[iMergeCols],[bMustSel],[bNeedSum],[LocaleID],[IsEnum],[EnumType],[EnumTypeString],[bFilter],[bMerge],[CanModify],[ReferType],[bHideInColSet],[cSumType],[cProjectNO])
values('EP0207','cbcloser','cbcloser',138,'关闭人','','0',0,1500,1,'','0','0',0,'0','zh-CN','','','','0','0','','','0','','U870')
insert into aa_columndic_base  ([cKey],[cFld],[cQryField],[iColPos],[cCaption],[cCaptionPar],[bFixed],[bDisp],[iColWidth],[iAlign],[cOrder],[bLock],[iMergeCols],[bMustSel],[bNeedSum],[LocaleID],[IsEnum],[EnumType],[EnumTypeString],[bFilter],[bMerge],[CanModify],[ReferType],[bHideInColSet],[cSumType],[cProjectNO])
values('EP0207','cbclosedate','cbclosedate',139,'关闭日期','','0',0,1500,1,'','0','0',0,'0','zh-CN','','','','0','0','','','0','','U870')
insert into aa_columndic_base  ([cKey],[cFld],[cQryField],[iColPos],[cCaption],[cCaptionPar],[bFixed],[bDisp],[iColWidth],[iAlign],[cOrder],[bLock],[iMergeCols],[bMustSel],[bNeedSum],[LocaleID],[IsEnum],[EnumType],[EnumTypeString],[bFilter],[bMerge],[CanModify],[ReferType],[bHideInColSet],[cSumType],[cProjectNO])
values('EP0207','autoid','autoid',140,'autoid','','0',0,1500,4,'','0','0',1,'0','zh-CN','','','','0','0','','','0','','U870')

--

GO
-- select * from AA_Forms_base Where cFormCode =N'EP0207'
-- select * from AA_Forms_lang Where cFormCode =N'EP0207'
-- select * from AA_FormButtons_base Where cFormCode =N'EP0207'
-- select * from AA_FormButtons_lang Where cFormCode =N'EP0207'
-- select * from AA_FormButtonMenus_base Where cFormCode =N'EP0207'
-- select * from AA_FormButtonMenus_lang Where cFormCode =N'EP0207'
-- select * from AA_FormButtonAuths Where cFormCode =N'EP0207' 
Delete from AA_Forms_base Where cFormCode =N'EP0207'
GO
Delete from AA_Forms_lang Where cFormCode =N'EP0207'
GO
Delete from AA_FormButtons_base Where cFormCode =N'EP0207'
GO
Delete from AA_FormButtons_lang Where cFormCode =N'EP0207'
GO
Delete from AA_FormButtonMenus_base Where cFormCode =N'EP0207'
GO
Delete from AA_FormButtonMenus_lang Where cFormCode =N'EP0207'
GO
Delete from AA_FormButtonAuths Where cFormCode =N'EP0207' 
GO

GO
insert into AA_Forms_base ([cFormCode],[cSubID],[iFormType],[cMemo],[cProjectNO],[bSmallbutton])
values('EP0207','EF',0,'项目投标报价单','U870',0)

GO
insert into AA_Forms_lang ([cFormCode],[localeid],[cFormCaption],[cFormDesc],[cSubID],[cProjectNO])
values('EP0207','en-US','项目投标报价单','','EF','U870')
insert into AA_Forms_lang ([cFormCode],[localeid],[cFormCaption],[cFormDesc],[cSubID],[cProjectNO])
values('EP0207','zh-CN','项目投标报价单','','EF','U870')
insert into AA_Forms_lang ([cFormCode],[localeid],[cFormCaption],[cFormDesc],[cSubID],[cProjectNO])
values('EP0207','zh-TW','项目投标报价单','','EF','U870')

GO
insert into AA_FormButtons_base ([cFormCode],[cButtonKey],[cGroup],[cPic],[cToolBarType],[iToolBarStyle],[iOrder],[iheightRow],[cHotKey],[cAuthid],[iVoucherCtlIndex],[ctoolbarPosIndex],[cResID],[cTipResID],[cSubID],[cProjectNO],[cForegroundColor],[cBackgroundColor],[cSetGroup],[iSetGroupRow],[ProcessObjectName],[FunctionKey])
values('EP0207','add','EP0207_P_20','Add','PortalToolbar',5,40,3,'F5','',0,'P','','','EF','U870','','','EP0207_P_20_20',1,'','')
insert into AA_FormButtons_base ([cFormCode],[cButtonKey],[cGroup],[cPic],[cToolBarType],[iToolBarStyle],[iOrder],[iheightRow],[cHotKey],[cAuthid],[iVoucherCtlIndex],[ctoolbarPosIndex],[cResID],[cTipResID],[cSubID],[cProjectNO],[cForegroundColor],[cBackgroundColor],[cSetGroup],[iSetGroupRow],[ProcessObjectName],[FunctionKey])
values('EP0207','batchmodify','EP0207_B_10','batchmodify','PortalToolbar',0,50,1,'','',0,'B','','','EF','U870',Null,Null,'EP0207_B_10_0',1,Null,Null)
insert into AA_FormButtons_base ([cFormCode],[cButtonKey],[cGroup],[cPic],[cToolBarType],[iToolBarStyle],[iOrder],[iheightRow],[cHotKey],[cAuthid],[iVoucherCtlIndex],[ctoolbarPosIndex],[cResID],[cTipResID],[cSubID],[cProjectNO],[cForegroundColor],[cBackgroundColor],[cSetGroup],[iSetGroupRow],[ProcessObjectName],[FunctionKey])
values('EP0207','cancel','EP0207_P_20','Cancel','PortalToolbar',0,100,1,'Ctrl+Z','',0,'P','','','EF','U870','','','EP0207_P_20_50',2,'','')
insert into AA_FormButtons_base ([cFormCode],[cButtonKey],[cGroup],[cPic],[cToolBarType],[iToolBarStyle],[iOrder],[iheightRow],[cHotKey],[cAuthid],[iVoucherCtlIndex],[ctoolbarPosIndex],[cResID],[cTipResID],[cSubID],[cProjectNO],[cForegroundColor],[cBackgroundColor],[cSetGroup],[iSetGroupRow],[ProcessObjectName],[FunctionKey])
values('EP0207','closeline','EP0207_B_10','close','PortalToolbar',0,60,1,'','',0,'B','','','EF','U870',Null,Null,'EP0207_B_10_0',1,Null,Null)
insert into AA_FormButtons_base ([cFormCode],[cButtonKey],[cGroup],[cPic],[cToolBarType],[iToolBarStyle],[iOrder],[iheightRow],[cHotKey],[cAuthid],[iVoucherCtlIndex],[ctoolbarPosIndex],[cResID],[cTipResID],[cSubID],[cProjectNO],[cForegroundColor],[cBackgroundColor],[cSetGroup],[iSetGroupRow],[ProcessObjectName],[FunctionKey])
values('EP0207','closeorder','EP0207_P_40','close','PortalToolbar',0,180,1,'','',0,'P','','','EF','U870','black','','EP0207_P_40_10',2,'','')
insert into AA_FormButtons_base ([cFormCode],[cButtonKey],[cGroup],[cPic],[cToolBarType],[iToolBarStyle],[iOrder],[iheightRow],[cHotKey],[cAuthid],[iVoucherCtlIndex],[ctoolbarPosIndex],[cResID],[cTipResID],[cSubID],[cProjectNO],[cForegroundColor],[cBackgroundColor],[cSetGroup],[iSetGroupRow],[ProcessObjectName],[FunctionKey])
values('EP0207','copy','EP0207_P_20','Copy','PortalToolbar',0,50,1,'Ctrl+F5','',0,'P','','','EF','U870','black','','EP0207_P_20_30',2,'','')
insert into AA_FormButtons_base ([cFormCode],[cButtonKey],[cGroup],[cPic],[cToolBarType],[iToolBarStyle],[iOrder],[iheightRow],[cHotKey],[cAuthid],[iVoucherCtlIndex],[ctoolbarPosIndex],[cResID],[cTipResID],[cSubID],[cProjectNO],[cForegroundColor],[cBackgroundColor],[cSetGroup],[iSetGroupRow],[ProcessObjectName],[FunctionKey])
values('EP0207','copyline','EP0207_B_10','copy a line','PortalToolbar',0,20,1,'','',0,'B','','','EF','U870',Null,Null,'EP0207_B_10_0',1,Null,Null)
insert into AA_FormButtons_base ([cFormCode],[cButtonKey],[cGroup],[cPic],[cToolBarType],[iToolBarStyle],[iOrder],[iheightRow],[cHotKey],[cAuthid],[iVoucherCtlIndex],[ctoolbarPosIndex],[cResID],[cTipResID],[cSubID],[cProjectNO],[cForegroundColor],[cBackgroundColor],[cSetGroup],[iSetGroupRow],[ProcessObjectName],[FunctionKey])
values('EP0207','delete','EP0207_P_20','Delete','PortalToolbar',0,80,1,'Del','',0,'P','','','EF','U870','','','EP0207_P_20_40',2,'','')
insert into AA_FormButtons_base ([cFormCode],[cButtonKey],[cGroup],[cPic],[cToolBarType],[iToolBarStyle],[iOrder],[iheightRow],[cHotKey],[cAuthid],[iVoucherCtlIndex],[ctoolbarPosIndex],[cResID],[cTipResID],[cSubID],[cProjectNO],[cForegroundColor],[cBackgroundColor],[cSetGroup],[iSetGroupRow],[ProcessObjectName],[FunctionKey])
values('EP0207','delline','EP0207_B_10','Delete a row','PortalToolbar',0,40,1,'Ctrl+D','',0,'B','','','EF','U870',Null,Null,'EP0207_B_10_0',1,Null,Null)
insert into AA_FormButtons_base ([cFormCode],[cButtonKey],[cGroup],[cPic],[cToolBarType],[iToolBarStyle],[iOrder],[iheightRow],[cHotKey],[cAuthid],[iVoucherCtlIndex],[ctoolbarPosIndex],[cResID],[cTipResID],[cSubID],[cProjectNO],[cForegroundColor],[cBackgroundColor],[cSetGroup],[iSetGroupRow],[ProcessObjectName],[FunctionKey])
values('EP0207','Discussion','EP0207_P_50','Discuss','PortalToolbar',0,210,1,'','',0,'P','','','EF','U870','','','EP0207_P_50_10',3,'VchPubButtons.clsMain','Discuss')
insert into AA_FormButtons_base ([cFormCode],[cButtonKey],[cGroup],[cPic],[cToolBarType],[iToolBarStyle],[iOrder],[iheightRow],[cHotKey],[cAuthid],[iVoucherCtlIndex],[ctoolbarPosIndex],[cResID],[cTipResID],[cSubID],[cProjectNO],[cForegroundColor],[cBackgroundColor],[cSetGroup],[iSetGroupRow],[ProcessObjectName],[FunctionKey])
values('EP0207','displayFormat','EP0207_B_10','displayFormat','PortalToolbar',5,100,1,'','',0,'B','','','EF','U870',Null,Null,'EP0207_B_10_0',1,'VchPubButtons.clsMain','ShowFormat')
insert into AA_FormButtons_base ([cFormCode],[cButtonKey],[cGroup],[cPic],[cToolBarType],[iToolBarStyle],[iOrder],[iheightRow],[cHotKey],[cAuthid],[iVoucherCtlIndex],[ctoolbarPosIndex],[cResID],[cTipResID],[cSubID],[cProjectNO],[cForegroundColor],[cBackgroundColor],[cSetGroup],[iSetGroupRow],[ProcessObjectName],[FunctionKey])
values('EP0207','draft','EP0207_P_20','Draft','PortalToolbar',128,60,1,'','',0,'P','','','EF','U870','','','EP0207_P_20_30',2,'VchPubButtons.clsMain','Draft')
insert into AA_FormButtons_base ([cFormCode],[cButtonKey],[cGroup],[cPic],[cToolBarType],[iToolBarStyle],[iOrder],[iheightRow],[cHotKey],[cAuthid],[iVoucherCtlIndex],[ctoolbarPosIndex],[cResID],[cTipResID],[cSubID],[cProjectNO],[cForegroundColor],[cBackgroundColor],[cSetGroup],[iSetGroupRow],[ProcessObjectName],[FunctionKey])
values('EP0207','formatsetup','EP0207_P_60','format','PortalToolbar',0,240,1,'','',0,'P','','','EF','U870','black','','EP0207_P_60_20',3,'','')
insert into AA_FormButtons_base ([cFormCode],[cButtonKey],[cGroup],[cPic],[cToolBarType],[iToolBarStyle],[iOrder],[iheightRow],[cHotKey],[cAuthid],[iVoucherCtlIndex],[ctoolbarPosIndex],[cResID],[cTipResID],[cSubID],[cProjectNO],[cForegroundColor],[cBackgroundColor],[cSetGroup],[iSetGroupRow],[ProcessObjectName],[FunctionKey])
values('EP0207','import','EP0207_P_60','import','PortalToolbar',0,230,3,'','',0,'P','','','EF','U870','black','','EP0207_P_60_10',1,'','')
insert into AA_FormButtons_base ([cFormCode],[cButtonKey],[cGroup],[cPic],[cToolBarType],[iToolBarStyle],[iOrder],[iheightRow],[cHotKey],[cAuthid],[iVoucherCtlIndex],[ctoolbarPosIndex],[cResID],[cTipResID],[cSubID],[cProjectNO],[cForegroundColor],[cBackgroundColor],[cSetGroup],[iSetGroupRow],[ProcessObjectName],[FunctionKey])
values('EP0207','insertline','EP0207_B_10','insert row','PortalToolbar',0,10,1,'Ctrl+I','',0,'B','','','EF','U870',Null,Null,'EP0207_B_10_0',1,Null,Null)
insert into AA_FormButtons_base ([cFormCode],[cButtonKey],[cGroup],[cPic],[cToolBarType],[iToolBarStyle],[iOrder],[iheightRow],[cHotKey],[cAuthid],[iVoucherCtlIndex],[ctoolbarPosIndex],[cResID],[cTipResID],[cSubID],[cProjectNO],[cForegroundColor],[cBackgroundColor],[cSetGroup],[iSetGroupRow],[ProcessObjectName],[FunctionKey])
values('EP0207','locate','PF_Voucher_T_1','Advanced','PortalToolbar',0,80,3,'Ctrl+F3','',0,'T','','','EF','U870',Null,Null,'PF_Voucher_T_1_8',1,Null,Null)
insert into AA_FormButtons_base ([cFormCode],[cButtonKey],[cGroup],[cPic],[cToolBarType],[iToolBarStyle],[iOrder],[iheightRow],[cHotKey],[cAuthid],[iVoucherCtlIndex],[ctoolbarPosIndex],[cResID],[cTipResID],[cSubID],[cProjectNO],[cForegroundColor],[cBackgroundColor],[cSetGroup],[iSetGroupRow],[ProcessObjectName],[FunctionKey])
values('EP0207','mirowsplitter','EP0207_B_10','Split Row','PortalToolbar',0,30,1,'','',0,'B','','','EF','U870','black','','EP0207_B_10_0',1,Null,Null)
insert into AA_FormButtons_base ([cFormCode],[cButtonKey],[cGroup],[cPic],[cToolBarType],[iToolBarStyle],[iOrder],[iheightRow],[cHotKey],[cAuthid],[iVoucherCtlIndex],[ctoolbarPosIndex],[cResID],[cTipResID],[cSubID],[cProjectNO],[cForegroundColor],[cBackgroundColor],[cSetGroup],[iSetGroupRow],[ProcessObjectName],[FunctionKey])
values('EP0207','modify','EP0207_P_20','Modify','PortalToolbar',0,70,1,'F8','',0,'P','','','EF','U870','','','EP0207_P_20_40',2,'','')
insert into AA_FormButtons_base ([cFormCode],[cButtonKey],[cGroup],[cPic],[cToolBarType],[iToolBarStyle],[iOrder],[iheightRow],[cHotKey],[cAuthid],[iVoucherCtlIndex],[ctoolbarPosIndex],[cResID],[cTipResID],[cSubID],[cProjectNO],[cForegroundColor],[cBackgroundColor],[cSetGroup],[iSetGroupRow],[ProcessObjectName],[FunctionKey])
values('EP0207','Notes','EP0207_P_50','Notes','PortalToolbar',0,200,1,'','',0,'P','','','EF','U870','black','','EP0207_P_50_10',3,'VchPubButtons.clsMain','Notes')
insert into AA_FormButtons_base ([cFormCode],[cButtonKey],[cGroup],[cPic],[cToolBarType],[iToolBarStyle],[iOrder],[iheightRow],[cHotKey],[cAuthid],[iVoucherCtlIndex],[ctoolbarPosIndex],[cResID],[cTipResID],[cSubID],[cProjectNO],[cForegroundColor],[cBackgroundColor],[cSetGroup],[iSetGroupRow],[ProcessObjectName],[FunctionKey])
values('EP0207','Notify','EP0207_P_50','Notify','PortalToolbar',0,220,1,'','',0,'P','','','EF','U870','','','EP0207_P_50_10',3,'VchPubButtons.clsMain','Notify')
insert into AA_FormButtons_base ([cFormCode],[cButtonKey],[cGroup],[cPic],[cToolBarType],[iToolBarStyle],[iOrder],[iheightRow],[cHotKey],[cAuthid],[iVoucherCtlIndex],[ctoolbarPosIndex],[cResID],[cTipResID],[cSubID],[cProjectNO],[cForegroundColor],[cBackgroundColor],[cSetGroup],[iSetGroupRow],[ProcessObjectName],[FunctionKey])
values('EP0207','openline','EP0207_B_10','open','PortalToolbar',0,70,1,'','',0,'B','','','EF','U870',Null,Null,'EP0207_B_10_0',1,Null,Null)
insert into AA_FormButtons_base ([cFormCode],[cButtonKey],[cGroup],[cPic],[cToolBarType],[iToolBarStyle],[iOrder],[iheightRow],[cHotKey],[cAuthid],[iVoucherCtlIndex],[ctoolbarPosIndex],[cResID],[cTipResID],[cSubID],[cProjectNO],[cForegroundColor],[cBackgroundColor],[cSetGroup],[iSetGroupRow],[ProcessObjectName],[FunctionKey])
values('EP0207','openorder','EP0207_P_40','open','PortalToolbar',0,190,1,'','',0,'P','','','EF','U870','black','','EP0207_P_40_10',2,'','')
insert into AA_FormButtons_base ([cFormCode],[cButtonKey],[cGroup],[cPic],[cToolBarType],[iToolBarStyle],[iOrder],[iheightRow],[cHotKey],[cAuthid],[iVoucherCtlIndex],[ctoolbarPosIndex],[cResID],[cTipResID],[cSubID],[cProjectNO],[cForegroundColor],[cBackgroundColor],[cSetGroup],[iSetGroupRow],[ProcessObjectName],[FunctionKey])
values('EP0207','output','EP0207_P_10','Output','PortalToolbar',0,20,1,'ALT+E','',0,'P','','','EF','U870','','','EP0207_P_10_10',2,'','')
insert into AA_FormButtons_base ([cFormCode],[cButtonKey],[cGroup],[cPic],[cToolBarType],[iToolBarStyle],[iOrder],[iheightRow],[cHotKey],[cAuthid],[iVoucherCtlIndex],[ctoolbarPosIndex],[cResID],[cTipResID],[cSubID],[cProjectNO],[cForegroundColor],[cBackgroundColor],[cSetGroup],[iSetGroupRow],[ProcessObjectName],[FunctionKey])
values('EP0207','print','EP0207_P_10','Print','PortalToolbar',5,10,1,'Ctrl+P','',0,'P','','','EF','U870','','','EP0207_P_10_10',2,'','')
insert into AA_FormButtons_base ([cFormCode],[cButtonKey],[cGroup],[cPic],[cToolBarType],[iToolBarStyle],[iOrder],[iheightRow],[cHotKey],[cAuthid],[iVoucherCtlIndex],[ctoolbarPosIndex],[cResID],[cTipResID],[cSubID],[cProjectNO],[cForegroundColor],[cBackgroundColor],[cSetGroup],[iSetGroupRow],[ProcessObjectName],[FunctionKey])
values('EP0207','PrintTemplate','EP0207_P_60','PrintTemplate','PortalToolbar',55,270,1,'','',0,'P','','','EF','U870','','','EP0207_P_60_30',1,'','')
insert into AA_FormButtons_base ([cFormCode],[cButtonKey],[cGroup],[cPic],[cToolBarType],[iToolBarStyle],[iOrder],[iheightRow],[cHotKey],[cAuthid],[iVoucherCtlIndex],[ctoolbarPosIndex],[cResID],[cTipResID],[cSubID],[cProjectNO],[cForegroundColor],[cBackgroundColor],[cSetGroup],[iSetGroupRow],[ProcessObjectName],[FunctionKey])
values('EP0207','refresh','PF_Voucher_T_1','Refresh','PortalToolbar',0,30,3,'Ctrl+R','',0,'T','','','EF','U870',Null,Null,'PF_Voucher_T_1_3',1,Null,Null)
insert into AA_FormButtons_base ([cFormCode],[cButtonKey],[cGroup],[cPic],[cToolBarType],[iToolBarStyle],[iOrder],[iheightRow],[cHotKey],[cAuthid],[iVoucherCtlIndex],[ctoolbarPosIndex],[cResID],[cTipResID],[cSubID],[cProjectNO],[cForegroundColor],[cBackgroundColor],[cSetGroup],[iSetGroupRow],[ProcessObjectName],[FunctionKey])
values('EP0207','save','EP0207_P_20','Save','PortalToolbar',5,110,3,'','',0,'P','','','EF','U870','','','EP0207_P_20_60',1,'','')
insert into AA_FormButtons_base ([cFormCode],[cButtonKey],[cGroup],[cPic],[cToolBarType],[iToolBarStyle],[iOrder],[iheightRow],[cHotKey],[cAuthid],[iVoucherCtlIndex],[ctoolbarPosIndex],[cResID],[cTipResID],[cSubID],[cProjectNO],[cForegroundColor],[cBackgroundColor],[cSetGroup],[iSetGroupRow],[ProcessObjectName],[FunctionKey])
values('EP0207','savelayout','EP0207_P_60','SaveFormat','PortalToolbar',0,250,1,'','',0,'P','','','EF','U870','','','EP0207_P_60_20',3,'','')
insert into AA_FormButtons_base ([cFormCode],[cButtonKey],[cGroup],[cPic],[cToolBarType],[iToolBarStyle],[iOrder],[iheightRow],[cHotKey],[cAuthid],[iVoucherCtlIndex],[ctoolbarPosIndex],[cResID],[cTipResID],[cSubID],[cProjectNO],[cForegroundColor],[cBackgroundColor],[cSetGroup],[iSetGroupRow],[ProcessObjectName],[FunctionKey])
values('EP0207','SortLocate','EP0207_B_10','sorting','PortalToolbar',5,90,1,'','',0,'B','','','EF','U870',Null,Null,'EP0207_B_10_0',1,'VchPubButtons.clsMain','Sort')
insert into AA_FormButtons_base ([cFormCode],[cButtonKey],[cGroup],[cPic],[cToolBarType],[iToolBarStyle],[iOrder],[iheightRow],[cHotKey],[cAuthid],[iVoucherCtlIndex],[ctoolbarPosIndex],[cResID],[cTipResID],[cSubID],[cProjectNO],[cForegroundColor],[cBackgroundColor],[cSetGroup],[iSetGroupRow],[ProcessObjectName],[FunctionKey])
values('EP0207','tableline1','EP0207_B_10','','PortalToolbar',3,80,1,'','',0,'B','','','EF','U870','','','EP0207_B_10_0',1,Null,Null)
insert into AA_FormButtons_base ([cFormCode],[cButtonKey],[cGroup],[cPic],[cToolBarType],[iToolBarStyle],[iOrder],[iheightRow],[cHotKey],[cAuthid],[iVoucherCtlIndex],[ctoolbarPosIndex],[cResID],[cTipResID],[cSubID],[cProjectNO],[cForegroundColor],[cBackgroundColor],[cSetGroup],[iSetGroupRow],[ProcessObjectName],[FunctionKey])
values('EP0207','tofirst','PF_Voucher_T_1','first page','PortalToolbar',0,40,3,'ALT+PageUP','',0,'T','','','EF','U870',Null,Null,'PF_Voucher_T_1_4',1,Null,Null)
insert into AA_FormButtons_base ([cFormCode],[cButtonKey],[cGroup],[cPic],[cToolBarType],[iToolBarStyle],[iOrder],[iheightRow],[cHotKey],[cAuthid],[iVoucherCtlIndex],[ctoolbarPosIndex],[cResID],[cTipResID],[cSubID],[cProjectNO],[cForegroundColor],[cBackgroundColor],[cSetGroup],[iSetGroupRow],[ProcessObjectName],[FunctionKey])
values('EP0207','tolast','PF_Voucher_T_1','Last page','PortalToolbar',0,70,3,'ALT+PageDown','',0,'T','','','EF','U870',Null,Null,'PF_Voucher_T_1_7',1,Null,Null)
insert into AA_FormButtons_base ([cFormCode],[cButtonKey],[cGroup],[cPic],[cToolBarType],[iToolBarStyle],[iOrder],[iheightRow],[cHotKey],[cAuthid],[iVoucherCtlIndex],[ctoolbarPosIndex],[cResID],[cTipResID],[cSubID],[cProjectNO],[cForegroundColor],[cBackgroundColor],[cSetGroup],[iSetGroupRow],[ProcessObjectName],[FunctionKey])
values('EP0207','tonext','PF_Voucher_T_1','Next page','PortalToolbar',0,60,1,'PageDown','',0,'T','','','EF','U870',Null,Null,'PF_Voucher_T_1_6',3,Null,Null)
insert into AA_FormButtons_base ([cFormCode],[cButtonKey],[cGroup],[cPic],[cToolBarType],[iToolBarStyle],[iOrder],[iheightRow],[cHotKey],[cAuthid],[iVoucherCtlIndex],[ctoolbarPosIndex],[cResID],[cTipResID],[cSubID],[cProjectNO],[cForegroundColor],[cBackgroundColor],[cSetGroup],[iSetGroupRow],[ProcessObjectName],[FunctionKey])
values('EP0207','toprevious','PF_Voucher_T_1','Previous Page','PortalToolbar',0,50,1,'PageUP','',0,'T','','','EF','U870',Null,Null,'PF_Voucher_T_1_5',3,Null,Null)
insert into AA_FormButtons_base ([cFormCode],[cButtonKey],[cGroup],[cPic],[cToolBarType],[iToolBarStyle],[iOrder],[iheightRow],[cHotKey],[cAuthid],[iVoucherCtlIndex],[ctoolbarPosIndex],[cResID],[cTipResID],[cSubID],[cProjectNO],[cForegroundColor],[cBackgroundColor],[cSetGroup],[iSetGroupRow],[ProcessObjectName],[FunctionKey])
values('EP0207','unverify','EP0207_P_30','Unapprove','PortalToolbar',0,170,1,'','',0,'P','','','EF','U870','','','EP0207_P_30_30',2,'','')
insert into AA_FormButtons_base ([cFormCode],[cButtonKey],[cGroup],[cPic],[cToolBarType],[iToolBarStyle],[iOrder],[iheightRow],[cHotKey],[cAuthid],[iVoucherCtlIndex],[ctoolbarPosIndex],[cResID],[cTipResID],[cSubID],[cProjectNO],[cForegroundColor],[cBackgroundColor],[cSetGroup],[iSetGroupRow],[ProcessObjectName],[FunctionKey])
values('EP0207','verify','EP0207_P_30','Approve','PortalToolbar',0,150,3,'','',0,'P','','','EF','U870','','','EP0207_P_30_20',1,'','')

GO
insert into AA_FormButtons_lang ([cFormCode],[localeid],[cButtonKey],[cCaption],[cToolTip],[cSubID],[cProjectNO])
values('EP0207','en-US','add','Add','Add','EF','U870')
insert into AA_FormButtons_lang ([cFormCode],[localeid],[cButtonKey],[cCaption],[cToolTip],[cSubID],[cProjectNO])
values('EP0207','en-US','batchmodify','batchmodify','batchmodify','EF','U870')
insert into AA_FormButtons_lang ([cFormCode],[localeid],[cButtonKey],[cCaption],[cToolTip],[cSubID],[cProjectNO])
values('EP0207','en-US','cancel','Abolish','Abolish','EF','U870')
insert into AA_FormButtons_lang ([cFormCode],[localeid],[cButtonKey],[cCaption],[cToolTip],[cSubID],[cProjectNO])
values('EP0207','en-US','closeline','Modify','Modify','EF','U870')
insert into AA_FormButtons_lang ([cFormCode],[localeid],[cButtonKey],[cCaption],[cToolTip],[cSubID],[cProjectNO])
values('EP0207','en-US','closeorder','关闭','关闭','EF','U870')
insert into AA_FormButtons_lang ([cFormCode],[localeid],[cButtonKey],[cCaption],[cToolTip],[cSubID],[cProjectNO])
values('EP0207','en-US','copy','复制','复制','EF','U870')
insert into AA_FormButtons_lang ([cFormCode],[localeid],[cButtonKey],[cCaption],[cToolTip],[cSubID],[cProjectNO])
values('EP0207','en-US','copyline','copy a line','copy a line','EF','U870')
insert into AA_FormButtons_lang ([cFormCode],[localeid],[cButtonKey],[cCaption],[cToolTip],[cSubID],[cProjectNO])
values('EP0207','en-US','delete','Delete','Delete','EF','U870')
insert into AA_FormButtons_lang ([cFormCode],[localeid],[cButtonKey],[cCaption],[cToolTip],[cSubID],[cProjectNO])
values('EP0207','en-US','delline','Delete a row','Delete a row','EF','U870')
insert into AA_FormButtons_lang ([cFormCode],[localeid],[cButtonKey],[cCaption],[cToolTip],[cSubID],[cProjectNO])
values('EP0207','en-US','Discussion','Discussion','Discussion','EF','U870')
insert into AA_FormButtons_lang ([cFormCode],[localeid],[cButtonKey],[cCaption],[cToolTip],[cSubID],[cProjectNO])
values('EP0207','en-US','displayFormat','display format','display format','EF','U870')
insert into AA_FormButtons_lang ([cFormCode],[localeid],[cButtonKey],[cCaption],[cToolTip],[cSubID],[cProjectNO])
values('EP0207','en-US','draft','Draft','Draft','EF','U870')
insert into AA_FormButtons_lang ([cFormCode],[localeid],[cButtonKey],[cCaption],[cToolTip],[cSubID],[cProjectNO])
values('EP0207','en-US','formatsetup','格式设置','单据格式设置','EF','U870')
insert into AA_FormButtons_lang ([cFormCode],[localeid],[cButtonKey],[cCaption],[cToolTip],[cSubID],[cProjectNO])
values('EP0207','en-US','import','导入','导入','EF','U870')
insert into AA_FormButtons_lang ([cFormCode],[localeid],[cButtonKey],[cCaption],[cToolTip],[cSubID],[cProjectNO])
values('EP0207','en-US','insertline','Insert line','Insert line','EF','U870')
insert into AA_FormButtons_lang ([cFormCode],[localeid],[cButtonKey],[cCaption],[cToolTip],[cSubID],[cProjectNO])
values('EP0207','en-US','locate','location','location','EF','U870')
insert into AA_FormButtons_lang ([cFormCode],[localeid],[cButtonKey],[cCaption],[cToolTip],[cSubID],[cProjectNO])
values('EP0207','en-US','mirowsplitter','Row Splitter','Row Splitter','EF','U870')
insert into AA_FormButtons_lang ([cFormCode],[localeid],[cButtonKey],[cCaption],[cToolTip],[cSubID],[cProjectNO])
values('EP0207','en-US','modify','Modify','Modify','EF','U870')
insert into AA_FormButtons_lang ([cFormCode],[localeid],[cButtonKey],[cCaption],[cToolTip],[cSubID],[cProjectNO])
values('EP0207','en-US','Notes','Notes','Notes','EF','U870')
insert into AA_FormButtons_lang ([cFormCode],[localeid],[cButtonKey],[cCaption],[cToolTip],[cSubID],[cProjectNO])
values('EP0207','en-US','Notify','Notify','Notify','EF','U870')
insert into AA_FormButtons_lang ([cFormCode],[localeid],[cButtonKey],[cCaption],[cToolTip],[cSubID],[cProjectNO])
values('EP0207','en-US','openline','open line','open line','EF','U870')
insert into AA_FormButtons_lang ([cFormCode],[localeid],[cButtonKey],[cCaption],[cToolTip],[cSubID],[cProjectNO])
values('EP0207','en-US','openorder','打开','打开','EF','U870')
insert into AA_FormButtons_lang ([cFormCode],[localeid],[cButtonKey],[cCaption],[cToolTip],[cSubID],[cProjectNO])
values('EP0207','en-US','output','output','output','EF','U870')
insert into AA_FormButtons_lang ([cFormCode],[localeid],[cButtonKey],[cCaption],[cToolTip],[cSubID],[cProjectNO])
values('EP0207','en-US','print','Print','Print','EF','U870')
insert into AA_FormButtons_lang ([cFormCode],[localeid],[cButtonKey],[cCaption],[cToolTip],[cSubID],[cProjectNO])
values('EP0207','en-US','PrintTemplate','PrintTemplate','PrintTemplate','EF','U870')
insert into AA_FormButtons_lang ([cFormCode],[localeid],[cButtonKey],[cCaption],[cToolTip],[cSubID],[cProjectNO])
values('EP0207','en-US','refresh','Refresh','Refresh','EF','U870')
insert into AA_FormButtons_lang ([cFormCode],[localeid],[cButtonKey],[cCaption],[cToolTip],[cSubID],[cProjectNO])
values('EP0207','en-US','save','Save','Save','EF','U870')
insert into AA_FormButtons_lang ([cFormCode],[localeid],[cButtonKey],[cCaption],[cToolTip],[cSubID],[cProjectNO])
values('EP0207','en-US','savelayout','Save Layout','Save col width to Voucher Templates','EF','U870')
insert into AA_FormButtons_lang ([cFormCode],[localeid],[cButtonKey],[cCaption],[cToolTip],[cSubID],[cProjectNO])
values('EP0207','en-US','SortLocate','Sort and Locate','Sort and Locate','EF','U870')
insert into AA_FormButtons_lang ([cFormCode],[localeid],[cButtonKey],[cCaption],[cToolTip],[cSubID],[cProjectNO])
values('EP0207','en-US','tableline1','','','EF','U870')
insert into AA_FormButtons_lang ([cFormCode],[localeid],[cButtonKey],[cCaption],[cToolTip],[cSubID],[cProjectNO])
values('EP0207','en-US','tofirst','First','First','EF','U870')
insert into AA_FormButtons_lang ([cFormCode],[localeid],[cButtonKey],[cCaption],[cToolTip],[cSubID],[cProjectNO])
values('EP0207','en-US','tolast','Last','Last','EF','U870')
insert into AA_FormButtons_lang ([cFormCode],[localeid],[cButtonKey],[cCaption],[cToolTip],[cSubID],[cProjectNO])
values('EP0207','en-US','tonext','Next','Next','EF','U870')
insert into AA_FormButtons_lang ([cFormCode],[localeid],[cButtonKey],[cCaption],[cToolTip],[cSubID],[cProjectNO])
values('EP0207','en-US','toprevious','Previous','Previous','EF','U870')
insert into AA_FormButtons_lang ([cFormCode],[localeid],[cButtonKey],[cCaption],[cToolTip],[cSubID],[cProjectNO])
values('EP0207','en-US','unverify','Revert','Revert','EF','U870')
insert into AA_FormButtons_lang ([cFormCode],[localeid],[cButtonKey],[cCaption],[cToolTip],[cSubID],[cProjectNO])
values('EP0207','en-US','verify','Approve','Approve','EF','U870')
insert into AA_FormButtons_lang ([cFormCode],[localeid],[cButtonKey],[cCaption],[cToolTip],[cSubID],[cProjectNO])
values('EP0207','zh-CN','add','增加','增加','EF','U870')
insert into AA_FormButtons_lang ([cFormCode],[localeid],[cButtonKey],[cCaption],[cToolTip],[cSubID],[cProjectNO])
values('EP0207','zh-CN','batchmodify','批改','批改','EF','U870')
insert into AA_FormButtons_lang ([cFormCode],[localeid],[cButtonKey],[cCaption],[cToolTip],[cSubID],[cProjectNO])
values('EP0207','zh-CN','cancel','放弃','放弃','EF','U870')
insert into AA_FormButtons_lang ([cFormCode],[localeid],[cButtonKey],[cCaption],[cToolTip],[cSubID],[cProjectNO])
values('EP0207','zh-CN','closeline','关闭','关闭行','EF','U870')
insert into AA_FormButtons_lang ([cFormCode],[localeid],[cButtonKey],[cCaption],[cToolTip],[cSubID],[cProjectNO])
values('EP0207','zh-CN','closeorder','关闭','关闭','EF','U870')
insert into AA_FormButtons_lang ([cFormCode],[localeid],[cButtonKey],[cCaption],[cToolTip],[cSubID],[cProjectNO])
values('EP0207','zh-CN','copy','复制','复制','EF','U870')
insert into AA_FormButtons_lang ([cFormCode],[localeid],[cButtonKey],[cCaption],[cToolTip],[cSubID],[cProjectNO])
values('EP0207','zh-CN','copyline','复制行','复制行','EF','U870')
insert into AA_FormButtons_lang ([cFormCode],[localeid],[cButtonKey],[cCaption],[cToolTip],[cSubID],[cProjectNO])
values('EP0207','zh-CN','delete','删除','删除','EF','U870')
insert into AA_FormButtons_lang ([cFormCode],[localeid],[cButtonKey],[cCaption],[cToolTip],[cSubID],[cProjectNO])
values('EP0207','zh-CN','delline','删行','删行','EF','U870')
insert into AA_FormButtons_lang ([cFormCode],[localeid],[cButtonKey],[cCaption],[cToolTip],[cSubID],[cProjectNO])
values('EP0207','zh-CN','Discussion','讨论','讨论','EF','U870')
insert into AA_FormButtons_lang ([cFormCode],[localeid],[cButtonKey],[cCaption],[cToolTip],[cSubID],[cProjectNO])
values('EP0207','zh-CN','displayFormat','显示格式','显示格式','EF','U870')
insert into AA_FormButtons_lang ([cFormCode],[localeid],[cButtonKey],[cCaption],[cToolTip],[cSubID],[cProjectNO])
values('EP0207','zh-CN','draft','草稿','草稿','EF','U870')
insert into AA_FormButtons_lang ([cFormCode],[localeid],[cButtonKey],[cCaption],[cToolTip],[cSubID],[cProjectNO])
values('EP0207','zh-CN','formatsetup','格式设置','单据格式设置','EF','U870')
insert into AA_FormButtons_lang ([cFormCode],[localeid],[cButtonKey],[cCaption],[cToolTip],[cSubID],[cProjectNO])
values('EP0207','zh-CN','import','导入','导入','EF','U870')
insert into AA_FormButtons_lang ([cFormCode],[localeid],[cButtonKey],[cCaption],[cToolTip],[cSubID],[cProjectNO])
values('EP0207','zh-CN','insertline','插行','插行','EF','U870')
insert into AA_FormButtons_lang ([cFormCode],[localeid],[cButtonKey],[cCaption],[cToolTip],[cSubID],[cProjectNO])
values('EP0207','zh-CN','locate','高级','高级','EF','U870')
insert into AA_FormButtons_lang ([cFormCode],[localeid],[cButtonKey],[cCaption],[cToolTip],[cSubID],[cProjectNO])
values('EP0207','zh-CN','mirowsplitter','拆分行','拆分行','EF','U870')
insert into AA_FormButtons_lang ([cFormCode],[localeid],[cButtonKey],[cCaption],[cToolTip],[cSubID],[cProjectNO])
values('EP0207','zh-CN','modify','修改','修改','EF','U870')
insert into AA_FormButtons_lang ([cFormCode],[localeid],[cButtonKey],[cCaption],[cToolTip],[cSubID],[cProjectNO])
values('EP0207','zh-CN','Notes','批注','批注','EF','U870')
insert into AA_FormButtons_lang ([cFormCode],[localeid],[cButtonKey],[cCaption],[cToolTip],[cSubID],[cProjectNO])
values('EP0207','zh-CN','Notify','通知','通知','EF','U870')
insert into AA_FormButtons_lang ([cFormCode],[localeid],[cButtonKey],[cCaption],[cToolTip],[cSubID],[cProjectNO])
values('EP0207','zh-CN','openline','打开','打开行','EF','U870')
insert into AA_FormButtons_lang ([cFormCode],[localeid],[cButtonKey],[cCaption],[cToolTip],[cSubID],[cProjectNO])
values('EP0207','zh-CN','openorder','打开','打开','EF','U870')
insert into AA_FormButtons_lang ([cFormCode],[localeid],[cButtonKey],[cCaption],[cToolTip],[cSubID],[cProjectNO])
values('EP0207','zh-CN','output','输出','输出','EF','U870')
insert into AA_FormButtons_lang ([cFormCode],[localeid],[cButtonKey],[cCaption],[cToolTip],[cSubID],[cProjectNO])
values('EP0207','zh-CN','print','打印','打印','EF','U870')
insert into AA_FormButtons_lang ([cFormCode],[localeid],[cButtonKey],[cCaption],[cToolTip],[cSubID],[cProjectNO])
values('EP0207','zh-CN','PrintTemplate','打印模板','打印模板','EF','U870')
insert into AA_FormButtons_lang ([cFormCode],[localeid],[cButtonKey],[cCaption],[cToolTip],[cSubID],[cProjectNO])
values('EP0207','zh-CN','refresh','刷新','刷新','EF','U870')
insert into AA_FormButtons_lang ([cFormCode],[localeid],[cButtonKey],[cCaption],[cToolTip],[cSubID],[cProjectNO])
values('EP0207','zh-CN','save','保存','保存','EF','U870')
insert into AA_FormButtons_lang ([cFormCode],[localeid],[cButtonKey],[cCaption],[cToolTip],[cSubID],[cProjectNO])
values('EP0207','zh-CN','savelayout','保存格式','保存单据列宽到单据模板','EF','U870')
insert into AA_FormButtons_lang ([cFormCode],[localeid],[cButtonKey],[cCaption],[cToolTip],[cSubID],[cProjectNO])
values('EP0207','zh-CN','SortLocate','排序定位','排序定位','EF','U870')
insert into AA_FormButtons_lang ([cFormCode],[localeid],[cButtonKey],[cCaption],[cToolTip],[cSubID],[cProjectNO])
values('EP0207','zh-CN','tableline1','','','EF','U870')
insert into AA_FormButtons_lang ([cFormCode],[localeid],[cButtonKey],[cCaption],[cToolTip],[cSubID],[cProjectNO])
values('EP0207','zh-CN','tofirst','首张','首张','EF','U870')
insert into AA_FormButtons_lang ([cFormCode],[localeid],[cButtonKey],[cCaption],[cToolTip],[cSubID],[cProjectNO])
values('EP0207','zh-CN','tolast','末张','末张','EF','U870')
insert into AA_FormButtons_lang ([cFormCode],[localeid],[cButtonKey],[cCaption],[cToolTip],[cSubID],[cProjectNO])
values('EP0207','zh-CN','tonext','下张','下张','EF','U870')
insert into AA_FormButtons_lang ([cFormCode],[localeid],[cButtonKey],[cCaption],[cToolTip],[cSubID],[cProjectNO])
values('EP0207','zh-CN','toprevious','上张','上张','EF','U870')
insert into AA_FormButtons_lang ([cFormCode],[localeid],[cButtonKey],[cCaption],[cToolTip],[cSubID],[cProjectNO])
values('EP0207','zh-CN','unverify','弃审','弃审','EF','U870')
insert into AA_FormButtons_lang ([cFormCode],[localeid],[cButtonKey],[cCaption],[cToolTip],[cSubID],[cProjectNO])
values('EP0207','zh-CN','verify','审核','审核','EF','U870')
insert into AA_FormButtons_lang ([cFormCode],[localeid],[cButtonKey],[cCaption],[cToolTip],[cSubID],[cProjectNO])
values('EP0207','zh-TW','add','增加','增加','EF','U870')
insert into AA_FormButtons_lang ([cFormCode],[localeid],[cButtonKey],[cCaption],[cToolTip],[cSubID],[cProjectNO])
values('EP0207','zh-TW','batchmodify','批改','批改','EF','U870')
insert into AA_FormButtons_lang ([cFormCode],[localeid],[cButtonKey],[cCaption],[cToolTip],[cSubID],[cProjectNO])
values('EP0207','zh-TW','cancel','放','放','EF','U870')
insert into AA_FormButtons_lang ([cFormCode],[localeid],[cButtonKey],[cCaption],[cToolTip],[cSubID],[cProjectNO])
values('EP0207','zh-TW','closeline','P]','P]行','EF','U870')
insert into AA_FormButtons_lang ([cFormCode],[localeid],[cButtonKey],[cCaption],[cToolTip],[cSubID],[cProjectNO])
values('EP0207','zh-TW','closeorder','关闭','关闭','EF','U870')
insert into AA_FormButtons_lang ([cFormCode],[localeid],[cButtonKey],[cCaption],[cToolTip],[cSubID],[cProjectNO])
values('EP0207','zh-TW','copy','复制','复制','EF','U870')
insert into AA_FormButtons_lang ([cFormCode],[localeid],[cButtonKey],[cCaption],[cToolTip],[cSubID],[cProjectNO])
values('EP0207','zh-TW','copyline','复制行','复制行','EF','U870')
insert into AA_FormButtons_lang ([cFormCode],[localeid],[cButtonKey],[cCaption],[cToolTip],[cSubID],[cProjectNO])
values('EP0207','zh-TW','delete','h除','h除','EF','U870')
insert into AA_FormButtons_lang ([cFormCode],[localeid],[cButtonKey],[cCaption],[cToolTip],[cSubID],[cProjectNO])
values('EP0207','zh-TW','delline','h行','h行','EF','U870')
insert into AA_FormButtons_lang ([cFormCode],[localeid],[cButtonKey],[cCaption],[cToolTip],[cSubID],[cProjectNO])
values('EP0207','zh-TW','Discussion','','','EF','U870')
insert into AA_FormButtons_lang ([cFormCode],[localeid],[cButtonKey],[cCaption],[cToolTip],[cSubID],[cProjectNO])
values('EP0207','zh-TW','displayFormat','@示格式','@示格式','EF','U870')
insert into AA_FormButtons_lang ([cFormCode],[localeid],[cButtonKey],[cCaption],[cToolTip],[cSubID],[cProjectNO])
values('EP0207','zh-TW','draft','草稿','草稿','EF','U870')
insert into AA_FormButtons_lang ([cFormCode],[localeid],[cButtonKey],[cCaption],[cToolTip],[cSubID],[cProjectNO])
values('EP0207','zh-TW','formatsetup','格式设置','单据格式设置','EF','U870')
insert into AA_FormButtons_lang ([cFormCode],[localeid],[cButtonKey],[cCaption],[cToolTip],[cSubID],[cProjectNO])
values('EP0207','zh-TW','import','导入','导入','EF','U870')
insert into AA_FormButtons_lang ([cFormCode],[localeid],[cButtonKey],[cCaption],[cToolTip],[cSubID],[cProjectNO])
values('EP0207','zh-TW','insertline','插行','插行','EF','U870')
insert into AA_FormButtons_lang ([cFormCode],[localeid],[cButtonKey],[cCaption],[cToolTip],[cSubID],[cProjectNO])
values('EP0207','zh-TW','locate','高','高','EF','U870')
insert into AA_FormButtons_lang ([cFormCode],[localeid],[cButtonKey],[cCaption],[cToolTip],[cSubID],[cProjectNO])
values('EP0207','zh-TW','mirowsplitter','拆分行','拆分行','EF','U870')
insert into AA_FormButtons_lang ([cFormCode],[localeid],[cButtonKey],[cCaption],[cToolTip],[cSubID],[cProjectNO])
values('EP0207','zh-TW','modify','修改','修改','EF','U870')
insert into AA_FormButtons_lang ([cFormCode],[localeid],[cButtonKey],[cCaption],[cToolTip],[cSubID],[cProjectNO])
values('EP0207','zh-TW','Notes','批]','批]','EF','U870')
insert into AA_FormButtons_lang ([cFormCode],[localeid],[cButtonKey],[cCaption],[cToolTip],[cSubID],[cProjectNO])
values('EP0207','zh-TW','Notify','通知','通知','EF','U870')
insert into AA_FormButtons_lang ([cFormCode],[localeid],[cButtonKey],[cCaption],[cToolTip],[cSubID],[cProjectNO])
values('EP0207','zh-TW','openline','打_','打_行','EF','U870')
insert into AA_FormButtons_lang ([cFormCode],[localeid],[cButtonKey],[cCaption],[cToolTip],[cSubID],[cProjectNO])
values('EP0207','zh-TW','openorder','打开','打开','EF','U870')
insert into AA_FormButtons_lang ([cFormCode],[localeid],[cButtonKey],[cCaption],[cToolTip],[cSubID],[cProjectNO])
values('EP0207','zh-TW','output','出','出','EF','U870')
insert into AA_FormButtons_lang ([cFormCode],[localeid],[cButtonKey],[cCaption],[cToolTip],[cSubID],[cProjectNO])
values('EP0207','zh-TW','print','列印','列印','EF','U870')
insert into AA_FormButtons_lang ([cFormCode],[localeid],[cButtonKey],[cCaption],[cToolTip],[cSubID],[cProjectNO])
values('EP0207','zh-TW','PrintTemplate','列印本','列印本','EF','U870')
insert into AA_FormButtons_lang ([cFormCode],[localeid],[cButtonKey],[cCaption],[cToolTip],[cSubID],[cProjectNO])
values('EP0207','zh-TW','refresh','刷新','刷新','EF','U870')
insert into AA_FormButtons_lang ([cFormCode],[localeid],[cButtonKey],[cCaption],[cToolTip],[cSubID],[cProjectNO])
values('EP0207','zh-TW','save','保存','保存','EF','U870')
insert into AA_FormButtons_lang ([cFormCode],[localeid],[cButtonKey],[cCaption],[cToolTip],[cSubID],[cProjectNO])
values('EP0207','zh-TW','savelayout','保存格式','保存列到本','EF','U870')
insert into AA_FormButtons_lang ([cFormCode],[localeid],[cButtonKey],[cCaption],[cToolTip],[cSubID],[cProjectNO])
values('EP0207','zh-TW','SortLocate','排序定位','排序定位','EF','U870')
insert into AA_FormButtons_lang ([cFormCode],[localeid],[cButtonKey],[cCaption],[cToolTip],[cSubID],[cProjectNO])
values('EP0207','zh-TW','tableline1','','','EF','U870')
insert into AA_FormButtons_lang ([cFormCode],[localeid],[cButtonKey],[cCaption],[cToolTip],[cSubID],[cProjectNO])
values('EP0207','zh-TW','tofirst','首','首','EF','U870')
insert into AA_FormButtons_lang ([cFormCode],[localeid],[cButtonKey],[cCaption],[cToolTip],[cSubID],[cProjectNO])
values('EP0207','zh-TW','tolast','末','末','EF','U870')
insert into AA_FormButtons_lang ([cFormCode],[localeid],[cButtonKey],[cCaption],[cToolTip],[cSubID],[cProjectNO])
values('EP0207','zh-TW','tonext','下','下','EF','U870')
insert into AA_FormButtons_lang ([cFormCode],[localeid],[cButtonKey],[cCaption],[cToolTip],[cSubID],[cProjectNO])
values('EP0207','zh-TW','toprevious','上','上','EF','U870')
insert into AA_FormButtons_lang ([cFormCode],[localeid],[cButtonKey],[cCaption],[cToolTip],[cSubID],[cProjectNO])
values('EP0207','zh-TW','unverify','','','EF','U870')
insert into AA_FormButtons_lang ([cFormCode],[localeid],[cButtonKey],[cCaption],[cToolTip],[cSubID],[cProjectNO])
values('EP0207','zh-TW','verify','核','核','EF','U870')

GO
insert into AA_FormButtonMenus_base ([cFormCode],[cButtonKey],[cMenuKey],[iOrder],[cParentKey],[igrade],[cAuthid],[cResID],[cSubID],[cProjectNO],[cForegroundColor],[cBackgroundColor],[iMenuType],[ProcessObjectName],[FunctionKey])
values('EP0207','add','add',10,'',0,'','','EF','U870','black','',0,'','')
insert into AA_FormButtonMenus_base ([cFormCode],[cButtonKey],[cMenuKey],[iOrder],[cParentKey],[igrade],[cAuthid],[cResID],[cSubID],[cProjectNO],[cForegroundColor],[cBackgroundColor],[iMenuType],[ProcessObjectName],[FunctionKey])
values('EP0207','add','templates',90,'',0,'','','EF','U870','black','',0,'VchPubButtons.clsMain','Template')
insert into AA_FormButtonMenus_base ([cFormCode],[cButtonKey],[cMenuKey],[iOrder],[cParentKey],[igrade],[cAuthid],[cResID],[cSubID],[cProjectNO],[cForegroundColor],[cBackgroundColor],[iMenuType],[ProcessObjectName],[FunctionKey])
values('EP0207','copy','copyvoucher',10,'',0,'','','EF','U870','black','',0,'','')
insert into AA_FormButtonMenus_base ([cFormCode],[cButtonKey],[cMenuKey],[iOrder],[cParentKey],[igrade],[cAuthid],[cResID],[cSubID],[cProjectNO],[cForegroundColor],[cBackgroundColor],[iMenuType],[ProcessObjectName],[FunctionKey])
values('EP0207','displayFormat','displayFormat[@@]Aggregate',60,'',0,'','','EF','U870','black','',0,'VchPubButtons.clsMain','Aggregate')
insert into AA_FormButtonMenus_base ([cFormCode],[cButtonKey],[cMenuKey],[iOrder],[cParentKey],[igrade],[cAuthid],[cResID],[cSubID],[cProjectNO],[cForegroundColor],[cBackgroundColor],[iMenuType],[ProcessObjectName],[FunctionKey])
values('EP0207','displayFormat','displayFormat[@@]AutoWrap',10,'',0,'','','EF','U870','black','',1,'VchPubButtons.clsMain','AutoWrap')
insert into AA_FormButtonMenus_base ([cFormCode],[cButtonKey],[cMenuKey],[iOrder],[cParentKey],[igrade],[cAuthid],[cResID],[cSubID],[cProjectNO],[cForegroundColor],[cBackgroundColor],[iMenuType],[ProcessObjectName],[FunctionKey])
values('EP0207','displayFormat','displayFormat[@@]ForzenCol',30,'',0,'','','EF','U870','black','',0,'VchPubButtons.clsMain','ForzenCol')
insert into AA_FormButtonMenus_base ([cFormCode],[cButtonKey],[cMenuKey],[iOrder],[cParentKey],[igrade],[cAuthid],[cResID],[cSubID],[cProjectNO],[cForegroundColor],[cBackgroundColor],[iMenuType],[ProcessObjectName],[FunctionKey])
values('EP0207','displayFormat','displayFormat[@@]SetAggregateRule',80,'',0,'','','EF','U870','black','',0,'VchPubButtons.clsMain','SetAggregateRule')
insert into AA_FormButtonMenus_base ([cFormCode],[cButtonKey],[cMenuKey],[iOrder],[cParentKey],[igrade],[cAuthid],[cResID],[cSubID],[cProjectNO],[cForegroundColor],[cBackgroundColor],[iMenuType],[ProcessObjectName],[FunctionKey])
values('EP0207','displayFormat','displayFormat[@@]Spliter0',20,'',0,'','','EF','U870','black','',0,'VchPubButtons.clsMain','Spliter0')
insert into AA_FormButtonMenus_base ([cFormCode],[cButtonKey],[cMenuKey],[iOrder],[cParentKey],[igrade],[cAuthid],[cResID],[cSubID],[cProjectNO],[cForegroundColor],[cBackgroundColor],[iMenuType],[ProcessObjectName],[FunctionKey])
values('EP0207','displayFormat','displayFormat[@@]Spliter1',50,'',0,'','','EF','U870','black','',0,'VchPubButtons.clsMain','Spliter1')
insert into AA_FormButtonMenus_base ([cFormCode],[cButtonKey],[cMenuKey],[iOrder],[cParentKey],[igrade],[cAuthid],[cResID],[cSubID],[cProjectNO],[cForegroundColor],[cBackgroundColor],[iMenuType],[ProcessObjectName],[FunctionKey])
values('EP0207','displayFormat','displayFormat[@@]UnAggregate',70,'',0,'','','EF','U870','black','',0,'VchPubButtons.clsMain','UnAggregate')
insert into AA_FormButtonMenus_base ([cFormCode],[cButtonKey],[cMenuKey],[iOrder],[cParentKey],[igrade],[cAuthid],[cResID],[cSubID],[cProjectNO],[cForegroundColor],[cBackgroundColor],[iMenuType],[ProcessObjectName],[FunctionKey])
values('EP0207','displayFormat','displayFormat[@@]UnForzen',40,'',0,'','','EF','U870','black','',0,'VchPubButtons.clsMain','UnForzen')
insert into AA_FormButtonMenus_base ([cFormCode],[cButtonKey],[cMenuKey],[iOrder],[cParentKey],[igrade],[cAuthid],[cResID],[cSubID],[cProjectNO],[cForegroundColor],[cBackgroundColor],[iMenuType],[ProcessObjectName],[FunctionKey])
values('EP0207','Print','preview',2,'',0,'','','EF','U870','black','',0,'','')
insert into AA_FormButtonMenus_base ([cFormCode],[cButtonKey],[cMenuKey],[iOrder],[cParentKey],[igrade],[cAuthid],[cResID],[cSubID],[cProjectNO],[cForegroundColor],[cBackgroundColor],[iMenuType],[ProcessObjectName],[FunctionKey])
values('EP0207','Print','print',1,'',0,'','','EF','U870','black','',0,'','')
insert into AA_FormButtonMenus_base ([cFormCode],[cButtonKey],[cMenuKey],[iOrder],[cParentKey],[igrade],[cAuthid],[cResID],[cSubID],[cProjectNO],[cForegroundColor],[cBackgroundColor],[iMenuType],[ProcessObjectName],[FunctionKey])
values('EP0207','save','line1',3,'',0,'','','EF','U870','black','',0,'','')
insert into AA_FormButtonMenus_base ([cFormCode],[cButtonKey],[cMenuKey],[iOrder],[cParentKey],[igrade],[cAuthid],[cResID],[cSubID],[cProjectNO],[cForegroundColor],[cBackgroundColor],[iMenuType],[ProcessObjectName],[FunctionKey])
values('EP0207','save','save',1,'',0,'','','EF','U870','black','',0,'','')
insert into AA_FormButtonMenus_base ([cFormCode],[cButtonKey],[cMenuKey],[iOrder],[cParentKey],[igrade],[cAuthid],[cResID],[cSubID],[cProjectNO],[cForegroundColor],[cBackgroundColor],[iMenuType],[ProcessObjectName],[FunctionKey])
values('EP0207','save','savedraft',4,'',0,'','','EF','U870','black','',0,'VchPubButtons.clsMain','SaveAsDraft')
insert into AA_FormButtonMenus_base ([cFormCode],[cButtonKey],[cMenuKey],[iOrder],[cParentKey],[igrade],[cAuthid],[cResID],[cSubID],[cProjectNO],[cForegroundColor],[cBackgroundColor],[iMenuType],[ProcessObjectName],[FunctionKey])
values('EP0207','save','savenew',2,'',0,'','','EF','U870','black','',0,'','')
insert into AA_FormButtonMenus_base ([cFormCode],[cButtonKey],[cMenuKey],[iOrder],[cParentKey],[igrade],[cAuthid],[cResID],[cSubID],[cProjectNO],[cForegroundColor],[cBackgroundColor],[iMenuType],[ProcessObjectName],[FunctionKey])
values('EP0207','save','savetemplate',5,'',0,'','','EF','U870','black','',0,'','')
insert into AA_FormButtonMenus_base ([cFormCode],[cButtonKey],[cMenuKey],[iOrder],[cParentKey],[igrade],[cAuthid],[cResID],[cSubID],[cProjectNO],[cForegroundColor],[cBackgroundColor],[iMenuType],[ProcessObjectName],[FunctionKey])
values('EP0207','SortLocate','SortLocate[@@]Ascending',10,'',0,'','','EF','U870','black','',0,'VchPubButtons.clsMain','Ascending')
insert into AA_FormButtonMenus_base ([cFormCode],[cButtonKey],[cMenuKey],[iOrder],[cParentKey],[igrade],[cAuthid],[cResID],[cSubID],[cProjectNO],[cForegroundColor],[cBackgroundColor],[iMenuType],[ProcessObjectName],[FunctionKey])
values('EP0207','SortLocate','SortLocate[@@]Descending',20,'',0,'','','EF','U870','black','',0,'VchPubButtons.clsMain','Descending')
insert into AA_FormButtonMenus_base ([cFormCode],[cButtonKey],[cMenuKey],[iOrder],[cParentKey],[igrade],[cAuthid],[cResID],[cSubID],[cProjectNO],[cForegroundColor],[cBackgroundColor],[iMenuType],[ProcessObjectName],[FunctionKey])
values('EP0207','SortLocate','SortLocate[@@]Locate',60,'',0,'','','EF','U870','black','',0,'VchPubButtons.clsMain','Locate')
insert into AA_FormButtonMenus_base ([cFormCode],[cButtonKey],[cMenuKey],[iOrder],[cParentKey],[igrade],[cAuthid],[cResID],[cSubID],[cProjectNO],[cForegroundColor],[cBackgroundColor],[iMenuType],[ProcessObjectName],[FunctionKey])
values('EP0207','SortLocate','SortLocate[@@]Spliter0',50,'',0,'','','EF','U870','black','',0,'VchPubButtons.clsMain','Spliter0')
insert into AA_FormButtonMenus_base ([cFormCode],[cButtonKey],[cMenuKey],[iOrder],[cParentKey],[igrade],[cAuthid],[cResID],[cSubID],[cProjectNO],[cForegroundColor],[cBackgroundColor],[iMenuType],[ProcessObjectName],[FunctionKey])
values('EP0207','SortLocate','SortLocate[@@]UnSort',40,'',0,'','','EF','U870','black','',0,'VchPubButtons.clsMain','UnSort')
insert into AA_FormButtonMenus_base ([cFormCode],[cButtonKey],[cMenuKey],[iOrder],[cParentKey],[igrade],[cAuthid],[cResID],[cSubID],[cProjectNO],[cForegroundColor],[cBackgroundColor],[iMenuType],[ProcessObjectName],[FunctionKey])
values('EP0207','SortLocate','SortLocate[@@]UserDefineSort',30,'',0,'','','EF','U870','black','',0,'VchPubButtons.clsMain','UserDefineSort')

GO
insert into AA_FormButtonMenus_lang ([cFormCode],[localeid],[cButtonKey],[cMenuKey],[cCaption],[cToolTip],[cSubID],[cProjectNO])
values('EP0207','en-US','add','add','Blank voucher','Blank voucher','EF','U870')
insert into AA_FormButtonMenus_lang ([cFormCode],[localeid],[cButtonKey],[cMenuKey],[cCaption],[cToolTip],[cSubID],[cProjectNO])
values('EP0207','en-US','add','templates','templates','templates','EF','U870')
insert into AA_FormButtonMenus_lang ([cFormCode],[localeid],[cButtonKey],[cMenuKey],[cCaption],[cToolTip],[cSubID],[cProjectNO])
values('EP0207','en-US','copy','copyvoucher','复制单据(Ctrl+F5)','','EF','U870')
insert into AA_FormButtonMenus_lang ([cFormCode],[localeid],[cButtonKey],[cMenuKey],[cCaption],[cToolTip],[cSubID],[cProjectNO])
values('EP0207','en-US','displayFormat','displayFormat[@@]Aggregate','Aggregate','Aggregate','EF','U870')
insert into AA_FormButtonMenus_lang ([cFormCode],[localeid],[cButtonKey],[cMenuKey],[cCaption],[cToolTip],[cSubID],[cProjectNO])
values('EP0207','en-US','displayFormat','displayFormat[@@]AutoWrap','WordWrap','WordWrap','EF','U870')
insert into AA_FormButtonMenus_lang ([cFormCode],[localeid],[cButtonKey],[cMenuKey],[cCaption],[cToolTip],[cSubID],[cProjectNO])
values('EP0207','en-US','displayFormat','displayFormat[@@]ForzenCol','ForzenColumn','ForzenColumn','EF','U870')
insert into AA_FormButtonMenus_lang ([cFormCode],[localeid],[cButtonKey],[cMenuKey],[cCaption],[cToolTip],[cSubID],[cProjectNO])
values('EP0207','en-US','displayFormat','displayFormat[@@]SetAggregateRule','SetAggregateRule','SetAggregateRule','EF','U870')
insert into AA_FormButtonMenus_lang ([cFormCode],[localeid],[cButtonKey],[cMenuKey],[cCaption],[cToolTip],[cSubID],[cProjectNO])
values('EP0207','en-US','displayFormat','displayFormat[@@]Spliter0','-','','EF','U870')
insert into AA_FormButtonMenus_lang ([cFormCode],[localeid],[cButtonKey],[cMenuKey],[cCaption],[cToolTip],[cSubID],[cProjectNO])
values('EP0207','en-US','displayFormat','displayFormat[@@]Spliter1','-','','EF','U870')
insert into AA_FormButtonMenus_lang ([cFormCode],[localeid],[cButtonKey],[cMenuKey],[cCaption],[cToolTip],[cSubID],[cProjectNO])
values('EP0207','en-US','displayFormat','displayFormat[@@]UnAggregate','UnAggregate','UnAggregate','EF','U870')
insert into AA_FormButtonMenus_lang ([cFormCode],[localeid],[cButtonKey],[cMenuKey],[cCaption],[cToolTip],[cSubID],[cProjectNO])
values('EP0207','en-US','displayFormat','displayFormat[@@]UnForzen','UnForzen','UnForzen','EF','U870')
insert into AA_FormButtonMenus_lang ([cFormCode],[localeid],[cButtonKey],[cMenuKey],[cCaption],[cToolTip],[cSubID],[cProjectNO])
values('EP0207','en-US','Print','preview','preview','','EF','U870')
insert into AA_FormButtonMenus_lang ([cFormCode],[localeid],[cButtonKey],[cMenuKey],[cCaption],[cToolTip],[cSubID],[cProjectNO])
values('EP0207','en-US','Print','print','print','','EF','U870')
insert into AA_FormButtonMenus_lang ([cFormCode],[localeid],[cButtonKey],[cMenuKey],[cCaption],[cToolTip],[cSubID],[cProjectNO])
values('EP0207','en-US','save','line1','-','-','EF','U870')
insert into AA_FormButtonMenus_lang ([cFormCode],[localeid],[cButtonKey],[cMenuKey],[cCaption],[cToolTip],[cSubID],[cProjectNO])
values('EP0207','en-US','save','save','save','','EF','U870')
insert into AA_FormButtonMenus_lang ([cFormCode],[localeid],[cButtonKey],[cMenuKey],[cCaption],[cToolTip],[cSubID],[cProjectNO])
values('EP0207','en-US','save','savedraft','save draft','','EF','U870')
insert into AA_FormButtonMenus_lang ([cFormCode],[localeid],[cButtonKey],[cMenuKey],[cCaption],[cToolTip],[cSubID],[cProjectNO])
values('EP0207','en-US','save','savenew','save and new','save and new','EF','U870')
insert into AA_FormButtonMenus_lang ([cFormCode],[localeid],[cButtonKey],[cMenuKey],[cCaption],[cToolTip],[cSubID],[cProjectNO])
values('EP0207','en-US','save','savetemplate','save template','','EF','U870')
insert into AA_FormButtonMenus_lang ([cFormCode],[localeid],[cButtonKey],[cMenuKey],[cCaption],[cToolTip],[cSubID],[cProjectNO])
values('EP0207','en-US','SortLocate','SortLocate[@@]Ascending','Ascending','Ascending','EF','U870')
insert into AA_FormButtonMenus_lang ([cFormCode],[localeid],[cButtonKey],[cMenuKey],[cCaption],[cToolTip],[cSubID],[cProjectNO])
values('EP0207','en-US','SortLocate','SortLocate[@@]Descending','Descending','Descending','EF','U870')
insert into AA_FormButtonMenus_lang ([cFormCode],[localeid],[cButtonKey],[cMenuKey],[cCaption],[cToolTip],[cSubID],[cProjectNO])
values('EP0207','en-US','SortLocate','SortLocate[@@]Locate','Location','Location','EF','U870')
insert into AA_FormButtonMenus_lang ([cFormCode],[localeid],[cButtonKey],[cMenuKey],[cCaption],[cToolTip],[cSubID],[cProjectNO])
values('EP0207','en-US','SortLocate','SortLocate[@@]Spliter0','-','','EF','U870')
insert into AA_FormButtonMenus_lang ([cFormCode],[localeid],[cButtonKey],[cMenuKey],[cCaption],[cToolTip],[cSubID],[cProjectNO])
values('EP0207','en-US','SortLocate','SortLocate[@@]UnSort','UnSort','UnSort','EF','U870')
insert into AA_FormButtonMenus_lang ([cFormCode],[localeid],[cButtonKey],[cMenuKey],[cCaption],[cToolTip],[cSubID],[cProjectNO])
values('EP0207','en-US','SortLocate','SortLocate[@@]UserDefineSort','UserDefineSort','UserDefineSort','EF','U870')
insert into AA_FormButtonMenus_lang ([cFormCode],[localeid],[cButtonKey],[cMenuKey],[cCaption],[cToolTip],[cSubID],[cProjectNO])
values('EP0207','zh-CN','add','add','空白单据','空白单据','EF','U870')
insert into AA_FormButtonMenus_lang ([cFormCode],[localeid],[cButtonKey],[cMenuKey],[cCaption],[cToolTip],[cSubID],[cProjectNO])
values('EP0207','zh-CN','add','templates','模板','模板','EF','U870')
insert into AA_FormButtonMenus_lang ([cFormCode],[localeid],[cButtonKey],[cMenuKey],[cCaption],[cToolTip],[cSubID],[cProjectNO])
values('EP0207','zh-CN','copy','copyvoucher','复制单据(Ctrl+F5)','','EF','U870')
insert into AA_FormButtonMenus_lang ([cFormCode],[localeid],[cButtonKey],[cMenuKey],[cCaption],[cToolTip],[cSubID],[cProjectNO])
values('EP0207','zh-CN','displayFormat','displayFormat[@@]Aggregate','合并显示','合并显示','EF','U870')
insert into AA_FormButtonMenus_lang ([cFormCode],[localeid],[cButtonKey],[cMenuKey],[cCaption],[cToolTip],[cSubID],[cProjectNO])
values('EP0207','zh-CN','displayFormat','displayFormat[@@]AutoWrap','自动折行','自动折行','EF','U870')
insert into AA_FormButtonMenus_lang ([cFormCode],[localeid],[cButtonKey],[cMenuKey],[cCaption],[cToolTip],[cSubID],[cProjectNO])
values('EP0207','zh-CN','displayFormat','displayFormat[@@]ForzenCol','冻结列','冻结列','EF','U870')
insert into AA_FormButtonMenus_lang ([cFormCode],[localeid],[cButtonKey],[cMenuKey],[cCaption],[cToolTip],[cSubID],[cProjectNO])
values('EP0207','zh-CN','displayFormat','displayFormat[@@]SetAggregateRule','设置合并规则','设置合并规则','EF','U870')
insert into AA_FormButtonMenus_lang ([cFormCode],[localeid],[cButtonKey],[cMenuKey],[cCaption],[cToolTip],[cSubID],[cProjectNO])
values('EP0207','zh-CN','displayFormat','displayFormat[@@]Spliter0','-','','EF','U870')
insert into AA_FormButtonMenus_lang ([cFormCode],[localeid],[cButtonKey],[cMenuKey],[cCaption],[cToolTip],[cSubID],[cProjectNO])
values('EP0207','zh-CN','displayFormat','displayFormat[@@]Spliter1','-','','EF','U870')
insert into AA_FormButtonMenus_lang ([cFormCode],[localeid],[cButtonKey],[cMenuKey],[cCaption],[cToolTip],[cSubID],[cProjectNO])
values('EP0207','zh-CN','displayFormat','displayFormat[@@]UnAggregate','取消合并','取消合并','EF','U870')
insert into AA_FormButtonMenus_lang ([cFormCode],[localeid],[cButtonKey],[cMenuKey],[cCaption],[cToolTip],[cSubID],[cProjectNO])
values('EP0207','zh-CN','displayFormat','displayFormat[@@]UnForzen','取消冻结','取消冻结','EF','U870')
insert into AA_FormButtonMenus_lang ([cFormCode],[localeid],[cButtonKey],[cMenuKey],[cCaption],[cToolTip],[cSubID],[cProjectNO])
values('EP0207','zh-CN','Print','preview','预览','','EF','U870')
insert into AA_FormButtonMenus_lang ([cFormCode],[localeid],[cButtonKey],[cMenuKey],[cCaption],[cToolTip],[cSubID],[cProjectNO])
values('EP0207','zh-CN','Print','print','打印','','EF','U870')
insert into AA_FormButtonMenus_lang ([cFormCode],[localeid],[cButtonKey],[cMenuKey],[cCaption],[cToolTip],[cSubID],[cProjectNO])
values('EP0207','zh-CN','save','line1','-','-','EF','U870')
insert into AA_FormButtonMenus_lang ([cFormCode],[localeid],[cButtonKey],[cMenuKey],[cCaption],[cToolTip],[cSubID],[cProjectNO])
values('EP0207','zh-CN','save','save','保存','','EF','U870')
insert into AA_FormButtonMenus_lang ([cFormCode],[localeid],[cButtonKey],[cMenuKey],[cCaption],[cToolTip],[cSubID],[cProjectNO])
values('EP0207','zh-CN','save','savedraft','保存为草稿','','EF','U870')
insert into AA_FormButtonMenus_lang ([cFormCode],[localeid],[cButtonKey],[cMenuKey],[cCaption],[cToolTip],[cSubID],[cProjectNO])
values('EP0207','zh-CN','save','savenew','保存并新增','','EF','U870')
insert into AA_FormButtonMenus_lang ([cFormCode],[localeid],[cButtonKey],[cMenuKey],[cCaption],[cToolTip],[cSubID],[cProjectNO])
values('EP0207','zh-CN','save','savetemplate','保存为模板','','EF','U870')
insert into AA_FormButtonMenus_lang ([cFormCode],[localeid],[cButtonKey],[cMenuKey],[cCaption],[cToolTip],[cSubID],[cProjectNO])
values('EP0207','zh-CN','SortLocate','SortLocate[@@]Ascending','升序','升序','EF','U870')
insert into AA_FormButtonMenus_lang ([cFormCode],[localeid],[cButtonKey],[cMenuKey],[cCaption],[cToolTip],[cSubID],[cProjectNO])
values('EP0207','zh-CN','SortLocate','SortLocate[@@]Descending','降序','降序','EF','U870')
insert into AA_FormButtonMenus_lang ([cFormCode],[localeid],[cButtonKey],[cMenuKey],[cCaption],[cToolTip],[cSubID],[cProjectNO])
values('EP0207','zh-CN','SortLocate','SortLocate[@@]Locate','定位','定位','EF','U870')
insert into AA_FormButtonMenus_lang ([cFormCode],[localeid],[cButtonKey],[cMenuKey],[cCaption],[cToolTip],[cSubID],[cProjectNO])
values('EP0207','zh-CN','SortLocate','SortLocate[@@]Spliter0','-','','EF','U870')
insert into AA_FormButtonMenus_lang ([cFormCode],[localeid],[cButtonKey],[cMenuKey],[cCaption],[cToolTip],[cSubID],[cProjectNO])
values('EP0207','zh-CN','SortLocate','SortLocate[@@]UnSort','取消排序','取消排序','EF','U870')
insert into AA_FormButtonMenus_lang ([cFormCode],[localeid],[cButtonKey],[cMenuKey],[cCaption],[cToolTip],[cSubID],[cProjectNO])
values('EP0207','zh-CN','SortLocate','SortLocate[@@]UserDefineSort','自定义排序','自定义排序','EF','U870')
insert into AA_FormButtonMenus_lang ([cFormCode],[localeid],[cButtonKey],[cMenuKey],[cCaption],[cToolTip],[cSubID],[cProjectNO])
values('EP0207','zh-TW','add','add','空白','空白','EF','U870')
insert into AA_FormButtonMenus_lang ([cFormCode],[localeid],[cButtonKey],[cMenuKey],[cCaption],[cToolTip],[cSubID],[cProjectNO])
values('EP0207','zh-TW','add','templates','本','本','EF','U870')
insert into AA_FormButtonMenus_lang ([cFormCode],[localeid],[cButtonKey],[cMenuKey],[cCaption],[cToolTip],[cSubID],[cProjectNO])
values('EP0207','zh-TW','copy','copyvoucher','复制单据(Ctrl+F5)','','EF','U870')
insert into AA_FormButtonMenus_lang ([cFormCode],[localeid],[cButtonKey],[cMenuKey],[cCaption],[cToolTip],[cSubID],[cProjectNO])
values('EP0207','zh-TW','displayFormat','displayFormat[@@]Aggregate','合泔@示','合泔@示','EF','U870')
insert into AA_FormButtonMenus_lang ([cFormCode],[localeid],[cButtonKey],[cMenuKey],[cCaption],[cToolTip],[cSubID],[cProjectNO])
values('EP0207','zh-TW','displayFormat','displayFormat[@@]AutoWrap','自诱坌','自诱坌','EF','U870')
insert into AA_FormButtonMenus_lang ([cFormCode],[localeid],[cButtonKey],[cMenuKey],[cCaption],[cToolTip],[cSubID],[cProjectNO])
values('EP0207','zh-TW','displayFormat','displayFormat[@@]ForzenCol','鼋Y列','鼋Y列','EF','U870')
insert into AA_FormButtonMenus_lang ([cFormCode],[localeid],[cButtonKey],[cMenuKey],[cCaption],[cToolTip],[cSubID],[cProjectNO])
values('EP0207','zh-TW','displayFormat','displayFormat[@@]SetAggregateRule','O置合阋t','O置合阋t','EF','U870')
insert into AA_FormButtonMenus_lang ([cFormCode],[localeid],[cButtonKey],[cMenuKey],[cCaption],[cToolTip],[cSubID],[cProjectNO])
values('EP0207','zh-TW','displayFormat','displayFormat[@@]Spliter0','-','','EF','U870')
insert into AA_FormButtonMenus_lang ([cFormCode],[localeid],[cButtonKey],[cMenuKey],[cCaption],[cToolTip],[cSubID],[cProjectNO])
values('EP0207','zh-TW','displayFormat','displayFormat[@@]Spliter1','-','','EF','U870')
insert into AA_FormButtonMenus_lang ([cFormCode],[localeid],[cButtonKey],[cMenuKey],[cCaption],[cToolTip],[cSubID],[cProjectNO])
values('EP0207','zh-TW','displayFormat','displayFormat[@@]UnAggregate','取消合','取消合','EF','U870')
insert into AA_FormButtonMenus_lang ([cFormCode],[localeid],[cButtonKey],[cMenuKey],[cCaption],[cToolTip],[cSubID],[cProjectNO])
values('EP0207','zh-TW','displayFormat','displayFormat[@@]UnForzen','取消鼋Y','取消鼋Y','EF','U870')
insert into AA_FormButtonMenus_lang ([cFormCode],[localeid],[cButtonKey],[cMenuKey],[cCaption],[cToolTip],[cSubID],[cProjectNO])
values('EP0207','zh-TW','Print','preview','A[','','EF','U870')
insert into AA_FormButtonMenus_lang ([cFormCode],[localeid],[cButtonKey],[cMenuKey],[cCaption],[cToolTip],[cSubID],[cProjectNO])
values('EP0207','zh-TW','Print','print','列印','','EF','U870')
insert into AA_FormButtonMenus_lang ([cFormCode],[localeid],[cButtonKey],[cMenuKey],[cCaption],[cToolTip],[cSubID],[cProjectNO])
values('EP0207','zh-TW','save','line1','-','-','EF','U870')
insert into AA_FormButtonMenus_lang ([cFormCode],[localeid],[cButtonKey],[cMenuKey],[cCaption],[cToolTip],[cSubID],[cProjectNO])
values('EP0207','zh-TW','save','save','保存','','EF','U870')
insert into AA_FormButtonMenus_lang ([cFormCode],[localeid],[cButtonKey],[cMenuKey],[cCaption],[cToolTip],[cSubID],[cProjectNO])
values('EP0207','zh-TW','save','savedraft','保存椴莞','','EF','U870')
insert into AA_FormButtonMenus_lang ([cFormCode],[localeid],[cButtonKey],[cMenuKey],[cCaption],[cToolTip],[cSubID],[cProjectNO])
values('EP0207','zh-TW','save','savenew','保存并新增','','EF','U870')
insert into AA_FormButtonMenus_lang ([cFormCode],[localeid],[cButtonKey],[cMenuKey],[cCaption],[cToolTip],[cSubID],[cProjectNO])
values('EP0207','zh-TW','save','savetemplate','保存楣本','','EF','U870')
insert into AA_FormButtonMenus_lang ([cFormCode],[localeid],[cButtonKey],[cMenuKey],[cCaption],[cToolTip],[cSubID],[cProjectNO])
values('EP0207','zh-TW','SortLocate','SortLocate[@@]Ascending','N','N','EF','U870')
insert into AA_FormButtonMenus_lang ([cFormCode],[localeid],[cButtonKey],[cMenuKey],[cCaption],[cToolTip],[cSubID],[cProjectNO])
values('EP0207','zh-TW','SortLocate','SortLocate[@@]Descending','降','降','EF','U870')
insert into AA_FormButtonMenus_lang ([cFormCode],[localeid],[cButtonKey],[cMenuKey],[cCaption],[cToolTip],[cSubID],[cProjectNO])
values('EP0207','zh-TW','SortLocate','SortLocate[@@]Locate','定位','定位','EF','U870')
insert into AA_FormButtonMenus_lang ([cFormCode],[localeid],[cButtonKey],[cMenuKey],[cCaption],[cToolTip],[cSubID],[cProjectNO])
values('EP0207','zh-TW','SortLocate','SortLocate[@@]Spliter0','-','','EF','U870')
insert into AA_FormButtonMenus_lang ([cFormCode],[localeid],[cButtonKey],[cMenuKey],[cCaption],[cToolTip],[cSubID],[cProjectNO])
values('EP0207','zh-TW','SortLocate','SortLocate[@@]UnSort','取消排序','取消排序','EF','U870')
insert into AA_FormButtonMenus_lang ([cFormCode],[localeid],[cButtonKey],[cMenuKey],[cCaption],[cToolTip],[cSubID],[cProjectNO])
values('EP0207','zh-TW','SortLocate','SortLocate[@@]UserDefineSort','自排序','自排序','EF','U870')

GO
insert into AA_FormButtonAuths ([cFormCode],[cButtonKey],[cSubID],[cProjectNO],[cMenuKey],[cAuthid])
values('EP0207','add','EF','U870','','EP020702')
insert into AA_FormButtonAuths ([cFormCode],[cButtonKey],[cSubID],[cProjectNO],[cMenuKey],[cAuthid])
values('EP0207','copy','EF','U870','','EP020702')
insert into AA_FormButtonAuths ([cFormCode],[cButtonKey],[cSubID],[cProjectNO],[cMenuKey],[cAuthid])
values('EP0207','delete','EF','U870','','EP020705')
insert into AA_FormButtonAuths ([cFormCode],[cButtonKey],[cSubID],[cProjectNO],[cMenuKey],[cAuthid])
values('EP0207','modify','EF','U870','','EP020703')
insert into AA_FormButtonAuths ([cFormCode],[cButtonKey],[cSubID],[cProjectNO],[cMenuKey],[cAuthid])
values('EP0207','print','EF','U870','','EP020708')
insert into AA_FormButtonAuths ([cFormCode],[cButtonKey],[cSubID],[cProjectNO],[cMenuKey],[cAuthid])
values('EP0207','save','EF','U870','','EP020704')
insert into AA_FormButtonAuths ([cFormCode],[cButtonKey],[cSubID],[cProjectNO],[cMenuKey],[cAuthid])
values('EP0207','unverify','EF','U870','','EP020707')
insert into AA_FormButtonAuths ([cFormCode],[cButtonKey],[cSubID],[cProjectNO],[cMenuKey],[cAuthid])
values('EP0207','verify','EF','U870','','EP020706')

GO
-- select * from AA_Forms_base Where cFormCode =N'EP0207_list'
-- select * from AA_Forms_lang Where cFormCode =N'EP0207_list'
-- select * from AA_FormButtons_base Where cFormCode =N'EP0207_list'
-- select * from AA_FormButtons_lang Where cFormCode =N'EP0207_list'
-- select * from AA_FormButtonMenus_base Where cFormCode =N'EP0207_list'
-- select * from AA_FormButtonMenus_lang Where cFormCode =N'EP0207_list'
-- select * from AA_FormButtonAuths Where cFormCode =N'EP0207_list' 
Delete from AA_Forms_base Where cFormCode =N'EP0207_list'
GO
Delete from AA_Forms_lang Where cFormCode =N'EP0207_list'
GO
Delete from AA_FormButtons_base Where cFormCode =N'EP0207_list'
GO
Delete from AA_FormButtons_lang Where cFormCode =N'EP0207_list'
GO
Delete from AA_FormButtonMenus_base Where cFormCode =N'EP0207_list'
GO
Delete from AA_FormButtonMenus_lang Where cFormCode =N'EP0207_list'
GO
Delete from AA_FormButtonAuths Where cFormCode =N'EP0207_list' 
GO

GO
insert into AA_Forms_base ([cFormCode],[cSubID],[iFormType],[cMemo],[cProjectNO],[bSmallbutton])
values('EP0207_list','EF',0,'项目投标报价单列表','U870',0)

GO
insert into AA_Forms_lang ([cFormCode],[localeid],[cFormCaption],[cFormDesc],[cSubID],[cProjectNO])
values('EP0207_list','en-US','项目投标报价单列表','','EF','U870')
insert into AA_Forms_lang ([cFormCode],[localeid],[cFormCaption],[cFormDesc],[cSubID],[cProjectNO])
values('EP0207_list','zh-CN','项目投标报价单列表','','EF','U870')
insert into AA_Forms_lang ([cFormCode],[localeid],[cFormCaption],[cFormDesc],[cSubID],[cProjectNO])
values('EP0207_list','zh-TW','项目投标报价单列表','','EF','U870')

GO
insert into AA_FormButtons_base ([cFormCode],[cButtonKey],[cGroup],[cPic],[cToolBarType],[iToolBarStyle],[iOrder],[iheightRow],[cHotKey],[cAuthid],[iVoucherCtlIndex],[ctoolbarPosIndex],[cResID],[cTipResID],[cSubID],[cProjectNO],[cForegroundColor],[cBackgroundColor],[cSetGroup],[iSetGroupRow],[ProcessObjectName],[FunctionKey])
values('EP0207_list','autofold','PF_List_7','auto break row','PortalToolbar',0,190,1,'','',0,'P','','','EF','U870',Null,Null,'PF_List_7_2',3,'U8VouchListCommon.clsToolbarCommon','autowrap')
insert into AA_FormButtons_base ([cFormCode],[cButtonKey],[cGroup],[cPic],[cToolBarType],[iToolBarStyle],[iOrder],[iheightRow],[cHotKey],[cAuthid],[iVoucherCtlIndex],[ctoolbarPosIndex],[cResID],[cTipResID],[cSubID],[cProjectNO],[cForegroundColor],[cBackgroundColor],[cSetGroup],[iSetGroupRow],[ProcessObjectName],[FunctionKey])
values('EP0207_list','closebatch','PF_List_5','close','PortalToolbar',0,140,1,'Alt+C','',0,'P','','','EF','U870',Null,Null,'PF_List_5_1',2,Null,Null)
insert into AA_FormButtons_base ([cFormCode],[cButtonKey],[cGroup],[cPic],[cToolBarType],[iToolBarStyle],[iOrder],[iheightRow],[cHotKey],[cAuthid],[iVoucherCtlIndex],[ctoolbarPosIndex],[cResID],[cTipResID],[cSubID],[cProjectNO],[cForegroundColor],[cBackgroundColor],[cSetGroup],[iSetGroupRow],[ProcessObjectName],[FunctionKey])
values('EP0207_list','columnset','PF_List_7','Column','PortalToolbar',0,180,1,'Ctrl+F6',Null,0,'P','','','EF','U870',Null,Null,'PF_List_7_2',3,Null,Null)
insert into AA_FormButtons_base ([cFormCode],[cButtonKey],[cGroup],[cPic],[cToolBarType],[iToolBarStyle],[iOrder],[iheightRow],[cHotKey],[cAuthid],[iVoucherCtlIndex],[ctoolbarPosIndex],[cResID],[cTipResID],[cSubID],[cProjectNO],[cForegroundColor],[cBackgroundColor],[cSetGroup],[iSetGroupRow],[ProcessObjectName],[FunctionKey])
values('EP0207_list','ConditionFormat','PF_List_7','ConditionFormat','PortalToolbar',128,200,3,'','',0,'P','','','EF','U870',Null,Null,'PF_List_7_3',1,'U8VouchListCommon.clsToolbarCommon','ConditionFormat')
insert into AA_FormButtons_base ([cFormCode],[cButtonKey],[cGroup],[cPic],[cToolBarType],[iToolBarStyle],[iOrder],[iheightRow],[cHotKey],[cAuthid],[iVoucherCtlIndex],[ctoolbarPosIndex],[cResID],[cTipResID],[cSubID],[cProjectNO],[cForegroundColor],[cBackgroundColor],[cSetGroup],[iSetGroupRow],[ProcessObjectName],[FunctionKey])
values('EP0207_list','filter','PF_List_2','Query','PortalToolbar',128,30,3,'',Null,0,'P','','','EF','U870',Null,Null,'PF_List_2_1',1,'U8VouchListCommon.clsToolbarCommon','Query')
insert into AA_FormButtons_base ([cFormCode],[cButtonKey],[cGroup],[cPic],[cToolBarType],[iToolBarStyle],[iOrder],[iheightRow],[cHotKey],[cAuthid],[iVoucherCtlIndex],[ctoolbarPosIndex],[cResID],[cTipResID],[cSubID],[cProjectNO],[cForegroundColor],[cBackgroundColor],[cSetGroup],[iSetGroupRow],[ProcessObjectName],[FunctionKey])
values('EP0207_list','filtration','PF_List_2','Filter','PortalToolbar',0,50,1,'','',0,'P','','','EF','U870',Null,Null,'PF_List_2_2',2,'U8VouchListCommon.clsToolbarCommon','Flt')
insert into AA_FormButtons_base ([cFormCode],[cButtonKey],[cGroup],[cPic],[cToolBarType],[iToolBarStyle],[iOrder],[iheightRow],[cHotKey],[cAuthid],[iVoucherCtlIndex],[ctoolbarPosIndex],[cResID],[cTipResID],[cSubID],[cProjectNO],[cForegroundColor],[cBackgroundColor],[cSetGroup],[iSetGroupRow],[ProcessObjectName],[FunctionKey])
values('EP0207_list','layout','PF_List_7','layout','PortalToolbar',128,170,3,'','',0,'P','','','EF','U870',Null,Null,'PF_List_7_1',1,'U8VouchListCommon.clsToolbarCommon','LayOut')
insert into AA_FormButtons_base ([cFormCode],[cButtonKey],[cGroup],[cPic],[cToolBarType],[iToolBarStyle],[iOrder],[iheightRow],[cHotKey],[cAuthid],[iVoucherCtlIndex],[ctoolbarPosIndex],[cResID],[cTipResID],[cSubID],[cProjectNO],[cForegroundColor],[cBackgroundColor],[cSetGroup],[iSetGroupRow],[ProcessObjectName],[FunctionKey])
values('EP0207_list','locate','PF_List_2','Location','PortalToolbar',0,40,1,'Ctrl+F3',Null,0,'P','','','EF','U870',Null,Null,'PF_List_2_2',2,Null,Null)
insert into AA_FormButtons_base ([cFormCode],[cButtonKey],[cGroup],[cPic],[cToolBarType],[iToolBarStyle],[iOrder],[iheightRow],[cHotKey],[cAuthid],[iVoucherCtlIndex],[ctoolbarPosIndex],[cResID],[cTipResID],[cSubID],[cProjectNO],[cForegroundColor],[cBackgroundColor],[cSetGroup],[iSetGroupRow],[ProcessObjectName],[FunctionKey])
values('EP0207_list','openbatch','PF_List_5','open','PortalToolbar',0,150,1,'Alt+O','',0,'P','','','EF','U870',Null,Null,'PF_List_5_1',2,Null,Null)
insert into AA_FormButtons_base ([cFormCode],[cButtonKey],[cGroup],[cPic],[cToolBarType],[iToolBarStyle],[iOrder],[iheightRow],[cHotKey],[cAuthid],[iVoucherCtlIndex],[ctoolbarPosIndex],[cResID],[cTipResID],[cSubID],[cProjectNO],[cForegroundColor],[cBackgroundColor],[cSetGroup],[iSetGroupRow],[ProcessObjectName],[FunctionKey])
values('EP0207_list','output','PF_List_1','Output','PortalToolbar',0,20,1,'ALT+E','',0,'P','','','EF','U870',Null,Null,'PF_List_1_1',2,Null,Null)
insert into AA_FormButtons_base ([cFormCode],[cButtonKey],[cGroup],[cPic],[cToolBarType],[iToolBarStyle],[iOrder],[iheightRow],[cHotKey],[cAuthid],[iVoucherCtlIndex],[ctoolbarPosIndex],[cResID],[cTipResID],[cSubID],[cProjectNO],[cForegroundColor],[cBackgroundColor],[cSetGroup],[iSetGroupRow],[ProcessObjectName],[FunctionKey])
values('EP0207_list','print','PF_List_1','Print','PortalToolbar',5,10,1,'Ctrl+P','',0,'P','','','EF','U870',Null,Null,'PF_List_1_1',2,Null,Null)
insert into AA_FormButtons_base ([cFormCode],[cButtonKey],[cGroup],[cPic],[cToolBarType],[iToolBarStyle],[iOrder],[iheightRow],[cHotKey],[cAuthid],[iVoucherCtlIndex],[ctoolbarPosIndex],[cResID],[cTipResID],[cSubID],[cProjectNO],[cForegroundColor],[cBackgroundColor],[cSetGroup],[iSetGroupRow],[ProcessObjectName],[FunctionKey])
values('EP0207_list','search','PF_List_6','Relate query','PortalToolbar',0,160,3,'',Null,0,'P','','','EF','U870',Null,Null,'PF_List_6_1',1,Null,Null)
insert into AA_FormButtons_base ([cFormCode],[cButtonKey],[cGroup],[cPic],[cToolBarType],[iToolBarStyle],[iOrder],[iheightRow],[cHotKey],[cAuthid],[iVoucherCtlIndex],[ctoolbarPosIndex],[cResID],[cTipResID],[cSubID],[cProjectNO],[cForegroundColor],[cBackgroundColor],[cSetGroup],[iSetGroupRow],[ProcessObjectName],[FunctionKey])
values('EP0207_list','unverifybatch','PF_List_3','Unapprove','PortalToolbar',0,100,1,'Alt+U','',0,'P','','','EF','U870',Null,Null,'PF_List_3_3',2,Null,Null)
insert into AA_FormButtons_base ([cFormCode],[cButtonKey],[cGroup],[cPic],[cToolBarType],[iToolBarStyle],[iOrder],[iheightRow],[cHotKey],[cAuthid],[iVoucherCtlIndex],[ctoolbarPosIndex],[cResID],[cTipResID],[cSubID],[cProjectNO],[cForegroundColor],[cBackgroundColor],[cSetGroup],[iSetGroupRow],[ProcessObjectName],[FunctionKey])
values('EP0207_list','verifybatch','PF_List_3','Approve','PortalToolbar',0,80,3,'Ctrl+U','',0,'P','','','EF','U870',Null,Null,'PF_List_3_2',1,Null,Null)

GO
insert into AA_FormButtons_lang ([cFormCode],[localeid],[cButtonKey],[cCaption],[cToolTip],[cSubID],[cProjectNO])
values('EP0207_list','en-US','autofold','autofold','autofold','EF','U870')
insert into AA_FormButtons_lang ([cFormCode],[localeid],[cButtonKey],[cCaption],[cToolTip],[cSubID],[cProjectNO])
values('EP0207_list','en-US','closebatch','Batch close','Batch closing refreshing','EF','U870')
insert into AA_FormButtons_lang ([cFormCode],[localeid],[cButtonKey],[cCaption],[cToolTip],[cSubID],[cProjectNO])
values('EP0207_list','en-US','columnset','Column','Column','EF','U870')
insert into AA_FormButtons_lang ([cFormCode],[localeid],[cButtonKey],[cCaption],[cToolTip],[cSubID],[cProjectNO])
values('EP0207_list','en-US','ConditionFormat','conditonl formatting','conditonl formatting','EF','U870')
insert into AA_FormButtons_lang ([cFormCode],[localeid],[cButtonKey],[cCaption],[cToolTip],[cSubID],[cProjectNO])
values('EP0207_list','en-US','filter','Query','Query','EF','U870')
insert into AA_FormButtons_lang ([cFormCode],[localeid],[cButtonKey],[cCaption],[cToolTip],[cSubID],[cProjectNO])
values('EP0207_list','en-US','filtration','Filter','Filter','EF','U870')
insert into AA_FormButtons_lang ([cFormCode],[localeid],[cButtonKey],[cCaption],[cToolTip],[cSubID],[cProjectNO])
values('EP0207_list','en-US','layout','layout','layout','EF','U870')
insert into AA_FormButtons_lang ([cFormCode],[localeid],[cButtonKey],[cCaption],[cToolTip],[cSubID],[cProjectNO])
values('EP0207_list','en-US','locate','Location','Location','EF','U870')
insert into AA_FormButtons_lang ([cFormCode],[localeid],[cButtonKey],[cCaption],[cToolTip],[cSubID],[cProjectNO])
values('EP0207_list','en-US','openbatch','Batch open','Batch open','EF','U870')
insert into AA_FormButtons_lang ([cFormCode],[localeid],[cButtonKey],[cCaption],[cToolTip],[cSubID],[cProjectNO])
values('EP0207_list','en-US','output','output','output','EF','U870')
insert into AA_FormButtons_lang ([cFormCode],[localeid],[cButtonKey],[cCaption],[cToolTip],[cSubID],[cProjectNO])
values('EP0207_list','en-US','print','Print','Print','EF','U870')
insert into AA_FormButtons_lang ([cFormCode],[localeid],[cButtonKey],[cCaption],[cToolTip],[cSubID],[cProjectNO])
values('EP0207_list','en-US','search','Query jointly','Query jointly','EF','U870')
insert into AA_FormButtons_lang ([cFormCode],[localeid],[cButtonKey],[cCaption],[cToolTip],[cSubID],[cProjectNO])
values('EP0207_list','en-US','unverifybatch','Batch cancel','Batch removing refreshing','EF','U870')
insert into AA_FormButtons_lang ([cFormCode],[localeid],[cButtonKey],[cCaption],[cToolTip],[cSubID],[cProjectNO])
values('EP0207_list','en-US','verifybatch','Mass approve','Mass approve','EF','U870')
insert into AA_FormButtons_lang ([cFormCode],[localeid],[cButtonKey],[cCaption],[cToolTip],[cSubID],[cProjectNO])
values('EP0207_list','zh-CN','autofold','自动折行','自动折行','EF','U870')
insert into AA_FormButtons_lang ([cFormCode],[localeid],[cButtonKey],[cCaption],[cToolTip],[cSubID],[cProjectNO])
values('EP0207_list','zh-CN','closebatch','关闭','关闭','EF','U870')
insert into AA_FormButtons_lang ([cFormCode],[localeid],[cButtonKey],[cCaption],[cToolTip],[cSubID],[cProjectNO])
values('EP0207_list','zh-CN','columnset','栏目设置','栏目设置','EF','U870')
insert into AA_FormButtons_lang ([cFormCode],[localeid],[cButtonKey],[cCaption],[cToolTip],[cSubID],[cProjectNO])
values('EP0207_list','zh-CN','ConditionFormat','条件格式','条件格式','EF','U870')
insert into AA_FormButtons_lang ([cFormCode],[localeid],[cButtonKey],[cCaption],[cToolTip],[cSubID],[cProjectNO])
values('EP0207_list','zh-CN','filter','查询','查询','EF','U870')
insert into AA_FormButtons_lang ([cFormCode],[localeid],[cButtonKey],[cCaption],[cToolTip],[cSubID],[cProjectNO])
values('EP0207_list','zh-CN','filtration','筛选','筛选','EF','U870')
insert into AA_FormButtons_lang ([cFormCode],[localeid],[cButtonKey],[cCaption],[cToolTip],[cSubID],[cProjectNO])
values('EP0207_list','zh-CN','layout','布局','布局','EF','U870')
insert into AA_FormButtons_lang ([cFormCode],[localeid],[cButtonKey],[cCaption],[cToolTip],[cSubID],[cProjectNO])
values('EP0207_list','zh-CN','locate','定位','定位','EF','U870')
insert into AA_FormButtons_lang ([cFormCode],[localeid],[cButtonKey],[cCaption],[cToolTip],[cSubID],[cProjectNO])
values('EP0207_list','zh-CN','openbatch','打开','打开','EF','U870')
insert into AA_FormButtons_lang ([cFormCode],[localeid],[cButtonKey],[cCaption],[cToolTip],[cSubID],[cProjectNO])
values('EP0207_list','zh-CN','output','输出','输出','EF','U870')
insert into AA_FormButtons_lang ([cFormCode],[localeid],[cButtonKey],[cCaption],[cToolTip],[cSubID],[cProjectNO])
values('EP0207_list','zh-CN','print','打印','打印','EF','U870')
insert into AA_FormButtons_lang ([cFormCode],[localeid],[cButtonKey],[cCaption],[cToolTip],[cSubID],[cProjectNO])
values('EP0207_list','zh-CN','search','联查','联查','EF','U870')
insert into AA_FormButtons_lang ([cFormCode],[localeid],[cButtonKey],[cCaption],[cToolTip],[cSubID],[cProjectNO])
values('EP0207_list','zh-CN','unverifybatch','弃审','弃审','EF','U870')
insert into AA_FormButtons_lang ([cFormCode],[localeid],[cButtonKey],[cCaption],[cToolTip],[cSubID],[cProjectNO])
values('EP0207_list','zh-CN','verifybatch','审核','审核','EF','U870')
insert into AA_FormButtons_lang ([cFormCode],[localeid],[cButtonKey],[cCaption],[cToolTip],[cSubID],[cProjectNO])
values('EP0207_list','zh-TW','autofold','自诱坌','自诱坌','EF','U870')
insert into AA_FormButtons_lang ([cFormCode],[localeid],[cButtonKey],[cCaption],[cToolTip],[cSubID],[cProjectNO])
values('EP0207_list','zh-TW','closebatch','P]','P]','EF','U870')
insert into AA_FormButtons_lang ([cFormCode],[localeid],[cButtonKey],[cCaption],[cToolTip],[cSubID],[cProjectNO])
values('EP0207_list','zh-TW','columnset','谀吭O置','谀吭O置','EF','U870')
insert into AA_FormButtons_lang ([cFormCode],[localeid],[cButtonKey],[cCaption],[cToolTip],[cSubID],[cProjectNO])
values('EP0207_list','zh-TW','ConditionFormat','l件格式','l件格式','EF','U870')
insert into AA_FormButtons_lang ([cFormCode],[localeid],[cButtonKey],[cCaption],[cToolTip],[cSubID],[cProjectNO])
values('EP0207_list','zh-TW','filter','查','查','EF','U870')
insert into AA_FormButtons_lang ([cFormCode],[localeid],[cButtonKey],[cCaption],[cToolTip],[cSubID],[cProjectNO])
values('EP0207_list','zh-TW','filtration','Yx','Yx','EF','U870')
insert into AA_FormButtons_lang ([cFormCode],[localeid],[cButtonKey],[cCaption],[cToolTip],[cSubID],[cProjectNO])
values('EP0207_list','zh-TW','layout','布局','布局','EF','U870')
insert into AA_FormButtons_lang ([cFormCode],[localeid],[cButtonKey],[cCaption],[cToolTip],[cSubID],[cProjectNO])
values('EP0207_list','zh-TW','locate','定位','定位','EF','U870')
insert into AA_FormButtons_lang ([cFormCode],[localeid],[cButtonKey],[cCaption],[cToolTip],[cSubID],[cProjectNO])
values('EP0207_list','zh-TW','openbatch','打_','打_','EF','U870')
insert into AA_FormButtons_lang ([cFormCode],[localeid],[cButtonKey],[cCaption],[cToolTip],[cSubID],[cProjectNO])
values('EP0207_list','zh-TW','output','出','出','EF','U870')
insert into AA_FormButtons_lang ([cFormCode],[localeid],[cButtonKey],[cCaption],[cToolTip],[cSubID],[cProjectNO])
values('EP0207_list','zh-TW','print','列印','列印','EF','U870')
insert into AA_FormButtons_lang ([cFormCode],[localeid],[cButtonKey],[cCaption],[cToolTip],[cSubID],[cProjectNO])
values('EP0207_list','zh-TW','search','查','查','EF','U870')
insert into AA_FormButtons_lang ([cFormCode],[localeid],[cButtonKey],[cCaption],[cToolTip],[cSubID],[cProjectNO])
values('EP0207_list','zh-TW','unverifybatch','','','EF','U870')
insert into AA_FormButtons_lang ([cFormCode],[localeid],[cButtonKey],[cCaption],[cToolTip],[cSubID],[cProjectNO])
values('EP0207_list','zh-TW','verifybatch','核','核','EF','U870')

GO
insert into AA_FormButtonMenus_base ([cFormCode],[cButtonKey],[cMenuKey],[iOrder],[cParentKey],[igrade],[cAuthid],[cResID],[cSubID],[cProjectNO],[cForegroundColor],[cBackgroundColor],[iMenuType],[ProcessObjectName],[FunctionKey])
values('EP0207_list','ConditionFormat','ConditionFormat[@@]Between',3,'',0,'','','EF','U870',Null,Null,0,'U8VouchListCommon.clsToolbarCommon','Between')
insert into AA_FormButtonMenus_base ([cFormCode],[cButtonKey],[cMenuKey],[iOrder],[cParentKey],[igrade],[cAuthid],[cResID],[cSubID],[cProjectNO],[cForegroundColor],[cBackgroundColor],[iMenuType],[ProcessObjectName],[FunctionKey])
values('EP0207_list','ConditionFormat','ConditionFormat[@@]Contain',5,'',0,'','','EF','U870',Null,Null,0,'U8VouchListCommon.clsToolbarCommon','Contain')
insert into AA_FormButtonMenus_base ([cFormCode],[cButtonKey],[cMenuKey],[iOrder],[cParentKey],[igrade],[cAuthid],[cResID],[cSubID],[cProjectNO],[cForegroundColor],[cBackgroundColor],[iMenuType],[ProcessObjectName],[FunctionKey])
values('EP0207_list','ConditionFormat','ConditionFormat[@@]DisplayRules',6,'',0,'','','EF','U870',Null,Null,0,'U8VouchListCommon.clsToolbarCommon','DisplayRules')
insert into AA_FormButtonMenus_base ([cFormCode],[cButtonKey],[cMenuKey],[iOrder],[cParentKey],[igrade],[cAuthid],[cResID],[cSubID],[cProjectNO],[cForegroundColor],[cBackgroundColor],[iMenuType],[ProcessObjectName],[FunctionKey])
values('EP0207_list','ConditionFormat','ConditionFormat[@@]Equal',4,'',0,'','','EF','U870',Null,Null,0,'U8VouchListCommon.clsToolbarCommon','Equal')
insert into AA_FormButtonMenus_base ([cFormCode],[cButtonKey],[cMenuKey],[iOrder],[cParentKey],[igrade],[cAuthid],[cResID],[cSubID],[cProjectNO],[cForegroundColor],[cBackgroundColor],[iMenuType],[ProcessObjectName],[FunctionKey])
values('EP0207_list','ConditionFormat','ConditionFormat[@@]Greate',1,'',0,'','','EF','U870',Null,Null,0,'U8VouchListCommon.clsToolbarCommon','Greate')
insert into AA_FormButtonMenus_base ([cFormCode],[cButtonKey],[cMenuKey],[iOrder],[cParentKey],[igrade],[cAuthid],[cResID],[cSubID],[cProjectNO],[cForegroundColor],[cBackgroundColor],[iMenuType],[ProcessObjectName],[FunctionKey])
values('EP0207_list','ConditionFormat','ConditionFormat[@@]Less',2,'',0,'','','EF','U870',Null,Null,0,'U8VouchListCommon.clsToolbarCommon','Less')
insert into AA_FormButtonMenus_base ([cFormCode],[cButtonKey],[cMenuKey],[iOrder],[cParentKey],[igrade],[cAuthid],[cResID],[cSubID],[cProjectNO],[cForegroundColor],[cBackgroundColor],[iMenuType],[ProcessObjectName],[FunctionKey])
values('EP0207_list','layout','layout[@@]HorizontalLayout',2,'',0,'','','EF','U870',Null,Null,1,'U8VouchListCommon.clsToolbarCommon','HorizontalLayout')
insert into AA_FormButtonMenus_base ([cFormCode],[cButtonKey],[cMenuKey],[iOrder],[cParentKey],[igrade],[cAuthid],[cResID],[cSubID],[cProjectNO],[cForegroundColor],[cBackgroundColor],[iMenuType],[ProcessObjectName],[FunctionKey])
values('EP0207_list','layout','layout[@@]mnubar0',3,'',0,'','','EF','U870',Null,Null,0,'U8VouchListCommon.clsToolbarCommon','mnubar0')
insert into AA_FormButtonMenus_base ([cFormCode],[cButtonKey],[cMenuKey],[iOrder],[cParentKey],[igrade],[cAuthid],[cResID],[cSubID],[cProjectNO],[cForegroundColor],[cBackgroundColor],[iMenuType],[ProcessObjectName],[FunctionKey])
values('EP0207_list','layout','layout[@@]QueryCondition',4,'',0,'','','EF','U870',Null,Null,1,'U8VouchListCommon.clsToolbarCommon','QueryCondition')
insert into AA_FormButtonMenus_base ([cFormCode],[cButtonKey],[cMenuKey],[iOrder],[cParentKey],[igrade],[cAuthid],[cResID],[cSubID],[cProjectNO],[cForegroundColor],[cBackgroundColor],[iMenuType],[ProcessObjectName],[FunctionKey])
values('EP0207_list','layout','layout[@@]QueryconSolution',5,'',0,'','','EF','U870',Null,Null,1,'U8VouchListCommon.clsToolbarCommon','QueryconSolution')
insert into AA_FormButtonMenus_base ([cFormCode],[cButtonKey],[cMenuKey],[iOrder],[cParentKey],[igrade],[cAuthid],[cResID],[cSubID],[cProjectNO],[cForegroundColor],[cBackgroundColor],[iMenuType],[ProcessObjectName],[FunctionKey])
values('EP0207_list','layout','layout[@@]VerticalLayout',1,'',0,'','','EF','U870',Null,Null,1,'U8VouchListCommon.clsToolbarCommon','VerticalLayout')
insert into AA_FormButtonMenus_base ([cFormCode],[cButtonKey],[cMenuKey],[iOrder],[cParentKey],[igrade],[cAuthid],[cResID],[cSubID],[cProjectNO],[cForegroundColor],[cBackgroundColor],[iMenuType],[ProcessObjectName],[FunctionKey])
values('EP0207_list','Print','preview',2,'',0,'','','EF','U870',Null,Null,0,Null,Null)
insert into AA_FormButtonMenus_base ([cFormCode],[cButtonKey],[cMenuKey],[iOrder],[cParentKey],[igrade],[cAuthid],[cResID],[cSubID],[cProjectNO],[cForegroundColor],[cBackgroundColor],[iMenuType],[ProcessObjectName],[FunctionKey])
values('EP0207_list','Print','print',1,'',0,'','','EF','U870',Null,Null,0,Null,Null)

GO
insert into AA_FormButtonMenus_lang ([cFormCode],[localeid],[cButtonKey],[cMenuKey],[cCaption],[cToolTip],[cSubID],[cProjectNO])
values('EP0207_list','en-US','ConditionFormat','ConditionFormat[@@]Between','Between','Between','EF','U870')
insert into AA_FormButtonMenus_lang ([cFormCode],[localeid],[cButtonKey],[cMenuKey],[cCaption],[cToolTip],[cSubID],[cProjectNO])
values('EP0207_list','en-US','ConditionFormat','ConditionFormat[@@]Contain','Contain','Contain','EF','U870')
insert into AA_FormButtonMenus_lang ([cFormCode],[localeid],[cButtonKey],[cMenuKey],[cCaption],[cToolTip],[cSubID],[cProjectNO])
values('EP0207_list','en-US','ConditionFormat','ConditionFormat[@@]DisplayRules','UserDefineRule','UserDefineRule','EF','U870')
insert into AA_FormButtonMenus_lang ([cFormCode],[localeid],[cButtonKey],[cMenuKey],[cCaption],[cToolTip],[cSubID],[cProjectNO])
values('EP0207_list','en-US','ConditionFormat','ConditionFormat[@@]Equal','Equal','Equal','EF','U870')
insert into AA_FormButtonMenus_lang ([cFormCode],[localeid],[cButtonKey],[cMenuKey],[cCaption],[cToolTip],[cSubID],[cProjectNO])
values('EP0207_list','en-US','ConditionFormat','ConditionFormat[@@]Greate','Greate','Greate','EF','U870')
insert into AA_FormButtonMenus_lang ([cFormCode],[localeid],[cButtonKey],[cMenuKey],[cCaption],[cToolTip],[cSubID],[cProjectNO])
values('EP0207_list','en-US','ConditionFormat','ConditionFormat[@@]Less','Less','Less','EF','U870')
insert into AA_FormButtonMenus_lang ([cFormCode],[localeid],[cButtonKey],[cMenuKey],[cCaption],[cToolTip],[cSubID],[cProjectNO])
values('EP0207_list','en-US','layout','layout[@@]HorizontalLayout','HorizontalLayout','HorizontalLayout','EF','U870')
insert into AA_FormButtonMenus_lang ([cFormCode],[localeid],[cButtonKey],[cMenuKey],[cCaption],[cToolTip],[cSubID],[cProjectNO])
values('EP0207_list','en-US','layout','layout[@@]mnubar0','-','','EF','U870')
insert into AA_FormButtonMenus_lang ([cFormCode],[localeid],[cButtonKey],[cMenuKey],[cCaption],[cToolTip],[cSubID],[cProjectNO])
values('EP0207_list','en-US','layout','layout[@@]QueryCondition','QueryCondition','QueryCondition','EF','U870')
insert into AA_FormButtonMenus_lang ([cFormCode],[localeid],[cButtonKey],[cMenuKey],[cCaption],[cToolTip],[cSubID],[cProjectNO])
values('EP0207_list','en-US','layout','layout[@@]QueryconSolution','QueryconSolution','QueryconSolution','EF','U870')
insert into AA_FormButtonMenus_lang ([cFormCode],[localeid],[cButtonKey],[cMenuKey],[cCaption],[cToolTip],[cSubID],[cProjectNO])
values('EP0207_list','en-US','layout','layout[@@]VerticalLayout','VerticalLayout','VerticalLayout','EF','U870')
insert into AA_FormButtonMenus_lang ([cFormCode],[localeid],[cButtonKey],[cMenuKey],[cCaption],[cToolTip],[cSubID],[cProjectNO])
values('EP0207_list','en-US','Print','preview','preview','','EF','U870')
insert into AA_FormButtonMenus_lang ([cFormCode],[localeid],[cButtonKey],[cMenuKey],[cCaption],[cToolTip],[cSubID],[cProjectNO])
values('EP0207_list','en-US','Print','print','print','','EF','U870')
insert into AA_FormButtonMenus_lang ([cFormCode],[localeid],[cButtonKey],[cMenuKey],[cCaption],[cToolTip],[cSubID],[cProjectNO])
values('EP0207_list','zh-CN','ConditionFormat','ConditionFormat[@@]Between','介于','介于','EF','U870')
insert into AA_FormButtonMenus_lang ([cFormCode],[localeid],[cButtonKey],[cMenuKey],[cCaption],[cToolTip],[cSubID],[cProjectNO])
values('EP0207_list','zh-CN','ConditionFormat','ConditionFormat[@@]Contain','包含','包含','EF','U870')
insert into AA_FormButtonMenus_lang ([cFormCode],[localeid],[cButtonKey],[cMenuKey],[cCaption],[cToolTip],[cSubID],[cProjectNO])
values('EP0207_list','zh-CN','ConditionFormat','ConditionFormat[@@]DisplayRules','自定义规则','自定义规则','EF','U870')
insert into AA_FormButtonMenus_lang ([cFormCode],[localeid],[cButtonKey],[cMenuKey],[cCaption],[cToolTip],[cSubID],[cProjectNO])
values('EP0207_list','zh-CN','ConditionFormat','ConditionFormat[@@]Equal','等于','等于','EF','U870')
insert into AA_FormButtonMenus_lang ([cFormCode],[localeid],[cButtonKey],[cMenuKey],[cCaption],[cToolTip],[cSubID],[cProjectNO])
values('EP0207_list','zh-CN','ConditionFormat','ConditionFormat[@@]Greate','大于','大于','EF','U870')
insert into AA_FormButtonMenus_lang ([cFormCode],[localeid],[cButtonKey],[cMenuKey],[cCaption],[cToolTip],[cSubID],[cProjectNO])
values('EP0207_list','zh-CN','ConditionFormat','ConditionFormat[@@]Less','小于','小于','EF','U870')
insert into AA_FormButtonMenus_lang ([cFormCode],[localeid],[cButtonKey],[cMenuKey],[cCaption],[cToolTip],[cSubID],[cProjectNO])
values('EP0207_list','zh-CN','layout','layout[@@]HorizontalLayout','上下布局','上下布局','EF','U870')
insert into AA_FormButtonMenus_lang ([cFormCode],[localeid],[cButtonKey],[cMenuKey],[cCaption],[cToolTip],[cSubID],[cProjectNO])
values('EP0207_list','zh-CN','layout','layout[@@]mnubar0','-','','EF','U870')
insert into AA_FormButtonMenus_lang ([cFormCode],[localeid],[cButtonKey],[cMenuKey],[cCaption],[cToolTip],[cSubID],[cProjectNO])
values('EP0207_list','zh-CN','layout','layout[@@]QueryCondition','显示查询条件','显示查询条件','EF','U870')
insert into AA_FormButtonMenus_lang ([cFormCode],[localeid],[cButtonKey],[cMenuKey],[cCaption],[cToolTip],[cSubID],[cProjectNO])
values('EP0207_list','zh-CN','layout','layout[@@]QueryconSolution','显示查询方案','显示查询方案','EF','U870')
insert into AA_FormButtonMenus_lang ([cFormCode],[localeid],[cButtonKey],[cMenuKey],[cCaption],[cToolTip],[cSubID],[cProjectNO])
values('EP0207_list','zh-CN','layout','layout[@@]VerticalLayout','左右布局','左右布局','EF','U870')
insert into AA_FormButtonMenus_lang ([cFormCode],[localeid],[cButtonKey],[cMenuKey],[cCaption],[cToolTip],[cSubID],[cProjectNO])
values('EP0207_list','zh-CN','Print','preview','预览','','EF','U870')
insert into AA_FormButtonMenus_lang ([cFormCode],[localeid],[cButtonKey],[cMenuKey],[cCaption],[cToolTip],[cSubID],[cProjectNO])
values('EP0207_list','zh-CN','Print','print','打印','','EF','U870')
insert into AA_FormButtonMenus_lang ([cFormCode],[localeid],[cButtonKey],[cMenuKey],[cCaption],[cToolTip],[cSubID],[cProjectNO])
values('EP0207_list','zh-TW','ConditionFormat','ConditionFormat[@@]Between','介於','介於','EF','U870')
insert into AA_FormButtonMenus_lang ([cFormCode],[localeid],[cButtonKey],[cMenuKey],[cCaption],[cToolTip],[cSubID],[cProjectNO])
values('EP0207_list','zh-TW','ConditionFormat','ConditionFormat[@@]Contain','包含','包含','EF','U870')
insert into AA_FormButtonMenus_lang ([cFormCode],[localeid],[cButtonKey],[cMenuKey],[cCaption],[cToolTip],[cSubID],[cProjectNO])
values('EP0207_list','zh-TW','ConditionFormat','ConditionFormat[@@]DisplayRules','自t','自t','EF','U870')
insert into AA_FormButtonMenus_lang ([cFormCode],[localeid],[cButtonKey],[cMenuKey],[cCaption],[cToolTip],[cSubID],[cProjectNO])
values('EP0207_list','zh-TW','ConditionFormat','ConditionFormat[@@]Equal','等於','等於','EF','U870')
insert into AA_FormButtonMenus_lang ([cFormCode],[localeid],[cButtonKey],[cMenuKey],[cCaption],[cToolTip],[cSubID],[cProjectNO])
values('EP0207_list','zh-TW','ConditionFormat','ConditionFormat[@@]Greate','大於','大於','EF','U870')
insert into AA_FormButtonMenus_lang ([cFormCode],[localeid],[cButtonKey],[cMenuKey],[cCaption],[cToolTip],[cSubID],[cProjectNO])
values('EP0207_list','zh-TW','ConditionFormat','ConditionFormat[@@]Less','小於','小於','EF','U870')
insert into AA_FormButtonMenus_lang ([cFormCode],[localeid],[cButtonKey],[cMenuKey],[cCaption],[cToolTip],[cSubID],[cProjectNO])
values('EP0207_list','zh-TW','layout','layout[@@]HorizontalLayout','上下丫','上下丫','EF','U870')
insert into AA_FormButtonMenus_lang ([cFormCode],[localeid],[cButtonKey],[cMenuKey],[cCaption],[cToolTip],[cSubID],[cProjectNO])
values('EP0207_list','zh-TW','layout','layout[@@]mnubar0','-','','EF','U870')
insert into AA_FormButtonMenus_lang ([cFormCode],[localeid],[cButtonKey],[cMenuKey],[cCaption],[cToolTip],[cSubID],[cProjectNO])
values('EP0207_list','zh-TW','layout','layout[@@]QueryCondition','@示查l件','@示查l件','EF','U870')
insert into AA_FormButtonMenus_lang ([cFormCode],[localeid],[cButtonKey],[cMenuKey],[cCaption],[cToolTip],[cSubID],[cProjectNO])
values('EP0207_list','zh-TW','layout','layout[@@]QueryconSolution','@示查方案','@示查方案','EF','U870')
insert into AA_FormButtonMenus_lang ([cFormCode],[localeid],[cButtonKey],[cMenuKey],[cCaption],[cToolTip],[cSubID],[cProjectNO])
values('EP0207_list','zh-TW','layout','layout[@@]VerticalLayout','左右丫','左右丫','EF','U870')
insert into AA_FormButtonMenus_lang ([cFormCode],[localeid],[cButtonKey],[cMenuKey],[cCaption],[cToolTip],[cSubID],[cProjectNO])
values('EP0207_list','zh-TW','Print','preview','A[','','EF','U870')
insert into AA_FormButtonMenus_lang ([cFormCode],[localeid],[cButtonKey],[cMenuKey],[cCaption],[cToolTip],[cSubID],[cProjectNO])
values('EP0207_list','zh-TW','Print','print','列印','','EF','U870')

GO

GO

GO
---------begin
--select * from flt_definemeta_base where filterid=N'EP0207'
--select * from flt_definemeta_lang where filterid=N'EP0207'
--select * from flt_definemeta_cache where filterid=N'EP0207'

delete from flt_definemeta_base where filterid='EP0207'
delete from flt_definemeta_lang where filterid='EP0207'
delete from flt_definemeta_cache where filterid='EP0207'
------基础过滤SQL语句!------
insert into flt_definemeta_base(FilterID,ProjectNO,XMLExpression,SubNO,FilterName,FilterDesc,IsUpgrade,bLocked,cLockedBy)  values(N'EP0207',N'U8CUSTDEF',N'<root canceladvanceitemlist="" title="" behaviorclass="" hasgroupby="0" hasadvance="1" cancelseconddev="0"><filter>
<items>
<item position= "10" name="auxunitcode" caption="辅计量单位编码" reftype="1" refid="" rangeinput="1" commonlogic="eq" multselect="0"  fieldname="auxunitcode" returnfield="sys__ReturnFieldCode" iscommon="0" allowupdatecomparelogic="1"  commoncaption="辅计量单位编码" mustinput="0" defaultvalue="" descvalue="[####]" groupnum="" orlogic="0" projectno="U8CUSTDEF" pointbit="-1" showstyle="0" format="" ispara="0" fieldclass="" displayinportalview="0" autodisplaytext="0" isfacilitycondition="0" isjoinfulltextquery="0"/>
<item position= "20" name="auxunitname" caption="辅计量单位" reftype="1" refid="" rangeinput="1" commonlogic="eq" multselect="0"  fieldname="auxunitname" returnfield="sys__ReturnFieldCode" iscommon="0" allowupdatecomparelogic="1"  commoncaption="辅计量单位" mustinput="0" defaultvalue="" descvalue="[####]" groupnum="" orlogic="0" projectno="U8CUSTDEF" pointbit="-1" showstyle="0" format="" ispara="0" fieldclass="" displayinportalview="0" autodisplaytext="0" isfacilitycondition="0" isjoinfulltextquery="0"/>
<item position= "30" name="b_ccomunitname" caption="主计量单位" reftype="1" refid="" rangeinput="1" commonlogic="eq" multselect="0"  fieldname="b_ccomunitname" returnfield="sys__ReturnFieldCode" iscommon="0" allowupdatecomparelogic="1"  commoncaption="主计量单位" mustinput="0" defaultvalue="" descvalue="[####]" groupnum="" orlogic="0" projectno="U8CUSTDEF" pointbit="-1" showstyle="0" format="" ispara="0" fieldclass="" displayinportalview="0" autodisplaytext="0" isfacilitycondition="0" isjoinfulltextquery="0"/>
<item position= "40" name="b_ccuscode" caption="客户编码" reftype="1" refid="customer_sa" rangeinput="1" commonlogic="eq" multselect="0"  fieldname="b_ccuscode" returnfield="sys__ReturnFieldCode" iscommon="0" allowupdatecomparelogic="1"  commoncaption="客户编码" mustinput="0" defaultvalue="" descvalue="[####]" groupnum="" orlogic="0" projectno="U8CUSTDEF" pointbit="-1" showstyle="0" format="" ispara="0" fieldclass="" displayinportalview="0" autodisplaytext="0" isfacilitycondition="0" isjoinfulltextquery="0"/>
<item position= "50" name="b_ccusname" caption="客户名称" reftype="1" refid="customer_sa" rangeinput="1" commonlogic="eq" multselect="0"  fieldname="b_ccusname" returnfield="sys__ReturnFieldCode" iscommon="0" allowupdatecomparelogic="1"  commoncaption="客户名称" mustinput="0" defaultvalue="" descvalue="[####]" groupnum="" orlogic="0" projectno="U8CUSTDEF" pointbit="-1" showstyle="0" format="" ispara="0" fieldclass="" displayinportalview="0" autodisplaytext="0" isfacilitycondition="0" isjoinfulltextquery="0"/>
<item position= "60" name="b_cdepcode" caption="部门编码" reftype="1" refid="department_aa" rangeinput="1" commonlogic="eq" multselect="0"  fieldname="b_cdepcode" returnfield="sys__ReturnFieldCode" iscommon="0" allowupdatecomparelogic="1"  commoncaption="部门编码" mustinput="0" defaultvalue="" descvalue="[####]" groupnum="" orlogic="0" projectno="U8CUSTDEF" pointbit="-1" showstyle="0" format="" ispara="0" fieldclass="" displayinportalview="0" autodisplaytext="0" isfacilitycondition="0" isjoinfulltextquery="0"/>
<item position= "70" name="b_cdepname" caption="部门名称" reftype="1" refid="department_aa" rangeinput="1" commonlogic="eq" multselect="0"  fieldname="b_cdepname" returnfield="sys__ReturnFieldCode" iscommon="0" allowupdatecomparelogic="1"  commoncaption="部门名称" mustinput="0" defaultvalue="" descvalue="[####]" groupnum="" orlogic="0" projectno="U8CUSTDEF" pointbit="-1" showstyle="0" format="" ispara="0" fieldclass="" displayinportalview="0" autodisplaytext="0" isfacilitycondition="0" isjoinfulltextquery="0"/>
<item position= "80" name="b_cfree1" caption="表体存货自由项1" reftype="1" refid="" rangeinput="1" commonlogic="eq" multselect="0"  fieldname="b_cfree1" returnfield="sys__ReturnFieldCode" iscommon="0" allowupdatecomparelogic="1"  commoncaption="表体存货自由项1" mustinput="0" defaultvalue="" descvalue="[####]" groupnum="" orlogic="0" projectno="U8CUSTDEF" pointbit="-1" showstyle="0" format="" ispara="0" fieldclass="" displayinportalview="0" autodisplaytext="0" isfacilitycondition="0" isjoinfulltextquery="0"/>
<item position= "90" name="b_cfree10" caption="表体存货自由项10" reftype="1" refid="" rangeinput="1" commonlogic="eq" multselect="0"  fieldname="b_cfree10" returnfield="sys__ReturnFieldCode" iscommon="0" allowupdatecomparelogic="1"  commoncaption="表体存货自由项10" mustinput="0" defaultvalue="" descvalue="[####]" groupnum="" orlogic="0" projectno="U8CUSTDEF" pointbit="-1" showstyle="0" format="" ispara="0" fieldclass="" displayinportalview="0" autodisplaytext="0" isfacilitycondition="0" isjoinfulltextquery="0"/>
<item position= "100" name="b_cfree2" caption="表体存货自由项2" reftype="1" refid="" rangeinput="1" commonlogic="eq" multselect="0"  fieldname="b_cfree2" returnfield="sys__ReturnFieldCode" iscommon="0" allowupdatecomparelogic="1"  commoncaption="表体存货自由项2" mustinput="0" defaultvalue="" descvalue="[####]" groupnum="" orlogic="0" projectno="U8CUSTDEF" pointbit="-1" showstyle="0" format="" ispara="0" fieldclass="" displayinportalview="0" autodisplaytext="0" isfacilitycondition="0" isjoinfulltextquery="0"/>
<item position= "110" name="b_cfree3" caption="表体存货自由项3" reftype="1" refid="" rangeinput="1" commonlogic="eq" multselect="0"  fieldname="b_cfree3" returnfield="sys__ReturnFieldCode" iscommon="0" allowupdatecomparelogic="1"  commoncaption="表体存货自由项3" mustinput="0" defaultvalue="" descvalue="[####]" groupnum="" orlogic="0" projectno="U8CUSTDEF" pointbit="-1" showstyle="0" format="" ispara="0" fieldclass="" displayinportalview="0" autodisplaytext="0" isfacilitycondition="0" isjoinfulltextquery="0"/>
<item position= "120" name="b_cfree4" caption="表体存货自由项4" reftype="1" refid="" rangeinput="1" commonlogic="eq" multselect="0"  fieldname="b_cfree4" returnfield="sys__ReturnFieldCode" iscommon="0" allowupdatecomparelogic="1"  commoncaption="表体存货自由项4" mustinput="0" defaultvalue="" descvalue="[####]" groupnum="" orlogic="0" projectno="U8CUSTDEF" pointbit="-1" showstyle="0" format="" ispara="0" fieldclass="" displayinportalview="0" autodisplaytext="0" isfacilitycondition="0" isjoinfulltextquery="0"/>
<item position= "130" name="b_cfree5" caption="表体存货自由项5" reftype="1" refid="" rangeinput="1" commonlogic="eq" multselect="0"  fieldname="b_cfree5" returnfield="sys__ReturnFieldCode" iscommon="0" allowupdatecomparelogic="1"  commoncaption="表体存货自由项5" mustinput="0" defaultvalue="" descvalue="[####]" groupnum="" orlogic="0" projectno="U8CUSTDEF" pointbit="-1" showstyle="0" format="" ispara="0" fieldclass="" displayinportalview="0" autodisplaytext="0" isfacilitycondition="0" isjoinfulltextquery="0"/>
<item position= "140" name="b_cfree6" caption="表体存货自由项6" reftype="1" refid="" rangeinput="1" commonlogic="eq" multselect="0"  fieldname="b_cfree6" returnfield="sys__ReturnFieldCode" iscommon="0" allowupdatecomparelogic="1"  commoncaption="表体存货自由项6" mustinput="0" defaultvalue="" descvalue="[####]" groupnum="" orlogic="0" projectno="U8CUSTDEF" pointbit="-1" showstyle="0" format="" ispara="0" fieldclass="" displayinportalview="0" autodisplaytext="0" isfacilitycondition="0" isjoinfulltextquery="0"/>
<item position= "150" name="b_cfree7" caption="表体存货自由项7" reftype="1" refid="" rangeinput="1" commonlogic="eq" multselect="0"  fieldname="b_cfree7" returnfield="sys__ReturnFieldCode" iscommon="0" allowupdatecomparelogic="1"  commoncaption="表体存货自由项7" mustinput="0" defaultvalue="" descvalue="[####]" groupnum="" orlogic="0" projectno="U8CUSTDEF" pointbit="-1" showstyle="0" format="" ispara="0" fieldclass="" displayinportalview="0" autodisplaytext="0" isfacilitycondition="0" isjoinfulltextquery="0"/>
<item position= "160" name="b_cfree8" caption="表体存货自由项8" reftype="1" refid="" rangeinput="1" commonlogic="eq" multselect="0"  fieldname="b_cfree8" returnfield="sys__ReturnFieldCode" iscommon="0" allowupdatecomparelogic="1"  commoncaption="表体存货自由项8" mustinput="0" defaultvalue="" descvalue="[####]" groupnum="" orlogic="0" projectno="U8CUSTDEF" pointbit="-1" showstyle="0" format="" ispara="0" fieldclass="" displayinportalview="0" autodisplaytext="0" isfacilitycondition="0" isjoinfulltextquery="0"/>
<item position= "170" name="b_cfree9" caption="表体存货自由项9" reftype="1" refid="" rangeinput="1" commonlogic="eq" multselect="0"  fieldname="b_cfree9" returnfield="sys__ReturnFieldCode" iscommon="0" allowupdatecomparelogic="1"  commoncaption="表体存货自由项9" mustinput="0" defaultvalue="" descvalue="[####]" groupnum="" orlogic="0" projectno="U8CUSTDEF" pointbit="-1" showstyle="0" format="" ispara="0" fieldclass="" displayinportalview="0" autodisplaytext="0" isfacilitycondition="0" isjoinfulltextquery="0"/>
<item position= "180" name="b_cinvcode" caption="存货编码" reftype="1" refid="inventory_aa" rangeinput="1" commonlogic="eq" multselect="0"  fieldname="b_cinvcode" returnfield="sys__ReturnFieldCode" iscommon="0" allowupdatecomparelogic="1"  commoncaption="存货编码" mustinput="0" defaultvalue="" descvalue="[####]" groupnum="" orlogic="0" projectno="U8CUSTDEF" pointbit="-1" showstyle="0" format="" ispara="0" fieldclass="" displayinportalview="0" autodisplaytext="0" isfacilitycondition="0" isjoinfulltextquery="0"/>
<item position= "190" name="b_cinvname" caption="存货名称" reftype="1" refid="inventory_aa" rangeinput="1" commonlogic="eq" multselect="0"  fieldname="b_cinvname" returnfield="sys__ReturnFieldCode" iscommon="0" allowupdatecomparelogic="1"  commoncaption="存货名称" mustinput="0" defaultvalue="" descvalue="[####]" groupnum="" orlogic="0" projectno="U8CUSTDEF" pointbit="-1" showstyle="0" format="" ispara="0" fieldclass="" displayinportalview="0" autodisplaytext="0" isfacilitycondition="0" isjoinfulltextquery="0"/>
<item position= "200" name="b_cinvstd" caption="规格" reftype="1" refid="" rangeinput="1" commonlogic="eq" multselect="0"  fieldname="b_cinvstd" returnfield="sys__ReturnFieldCode" iscommon="0" allowupdatecomparelogic="1"  commoncaption="规格" mustinput="0" defaultvalue="" descvalue="[####]" groupnum="" orlogic="0" projectno="U8CUSTDEF" pointbit="-1" showstyle="0" format="" ispara="0" fieldclass="" displayinportalview="0" autodisplaytext="0" isfacilitycondition="0" isjoinfulltextquery="0"/>
<item position= "210" name="b_cpersoncode" caption="人员编码" reftype="1" refid="person_aa" rangeinput="1" commonlogic="eq" multselect="0"  fieldname="b_cpersoncode" returnfield="sys__ReturnFieldCode" iscommon="0" allowupdatecomparelogic="1"  commoncaption="人员编码" mustinput="0" defaultvalue="" descvalue="[####]" groupnum="" orlogic="0" projectno="U8CUSTDEF" pointbit="-1" showstyle="0" format="" ispara="0" fieldclass="" displayinportalview="0" autodisplaytext="0" isfacilitycondition="0" isjoinfulltextquery="0"/>
<item position= "220" name="b_cpersonname" caption="人员名称" reftype="1" refid="person_aa" rangeinput="1" commonlogic="eq" multselect="0"  fieldname="b_cpersonname" returnfield="sys__ReturnFieldCode" iscommon="0" allowupdatecomparelogic="1"  commoncaption="人员名称" mustinput="0" defaultvalue="" descvalue="[####]" groupnum="" orlogic="0" projectno="U8CUSTDEF" pointbit="-1" showstyle="0" format="" ispara="0" fieldclass="" displayinportalview="0" autodisplaytext="0" isfacilitycondition="0" isjoinfulltextquery="0"/>
<item position= "230" name="b_cvencode" caption="供应商编码" reftype="1" refid="vendor_aa" rangeinput="1" commonlogic="eq" multselect="0"  fieldname="b_cvencode" returnfield="sys__ReturnFieldCode" iscommon="0" allowupdatecomparelogic="1"  commoncaption="供应商编码" mustinput="0" defaultvalue="" descvalue="[####]" groupnum="" orlogic="0" projectno="U8CUSTDEF" pointbit="-1" showstyle="0" format="" ispara="0" fieldclass="" displayinportalview="0" autodisplaytext="0" isfacilitycondition="0" isjoinfulltextquery="0"/>
<item position= "240" name="b_cvenname" caption="供应商名称" reftype="1" refid="vendor_aa" rangeinput="1" commonlogic="eq" multselect="0"  fieldname="b_cvenname" returnfield="sys__ReturnFieldCode" iscommon="0" allowupdatecomparelogic="1"  commoncaption="供应商名称" mustinput="0" defaultvalue="" descvalue="[####]" groupnum="" orlogic="0" projectno="U8CUSTDEF" pointbit="-1" showstyle="0" format="" ispara="0" fieldclass="" displayinportalview="0" autodisplaytext="0" isfacilitycondition="0" isjoinfulltextquery="0"/>
<item position= "250" name="b_cwhcode" caption="仓库编码" reftype="1" refid="warehouse_aa" rangeinput="1" commonlogic="eq" multselect="0"  fieldname="b_cwhcode" returnfield="sys__ReturnFieldCode" iscommon="0" allowupdatecomparelogic="1"  commoncaption="仓库编码" mustinput="0" defaultvalue="" descvalue="[####]" groupnum="" orlogic="0" projectno="U8CUSTDEF" pointbit="-1" showstyle="0" format="" ispara="0" fieldclass="" displayinportalview="0" autodisplaytext="0" isfacilitycondition="0" isjoinfulltextquery="0"/>
<item position= "260" name="b_cwhname" caption="仓库名称" reftype="1" refid="warehouse_aa" rangeinput="1" commonlogic="eq" multselect="0"  fieldname="b_cwhname" returnfield="sys__ReturnFieldCode" iscommon="0" allowupdatecomparelogic="1"  commoncaption="仓库名称" mustinput="0" defaultvalue="" descvalue="[####]" groupnum="" orlogic="0" projectno="U8CUSTDEF" pointbit="-1" showstyle="0" format="" ispara="0" fieldclass="" displayinportalview="0" autodisplaytext="0" isfacilitycondition="0" isjoinfulltextquery="0"/>
<item position= "270" name="cbclosedate" caption="关闭日期" reftype="1" refid="" rangeinput="1" commonlogic="eq" multselect="0"  fieldname="cbclosedate" returnfield="sys__ReturnFieldCode" iscommon="0" allowupdatecomparelogic="1"  commoncaption="关闭日期" mustinput="0" defaultvalue="" descvalue="[####]" groupnum="" orlogic="0" projectno="U8CUSTDEF" pointbit="-1" showstyle="0" format="" ispara="0" fieldclass="" displayinportalview="0" autodisplaytext="0" isfacilitycondition="0" isjoinfulltextquery="0"/>
<item position= "280" name="cbcloser" caption="关闭人" reftype="1" refid="" rangeinput="1" commonlogic="eq" multselect="0"  fieldname="cbcloser" returnfield="sys__ReturnFieldCode" iscommon="0" allowupdatecomparelogic="1"  commoncaption="关闭人" mustinput="0" defaultvalue="" descvalue="[####]" groupnum="" orlogic="0" projectno="U8CUSTDEF" pointbit="-1" showstyle="0" format="" ispara="0" fieldclass="" displayinportalview="0" autodisplaytext="0" isfacilitycondition="0" isjoinfulltextquery="0"/>
<item position= "290" name="cbmemo" caption="表体备注" reftype="1" refid="" rangeinput="1" commonlogic="eq" multselect="0"  fieldname="cbmemo" returnfield="sys__ReturnFieldCode" iscommon="1" allowupdatecomparelogic="1"  commoncaption="表体备注" mustinput="0" defaultvalue="" descvalue="[####]" groupnum="" orlogic="0" projectno="U8CUSTDEF" pointbit="-1" showstyle="0" format="" ispara="0" fieldclass="" displayinportalview="0" autodisplaytext="0" isfacilitycondition="0" isjoinfulltextquery="0"/>
<item position= "300" name="ccloser" caption="关闭人" reftype="0" refid="" rangeinput="1" commonlogic="eq" multselect="0"  fieldname="ccloser" iscommon="0" allowupdatecomparelogic="1"   commoncaption="关闭人" mustinput="0"  descvalue=""  orlogic="0" projectno="U8CUSTDEF" pointbit="-1" showstyle="0"  ispara="0" fieldclass="" displayinportalview="0" autodisplaytext="0" isfacilitycondition="0" isjoinfulltextquery="0"/>
<item position= "310" name="ccode" caption="单据编号" reftype="0" refid="" rangeinput="1" commonlogic="eq" multselect="0"  fieldname="ccode" iscommon="1" allowupdatecomparelogic="1"   commoncaption="单据编号" mustinput="0"  descvalue=""  orlogic="0" projectno="U8CUSTDEF" pointbit="-1" showstyle="0"  ispara="0" fieldclass="" displayinportalview="0" autodisplaytext="0" isfacilitycondition="0" isjoinfulltextquery="0"/>
<item position= "320" name="ccusname" caption="客户" reftype="1" refid="" rangeinput="1" commonlogic="eq" multselect="0"  fieldname="ccusname" returnfield="sys__ReturnFieldCode" iscommon="1" allowupdatecomparelogic="1"  commoncaption="客户" mustinput="0" defaultvalue="" descvalue="[####]" groupnum="" orlogic="0" projectno="U8CUSTDEF" pointbit="-1" showstyle="0" format="" ispara="0" fieldclass="" displayinportalview="0" autodisplaytext="0" isfacilitycondition="0" isjoinfulltextquery="0"/>
<item position= "330" name="cInvDefine1" caption="存货自定义项1" reftype="1" refid="" rangeinput="1" commonlogic="eq" multselect="0"  fieldname="cInvDefine1" returnfield="sys__ReturnFieldCode" iscommon="0" allowupdatecomparelogic="1"  commoncaption="存货自定义项1" mustinput="0" defaultvalue="" descvalue="[####]" groupnum="" orlogic="0" projectno="U8CUSTDEF" pointbit="-1" showstyle="0" format="" ispara="0" fieldclass="" displayinportalview="0" autodisplaytext="0" isfacilitycondition="0" isjoinfulltextquery="0"/>
<item position= "340" name="cInvDefine10" caption="存货自定义项10" reftype="1" refid="" rangeinput="1" commonlogic="eq" multselect="0"  fieldname="cInvDefine10" returnfield="sys__ReturnFieldCode" iscommon="0" allowupdatecomparelogic="1"  commoncaption="存货自定义项10" mustinput="0" defaultvalue="" descvalue="[####]" groupnum="" orlogic="0" projectno="U8CUSTDEF" pointbit="-1" showstyle="0" format="" ispara="0" fieldclass="" displayinportalview="0" autodisplaytext="0" isfacilitycondition="0" isjoinfulltextquery="0"/>
<item position= "350" name="cInvDefine11" caption="存货自定义项11" reftype="1" refid="" rangeinput="1" commonlogic="eq" multselect="0"  fieldname="cInvDefine11" returnfield="sys__ReturnFieldCode" iscommon="0" allowupdatecomparelogic="1"  commoncaption="存货自定义项11" mustinput="0" defaultvalue="" descvalue="[####]" groupnum="" orlogic="0" projectno="U8CUSTDEF" pointbit="-1" showstyle="0" format="" ispara="0" fieldclass="" displayinportalview="0" autodisplaytext="0" isfacilitycondition="0" isjoinfulltextquery="0"/>
<item position= "360" name="cInvDefine12" caption="存货自定义项12" reftype="1" refid="" rangeinput="1" commonlogic="eq" multselect="0"  fieldname="cInvDefine12" returnfield="sys__ReturnFieldCode" iscommon="0" allowupdatecomparelogic="1"  commoncaption="存货自定义项12" mustinput="0" defaultvalue="" descvalue="[####]" groupnum="" orlogic="0" projectno="U8CUSTDEF" pointbit="-1" showstyle="0" format="" ispara="0" fieldclass="" displayinportalview="0" autodisplaytext="0" isfacilitycondition="0" isjoinfulltextquery="0"/>
<item position= "370" name="cInvDefine13" caption="存货自定义项13" reftype="1" refid="" rangeinput="1" commonlogic="eq" multselect="0"  fieldname="cInvDefine13" returnfield="sys__ReturnFieldCode" iscommon="0" allowupdatecomparelogic="1"  commoncaption="存货自定义项13" mustinput="0" defaultvalue="" descvalue="[####]" groupnum="" orlogic="0" projectno="U8CUSTDEF" pointbit="-1" showstyle="0" format="" ispara="0" fieldclass="" displayinportalview="0" autodisplaytext="0" isfacilitycondition="0" isjoinfulltextquery="0"/>
<item position= "380" name="cInvDefine14" caption="存货自定义项14" reftype="1" refid="" rangeinput="1" commonlogic="eq" multselect="0"  fieldname="cInvDefine14" returnfield="sys__ReturnFieldCode" iscommon="0" allowupdatecomparelogic="1"  commoncaption="存货自定义项14" mustinput="0" defaultvalue="" descvalue="[####]" groupnum="" orlogic="0" projectno="U8CUSTDEF" pointbit="-1" showstyle="0" format="" ispara="0" fieldclass="" displayinportalview="0" autodisplaytext="0" isfacilitycondition="0" isjoinfulltextquery="0"/>
<item position= "390" name="cInvDefine15" caption="存货自定义项15" reftype="1" refid="" rangeinput="1" commonlogic="eq" multselect="0"  fieldname="cInvDefine15" returnfield="sys__ReturnFieldCode" iscommon="0" allowupdatecomparelogic="1"  commoncaption="存货自定义项15" mustinput="0" defaultvalue="" descvalue="[####]" groupnum="" orlogic="0" projectno="U8CUSTDEF" pointbit="-1" showstyle="0" format="" ispara="0" fieldclass="" displayinportalview="0" autodisplaytext="0" isfacilitycondition="0" isjoinfulltextquery="0"/>
<item position= "400" name="cInvDefine16" caption="存货自定义项16" reftype="1" refid="" rangeinput="1" commonlogic="eq" multselect="0"  fieldname="cInvDefine16" returnfield="sys__ReturnFieldCode" iscommon="0" allowupdatecomparelogic="1"  commoncaption="存货自定义项16" mustinput="0" defaultvalue="" descvalue="[####]" groupnum="" orlogic="0" projectno="U8CUSTDEF" pointbit="-1" showstyle="0" format="" ispara="0" fieldclass="" displayinportalview="0" autodisplaytext="0" isfacilitycondition="0" isjoinfulltextquery="0"/>
<item position= "410" name="cInvDefine2" caption="存货自定义项2" reftype="1" refid="" rangeinput="1" commonlogic="eq" multselect="0"  fieldname="cInvDefine2" returnfield="sys__ReturnFieldCode" iscommon="0" allowupdatecomparelogic="1"  commoncaption="存货自定义项2" mustinput="0" defaultvalue="" descvalue="[####]" groupnum="" orlogic="0" projectno="U8CUSTDEF" pointbit="-1" showstyle="0" format="" ispara="0" fieldclass="" displayinportalview="0" autodisplaytext="0" isfacilitycondition="0" isjoinfulltextquery="0"/>
<item position= "420" name="cInvDefine3" caption="存货自定义项3" reftype="1" refid="" rangeinput="1" commonlogic="eq" multselect="0"  fieldname="cInvDefine3" returnfield="sys__ReturnFieldCode" iscommon="0" allowupdatecomparelogic="1"  commoncaption="存货自定义项3" mustinput="0" defaultvalue="" descvalue="[####]" groupnum="" orlogic="0" projectno="U8CUSTDEF" pointbit="-1" showstyle="0" format="" ispara="0" fieldclass="" displayinportalview="0" autodisplaytext="0" isfacilitycondition="0" isjoinfulltextquery="0"/>
<item position= "430" name="cInvDefine4" caption="存货自定义项4" reftype="1" refid="" rangeinput="1" commonlogic="eq" multselect="0"  fieldname="cInvDefine4" returnfield="sys__ReturnFieldCode" iscommon="0" allowupdatecomparelogic="1"  commoncaption="存货自定义项4" mustinput="0" defaultvalue="" descvalue="[####]" groupnum="" orlogic="0" projectno="U8CUSTDEF" pointbit="-1" showstyle="0" format="" ispara="0" fieldclass="" displayinportalview="0" autodisplaytext="0" isfacilitycondition="0" isjoinfulltextquery="0"/>
<item position= "440" name="cInvDefine5" caption="存货自定义项5" reftype="1" refid="" rangeinput="1" commonlogic="eq" multselect="0"  fieldname="cInvDefine5" returnfield="sys__ReturnFieldCode" iscommon="0" allowupdatecomparelogic="1"  commoncaption="存货自定义项5" mustinput="0" defaultvalue="" descvalue="[####]" groupnum="" orlogic="0" projectno="U8CUSTDEF" pointbit="-1" showstyle="0" format="" ispara="0" fieldclass="" displayinportalview="0" autodisplaytext="0" isfacilitycondition="0" isjoinfulltextquery="0"/>
<item position= "450" name="cInvDefine6" caption="存货自定义项6" reftype="1" refid="" rangeinput="1" commonlogic="eq" multselect="0"  fieldname="cInvDefine6" returnfield="sys__ReturnFieldCode" iscommon="0" allowupdatecomparelogic="1"  commoncaption="存货自定义项6" mustinput="0" defaultvalue="" descvalue="[####]" groupnum="" orlogic="0" projectno="U8CUSTDEF" pointbit="-1" showstyle="0" format="" ispara="0" fieldclass="" displayinportalview="0" autodisplaytext="0" isfacilitycondition="0" isjoinfulltextquery="0"/>
<item position= "460" name="cInvDefine7" caption="存货自定义项7" reftype="1" refid="" rangeinput="1" commonlogic="eq" multselect="0"  fieldname="cInvDefine7" returnfield="sys__ReturnFieldCode" iscommon="0" allowupdatecomparelogic="1"  commoncaption="存货自定义项7" mustinput="0" defaultvalue="" descvalue="[####]" groupnum="" orlogic="0" projectno="U8CUSTDEF" pointbit="-1" showstyle="0" format="" ispara="0" fieldclass="" displayinportalview="0" autodisplaytext="0" isfacilitycondition="0" isjoinfulltextquery="0"/>
<item position= "470" name="cInvDefine8" caption="存货自定义项8" reftype="1" refid="" rangeinput="1" commonlogic="eq" multselect="0"  fieldname="cInvDefine8" returnfield="sys__ReturnFieldCode" iscommon="0" allowupdatecomparelogic="1"  commoncaption="存货自定义项8" mustinput="0" defaultvalue="" descvalue="[####]" groupnum="" orlogic="0" projectno="U8CUSTDEF" pointbit="-1" showstyle="0" format="" ispara="0" fieldclass="" displayinportalview="0" autodisplaytext="0" isfacilitycondition="0" isjoinfulltextquery="0"/>
<item position= "480" name="cInvDefine9" caption="存货自定义项9" reftype="1" refid="" rangeinput="1" commonlogic="eq" multselect="0"  fieldname="cInvDefine9" returnfield="sys__ReturnFieldCode" iscommon="0" allowupdatecomparelogic="1"  commoncaption="存货自定义项9" mustinput="0" defaultvalue="" descvalue="[####]" groupnum="" orlogic="0" projectno="U8CUSTDEF" pointbit="-1" showstyle="0" format="" ispara="0" fieldclass="" displayinportalview="0" autodisplaytext="0" isfacilitycondition="0" isjoinfulltextquery="0"/>
<item position= "490" name="citem_class" caption="项目大类编码" reftype="1" refid="" rangeinput="1" commonlogic="eq" multselect="0"  fieldname="citem_class" returnfield="sys__ReturnFieldCode" iscommon="1" allowupdatecomparelogic="1"  commoncaption="项目大类编码" mustinput="0" defaultvalue="" descvalue="[####]" groupnum="" orlogic="0" projectno="U8CUSTDEF" pointbit="-1" showstyle="0" format="" ispara="0" fieldclass="" displayinportalview="0" autodisplaytext="0" isfacilitycondition="0" isjoinfulltextquery="0"/>
<item position= "500" name="citem_cname" caption="项目大类" reftype="1" refid="" rangeinput="1" commonlogic="eq" multselect="0"  fieldname="citem_cname" returnfield="sys__ReturnFieldCode" iscommon="1" allowupdatecomparelogic="1"  commoncaption="项目大类" mustinput="0" defaultvalue="" descvalue="[####]" groupnum="" orlogic="0" projectno="U8CUSTDEF" pointbit="-1" showstyle="0" format="" ispara="0" fieldclass="" displayinportalview="0" autodisplaytext="0" isfacilitycondition="0" isjoinfulltextquery="0"/>
<item position= "510" name="citemcode" caption="项目编码" reftype="1" refid="" rangeinput="1" commonlogic="eq" multselect="0"  fieldname="citemcode" returnfield="sys__ReturnFieldCode" iscommon="1" allowupdatecomparelogic="1"  commoncaption="项目编码" mustinput="0" defaultvalue="" descvalue="[####]" groupnum="" orlogic="0" projectno="U8CUSTDEF" pointbit="-1" showstyle="0" format="" ispara="0" fieldclass="" displayinportalview="0" autodisplaytext="0" isfacilitycondition="0" isjoinfulltextquery="0"/>
<item position= "520" name="citemgg" caption="产品规格" reftype="1" refid="" rangeinput="1" commonlogic="eq" multselect="0"  fieldname="citemgg" returnfield="sys__ReturnFieldCode" iscommon="1" allowupdatecomparelogic="1"  commoncaption="产品规格" mustinput="0" defaultvalue="" descvalue="[####]" groupnum="" orlogic="0" projectno="U8CUSTDEF" pointbit="-1" showstyle="0" format="" ispara="0" fieldclass="" displayinportalview="0" autodisplaytext="0" isfacilitycondition="0" isjoinfulltextquery="0"/>
<item position= "530" name="citemname" caption="项目" reftype="1" refid="" rangeinput="1" commonlogic="eq" multselect="0"  fieldname="citemname" returnfield="sys__ReturnFieldCode" iscommon="1" allowupdatecomparelogic="1"  commoncaption="项目" mustinput="0" defaultvalue="" descvalue="[####]" groupnum="" orlogic="0" projectno="U8CUSTDEF" pointbit="-1" showstyle="0" format="" ispara="0" fieldclass="" displayinportalview="0" autodisplaytext="0" isfacilitycondition="0" isjoinfulltextquery="0"/>
<item position= "540" name="citemth" caption="产品图号" reftype="1" refid="" rangeinput="1" commonlogic="eq" multselect="0"  fieldname="citemth" returnfield="sys__ReturnFieldCode" iscommon="1" allowupdatecomparelogic="1"  commoncaption="产品图号" mustinput="0" defaultvalue="" descvalue="[####]" groupnum="" orlogic="0" projectno="U8CUSTDEF" pointbit="-1" showstyle="0" format="" ispara="0" fieldclass="" displayinportalview="0" autodisplaytext="0" isfacilitycondition="0" isjoinfulltextquery="0"/>
<item position= "550" name="cmaker" caption="制单人" reftype="0" refid="" rangeinput="1" commonlogic="eq" multselect="0"  fieldname="cmaker" iscommon="1" allowupdatecomparelogic="1"   commoncaption="制单人" mustinput="0"  descvalue=""  orlogic="0" projectno="U8CUSTDEF" pointbit="-1" showstyle="0"  ispara="0" fieldclass="" displayinportalview="0" autodisplaytext="0" isfacilitycondition="0" isjoinfulltextquery="0"/>
<item position= "560" name="cmakerddate" caption="制单日期" reftype="2" refid="" rangeinput="1" commonlogic="eq" multselect="0"  fieldname="cmakerddate" iscommon="1" allowupdatecomparelogic="1"   commoncaption="制单日期" mustinput="0"  descvalue=""  orlogic="0" projectno="U8CUSTDEF" pointbit="-1" showstyle="0"  ispara="0" fieldclass="" displayinportalview="0" autodisplaytext="0" isfacilitycondition="0" isjoinfulltextquery="0"/>
<item position= "570" name="cmaterialclass" caption="材料类别" reftype="1" refid="" rangeinput="1" commonlogic="eq" multselect="0"  fieldname="cmaterialclass" returnfield="sys__ReturnFieldCode" iscommon="1" allowupdatecomparelogic="1"  commoncaption="材料类别" mustinput="0" defaultvalue="" descvalue="[####]" groupnum="" orlogic="0" projectno="U8CUSTDEF" pointbit="-1" showstyle="0" format="" ispara="0" fieldclass="" displayinportalview="0" autodisplaytext="0" isfacilitycondition="0" isjoinfulltextquery="0"/>
<item position= "580" name="cmemo" caption="备注" reftype="1" refid="" rangeinput="1" commonlogic="eq" multselect="0"  fieldname="cmemo" returnfield="sys__ReturnFieldCode" iscommon="1" allowupdatecomparelogic="1"  commoncaption="备注" mustinput="0" defaultvalue="" descvalue="[####]" groupnum="" orlogic="0" projectno="U8CUSTDEF" pointbit="-1" showstyle="0" format="" ispara="0" fieldclass="" displayinportalview="0" autodisplaytext="0" isfacilitycondition="0" isjoinfulltextquery="0"/>
<item position= "590" name="cmodifer" caption="变更人" reftype="0" refid="" rangeinput="1" commonlogic="eq" multselect="0"  fieldname="cmodifer" iscommon="0" allowupdatecomparelogic="1"   commoncaption="变更人" mustinput="0"  descvalue=""  orlogic="0" projectno="U8CUSTDEF" pointbit="-1" showstyle="0"  ispara="0" fieldclass="" displayinportalview="0" autodisplaytext="0" isfacilitycondition="0" isjoinfulltextquery="0"/>
<item position= "600" name="cmodiferDate" caption="变更日期" reftype="2" refid="" rangeinput="1" commonlogic="eq" multselect="0"  fieldname="cmodiferDate" iscommon="0" allowupdatecomparelogic="1"   commoncaption="变更日期" mustinput="0"  descvalue=""  orlogic="0" projectno="U8CUSTDEF" pointbit="-1" showstyle="0"  ispara="0" fieldclass="" displayinportalview="0" autodisplaytext="0" isfacilitycondition="0" isjoinfulltextquery="0"/>
<item position= "610" name="cmodifier" caption="修改人" reftype="1" refid="" rangeinput="1" commonlogic="eq" multselect="0"  fieldname="cmodifier" returnfield="sys__ReturnFieldCode" iscommon="1" allowupdatecomparelogic="1"  commoncaption="修改人" mustinput="0" defaultvalue="" descvalue="[####]" groupnum="" orlogic="0" projectno="U8CUSTDEF" pointbit="-1" showstyle="0" format="" ispara="0" fieldclass="" displayinportalview="0" autodisplaytext="0" isfacilitycondition="0" isjoinfulltextquery="0"/>
<item position= "620" name="cverifier" caption="审核人" reftype="0" refid="" rangeinput="1" commonlogic="eq" multselect="0"  fieldname="cverifier" iscommon="1" allowupdatecomparelogic="1"   commoncaption="审核人" mustinput="0"  descvalue=""  orlogic="0" projectno="U8CUSTDEF" pointbit="-1" showstyle="0"  ispara="0" fieldclass="" displayinportalview="0" autodisplaytext="0" isfacilitycondition="0" isjoinfulltextquery="0"/>
<item position= "630" name="dcloserdate" caption="关闭日期" reftype="2" refid="" rangeinput="1" commonlogic="eq" multselect="0"  fieldname="dcloserdate" iscommon="0" allowupdatecomparelogic="1"   commoncaption="关闭日期" mustinput="0"  descvalue=""  orlogic="0" projectno="U8CUSTDEF" pointbit="-1" showstyle="0"  ispara="0" fieldclass="" displayinportalview="0" autodisplaytext="0" isfacilitycondition="0" isjoinfulltextquery="0"/>
<item position= "640" name="ddate" caption="单据日期" reftype="2" refid="" rangeinput="1" commonlogic="eq" multselect="0"  fieldname="ddate" returnfield="sys__ReturnFieldName" iscommon="1" allowupdatecomparelogic="1"   commoncaption="单据日期" mustinput="0" defaultvalue="" descvalue="" groupnum="" orlogic="0" projectno="U8CUSTDEF" pointbit="-1" showstyle="0" format="" ispara="0" fieldclass="" displayinportalview="0" autodisplaytext="0" isfacilitycondition="0" isjoinfulltextquery="0"/>
<item position= "650" name="define1" caption="define1" reftype="0" refid="" rangeinput="1" commonlogic="eq" multselect="0"  fieldname="define1" iscommon="0" allowupdatecomparelogic="1"   commoncaption="define1" mustinput="0"  descvalue=""  orlogic="0" projectno="U8CUSTDEF" pointbit="-1" showstyle="0"  ispara="0" fieldclass="" displayinportalview="0" autodisplaytext="0" isfacilitycondition="0" isjoinfulltextquery="0"/>
<item position= "660" name="define10" caption="define10" reftype="0" refid="" rangeinput="1" commonlogic="eq" multselect="0"  fieldname="define10" iscommon="0" allowupdatecomparelogic="1"   commoncaption="define10" mustinput="0"  descvalue=""  orlogic="0" projectno="U8CUSTDEF" pointbit="-1" showstyle="0"  ispara="0" fieldclass="" displayinportalview="0" autodisplaytext="0" isfacilitycondition="0" isjoinfulltextquery="0"/>
<item position= "670" name="define11" caption="define11" reftype="0" refid="" rangeinput="1" commonlogic="eq" multselect="0"  fieldname="define11" iscommon="0" allowupdatecomparelogic="1"   commoncaption="define11" mustinput="0"  descvalue=""  orlogic="0" projectno="U8CUSTDEF" pointbit="-1" showstyle="0"  ispara="0" fieldclass="" displayinportalview="0" autodisplaytext="0" isfacilitycondition="0" isjoinfulltextquery="0"/>
<item position= "680" name="define12" caption="define12" reftype="0" refid="" rangeinput="1" commonlogic="eq" multselect="0"  fieldname="define12" iscommon="0" allowupdatecomparelogic="1"   commoncaption="define12" mustinput="0"  descvalue=""  orlogic="0" projectno="U8CUSTDEF" pointbit="-1" showstyle="0"  ispara="0" fieldclass="" displayinportalview="0" autodisplaytext="0" isfacilitycondition="0" isjoinfulltextquery="0"/>
<item position= "690" name="define13" caption="define13" reftype="0" refid="" rangeinput="1" commonlogic="eq" multselect="0"  fieldname="define13" iscommon="0" allowupdatecomparelogic="1"   commoncaption="define13" mustinput="0"  descvalue=""  orlogic="0" projectno="U8CUSTDEF" pointbit="-1" showstyle="0"  ispara="0" fieldclass="" displayinportalview="0" autodisplaytext="0" isfacilitycondition="0" isjoinfulltextquery="0"/>
<item position= "700" name="define14" caption="define14" reftype="0" refid="" rangeinput="1" commonlogic="eq" multselect="0"  fieldname="define14" iscommon="0" allowupdatecomparelogic="1"   commoncaption="define14" mustinput="0"  descvalue=""  orlogic="0" projectno="U8CUSTDEF" pointbit="-1" showstyle="0"  ispara="0" fieldclass="" displayinportalview="0" autodisplaytext="0" isfacilitycondition="0" isjoinfulltextquery="0"/>
<item position= "710" name="define15" caption="define15" reftype="3" refid="" rangeinput="1" commonlogic="eq" multselect="0"  fieldname="define15"  iscommon="0" allowupdatecomparelogic="1"  commoncaption="define15" mustinput="0" defaultvalue="" descvalue="[####]"  orlogic="0" projectno="U8CUSTDEF" pointbit="-1" showstyle="0"  ispara="0" fieldclass="" displayinportalview="0" autodisplaytext="0" isfacilitycondition="0" isjoinfulltextquery="0"/>
<item position= "720" name="define16" caption="define16" reftype="3" refid="" rangeinput="1" commonlogic="eq" multselect="0"  fieldname="define16"  iscommon="0" allowupdatecomparelogic="1"  commoncaption="define16" mustinput="0" defaultvalue="" descvalue="[####]"  orlogic="0" projectno="U8CUSTDEF" pointbit="-1" showstyle="0"  ispara="0" fieldclass="" displayinportalview="0" autodisplaytext="0" isfacilitycondition="0" isjoinfulltextquery="0"/>
<item position= "730" name="define2" caption="define2" reftype="0" refid="" rangeinput="1" commonlogic="eq" multselect="0"  fieldname="define2" iscommon="0" allowupdatecomparelogic="1"   commoncaption="define2" mustinput="0"  descvalue=""  orlogic="0" projectno="U8CUSTDEF" pointbit="-1" showstyle="0"  ispara="0" fieldclass="" displayinportalview="0" autodisplaytext="0" isfacilitycondition="0" isjoinfulltextquery="0"/>
<item position= "740" name="define22" caption="define22" reftype="0" refid="" rangeinput="1" commonlogic="eq" multselect="0"  fieldname="define22" iscommon="0" allowupdatecomparelogic="1"   commoncaption="define22" mustinput="0"  descvalue=""  orlogic="0" projectno="U8CUSTDEF" pointbit="-1" showstyle="0"  ispara="0" fieldclass="" displayinportalview="0" autodisplaytext="0" isfacilitycondition="0" isjoinfulltextquery="0"/>
<item position= "750" name="define23" caption="define23" reftype="0" refid="" rangeinput="1" commonlogic="eq" multselect="0"  fieldname="define23" iscommon="0" allowupdatecomparelogic="1"   commoncaption="define23" mustinput="0"  descvalue=""  orlogic="0" projectno="U8CUSTDEF" pointbit="-1" showstyle="0"  ispara="0" fieldclass="" displayinportalview="0" autodisplaytext="0" isfacilitycondition="0" isjoinfulltextquery="0"/>
<item position= "760" name="define24" caption="define24" reftype="0" refid="" rangeinput="1" commonlogic="eq" multselect="0"  fieldname="define24" iscommon="0" allowupdatecomparelogic="1"   commoncaption="define24" mustinput="0"  descvalue=""  orlogic="0" projectno="U8CUSTDEF" pointbit="-1" showstyle="0"  ispara="0" fieldclass="" displayinportalview="0" autodisplaytext="0" isfacilitycondition="0" isjoinfulltextquery="0"/>
<item position= "770" name="define25" caption="define25" reftype="2" refid="" rangeinput="1" commonlogic="eq" multselect="0"  fieldname="define25" returnfield="sys__ReturnFieldName" iscommon="0" allowupdatecomparelogic="1"   commoncaption="define25" mustinput="0" defaultvalue="" descvalue="" groupnum="" orlogic="0" projectno="U8CUSTDEF" pointbit="-1" showstyle="0" format="" ispara="0" fieldclass="" displayinportalview="0" autodisplaytext="0" isfacilitycondition="0" isjoinfulltextquery="0"/>
<item position= "780" name="define26" caption="define26" reftype="3" refid="" rangeinput="1" commonlogic="eq" multselect="0"  fieldname="define26"  iscommon="0" allowupdatecomparelogic="1"  commoncaption="define26" mustinput="0" defaultvalue="" descvalue="[####]"  orlogic="0" projectno="U8CUSTDEF" pointbit="-1" showstyle="0"  ispara="0" fieldclass="" displayinportalview="0" autodisplaytext="0" isfacilitycondition="0" isjoinfulltextquery="0"/>
<item position= "790" name="define27" caption="define27" reftype="2" refid="" rangeinput="1" commonlogic="eq" multselect="0"  fieldname="define27" returnfield="sys__ReturnFieldName" iscommon="0" allowupdatecomparelogic="1"   commoncaption="define27" mustinput="0" defaultvalue="" descvalue="" groupnum="" orlogic="0" projectno="U8CUSTDEF" pointbit="-1" showstyle="0" format="" ispara="0" fieldclass="" displayinportalview="0" autodisplaytext="0" isfacilitycondition="0" isjoinfulltextquery="0"/>
<item position= "800" name="define28" caption="define28" reftype="3" refid="" rangeinput="1" commonlogic="eq" multselect="0"  fieldname="define28"  iscommon="0" allowupdatecomparelogic="1"  commoncaption="define28" mustinput="0" defaultvalue="" descvalue="[####]"  orlogic="0" projectno="U8CUSTDEF" pointbit="-1" showstyle="0"  ispara="0" fieldclass="" displayinportalview="0" autodisplaytext="0" isfacilitycondition="0" isjoinfulltextquery="0"/>
<item position= "810" name="define29" caption="define29" reftype="0" refid="" rangeinput="1" commonlogic="eq" multselect="0"  fieldname="define29" iscommon="0" allowupdatecomparelogic="1"   commoncaption="define29" mustinput="0"  descvalue=""  orlogic="0" projectno="U8CUSTDEF" pointbit="-1" showstyle="0"  ispara="0" fieldclass="" displayinportalview="0" autodisplaytext="0" isfacilitycondition="0" isjoinfulltextquery="0"/>
<item position= "820" name="define3" caption="define3" reftype="0" refid="" rangeinput="1" commonlogic="eq" multselect="0"  fieldname="define3" iscommon="0" allowupdatecomparelogic="1"   commoncaption="define3" mustinput="0"  descvalue=""  orlogic="0" projectno="U8CUSTDEF" pointbit="-1" showstyle="0"  ispara="0" fieldclass="" displayinportalview="0" autodisplaytext="0" isfacilitycondition="0" isjoinfulltextquery="0"/>
<item position= "830" name="define30" caption="define30" reftype="0" refid="" rangeinput="1" commonlogic="eq" multselect="0"  fieldname="define30" iscommon="0" allowupdatecomparelogic="1"   commoncaption="define30" mustinput="0"  descvalue=""  orlogic="0" projectno="U8CUSTDEF" pointbit="-1" showstyle="0"  ispara="0" fieldclass="" displayinportalview="0" autodisplaytext="0" isfacilitycondition="0" isjoinfulltextquery="0"/>
<item position= "840" name="define31" caption="项目清单号" reftype="0" refid="" rangeinput="1" commonlogic="eq" multselect="0"  fieldname="define31" iscommon="0" allowupdatecomparelogic="1"   commoncaption="项目清单号" mustinput="0"  descvalue=""  orlogic="0" projectno="U8CUSTDEF" pointbit="-1" showstyle="0"  ispara="0" fieldclass="" displayinportalview="0" autodisplaytext="0" isfacilitycondition="0" isjoinfulltextquery="0"/>
<item position= "850" name="define32" caption="采购计划单号" reftype="0" refid="" rangeinput="1" commonlogic="eq" multselect="0"  fieldname="define32" iscommon="0" allowupdatecomparelogic="1"   commoncaption="采购计划单号" mustinput="0"  descvalue=""  orlogic="0" projectno="U8CUSTDEF" pointbit="-1" showstyle="0"  ispara="0" fieldclass="" displayinportalview="0" autodisplaytext="0" isfacilitycondition="0" isjoinfulltextquery="0"/>
<item position= "860" name="define33" caption="define33" reftype="0" refid="" rangeinput="1" commonlogic="eq" multselect="0"  fieldname="define33" iscommon="0" allowupdatecomparelogic="1"   commoncaption="define33" mustinput="0"  descvalue=""  orlogic="0" projectno="U8CUSTDEF" pointbit="-1" showstyle="0"  ispara="0" fieldclass="" displayinportalview="0" autodisplaytext="0" isfacilitycondition="0" isjoinfulltextquery="0"/>
<item position= "870" name="define34" caption="define34" reftype="0" refid="" rangeinput="1" commonlogic="eq" multselect="0"  fieldname="define34" iscommon="0" allowupdatecomparelogic="1"   commoncaption="define34" mustinput="0"  descvalue=""  orlogic="0" projectno="U8CUSTDEF" pointbit="-1" showstyle="0"  ispara="0" fieldclass="" displayinportalview="0" autodisplaytext="0" isfacilitycondition="0" isjoinfulltextquery="0"/>
<item position= "880" name="define35" caption="define35" reftype="0" refid="" rangeinput="1" commonlogic="eq" multselect="0"  fieldname="define35" iscommon="0" allowupdatecomparelogic="1"   commoncaption="define35" mustinput="0"  descvalue=""  orlogic="0" projectno="U8CUSTDEF" pointbit="-1" showstyle="0"  ispara="0" fieldclass="" displayinportalview="0" autodisplaytext="0" isfacilitycondition="0" isjoinfulltextquery="0"/>
<item position= "890" name="define36" caption="define36" reftype="3" refid="" rangeinput="1" commonlogic="eq" multselect="0"  fieldname="define36"  iscommon="0" allowupdatecomparelogic="1"  commoncaption="define36" mustinput="0" defaultvalue="" descvalue="[####]"  orlogic="0" projectno="U8CUSTDEF" pointbit="-1" showstyle="0"  ispara="0" fieldclass="" displayinportalview="0" autodisplaytext="0" isfacilitycondition="0" isjoinfulltextquery="0"/>
<item position= "900" name="define37" caption="define37" reftype="3" refid="" rangeinput="1" commonlogic="eq" multselect="0"  fieldname="define37"  iscommon="0" allowupdatecomparelogic="1"  commoncaption="define37" mustinput="0" defaultvalue="" descvalue="[####]"  orlogic="0" projectno="U8CUSTDEF" pointbit="-1" showstyle="0"  ispara="0" fieldclass="" displayinportalview="0" autodisplaytext="0" isfacilitycondition="0" isjoinfulltextquery="0"/>
<item position= "910" name="define4" caption="define4" reftype="2" refid="" rangeinput="1" commonlogic="eq" multselect="0"  fieldname="define4" returnfield="sys__ReturnFieldName" iscommon="0" allowupdatecomparelogic="1"   commoncaption="define4" mustinput="0" defaultvalue="" descvalue="" groupnum="" orlogic="0" projectno="U8CUSTDEF" pointbit="-1" showstyle="0" format="" ispara="0" fieldclass="" displayinportalview="0" autodisplaytext="0" isfacilitycondition="0" isjoinfulltextquery="0"/>
<item position= "920" name="define5" caption="define5" reftype="3" refid="" rangeinput="1" commonlogic="eq" multselect="0"  fieldname="define5"  iscommon="0" allowupdatecomparelogic="1"  commoncaption="define5" mustinput="0" defaultvalue="" descvalue="[####]"  orlogic="0" projectno="U8CUSTDEF" pointbit="-1" showstyle="0"  ispara="0" fieldclass="" displayinportalview="0" autodisplaytext="0" isfacilitycondition="0" isjoinfulltextquery="0"/>
<item position= "930" name="define6" caption="define6" reftype="2" refid="" rangeinput="1" commonlogic="eq" multselect="0"  fieldname="define6" returnfield="sys__ReturnFieldName" iscommon="0" allowupdatecomparelogic="1"   commoncaption="define6" mustinput="0" defaultvalue="" descvalue="" groupnum="" orlogic="0" projectno="U8CUSTDEF" pointbit="-1" showstyle="0" format="" ispara="0" fieldclass="" displayinportalview="0" autodisplaytext="0" isfacilitycondition="0" isjoinfulltextquery="0"/>
<item position= "940" name="define7" caption="define7" reftype="3" refid="" rangeinput="1" commonlogic="eq" multselect="0"  fieldname="define7"  iscommon="0" allowupdatecomparelogic="1"  commoncaption="define7" mustinput="0" defaultvalue="" descvalue="[####]"  orlogic="0" projectno="U8CUSTDEF" pointbit="-1" showstyle="0"  ispara="0" fieldclass="" displayinportalview="0" autodisplaytext="0" isfacilitycondition="0" isjoinfulltextquery="0"/>
<item position= "950" name="define8" caption="define8" reftype="0" refid="" rangeinput="1" commonlogic="eq" multselect="0"  fieldname="define8" iscommon="0" allowupdatecomparelogic="1"   commoncaption="define8" mustinput="0"  descvalue=""  orlogic="0" projectno="U8CUSTDEF" pointbit="-1" showstyle="0"  ispara="0" fieldclass="" displayinportalview="0" autodisplaytext="0" isfacilitycondition="0" isjoinfulltextquery="0"/>
<item position= "960" name="define9" caption="define9" reftype="0" refid="" rangeinput="1" commonlogic="eq" multselect="0"  fieldname="define9" iscommon="0" allowupdatecomparelogic="1"   commoncaption="define9" mustinput="0"  descvalue=""  orlogic="0" projectno="U8CUSTDEF" pointbit="-1" showstyle="0"  ispara="0" fieldclass="" displayinportalview="0" autodisplaytext="0" isfacilitycondition="0" isjoinfulltextquery="0"/>
<item position= "970" name="dmoddate" caption="修改日期" reftype="1" refid="" rangeinput="1" commonlogic="eq" multselect="0"  fieldname="dmoddate" returnfield="sys__ReturnFieldCode" iscommon="1" allowupdatecomparelogic="1"  commoncaption="修改日期" mustinput="0" defaultvalue="" descvalue="[####]" groupnum="" orlogic="0" projectno="U8CUSTDEF" pointbit="-1" showstyle="0" format="" ispara="0" fieldclass="" displayinportalview="0" autodisplaytext="0" isfacilitycondition="0" isjoinfulltextquery="0"/>
<item position= "980" name="dmodifysystime" caption="修改时间" reftype="1" refid="" rangeinput="1" commonlogic="eq" multselect="0"  fieldname="dmodifysystime" returnfield="sys__ReturnFieldCode" iscommon="0" allowupdatecomparelogic="1"  commoncaption="修改时间" mustinput="0" defaultvalue="" descvalue="[####]" groupnum="" orlogic="0" projectno="U8CUSTDEF" pointbit="-1" showstyle="0" format="" ispara="0" fieldclass="" displayinportalview="0" autodisplaytext="0" isfacilitycondition="0" isjoinfulltextquery="0"/>
<item position= "990" name="dnverifytime" caption="审核时间" reftype="1" refid="" rangeinput="1" commonlogic="eq" multselect="0"  fieldname="dnverifytime" returnfield="sys__ReturnFieldCode" iscommon="1" allowupdatecomparelogic="1"  commoncaption="审核时间" mustinput="0" defaultvalue="" descvalue="[####]" groupnum="" orlogic="0" projectno="U8CUSTDEF" pointbit="-1" showstyle="0" format="" ispara="0" fieldclass="" displayinportalview="0" autodisplaytext="0" isfacilitycondition="0" isjoinfulltextquery="0"/>
<item position= "1000" name="dverifydate" caption="审核日期" reftype="2" refid="" rangeinput="1" commonlogic="eq" multselect="0"  fieldname="dverifydate" iscommon="1" allowupdatecomparelogic="1"   commoncaption="审核日期" mustinput="0"  descvalue=""  orlogic="0" projectno="U8CUSTDEF" pointbit="-1" showstyle="0"  ispara="0" fieldclass="" displayinportalview="0" autodisplaytext="0" isfacilitycondition="0" isjoinfulltextquery="0"/>
<item position= "1010" name="ibj" caption="投标报价" reftype="1" refid="" rangeinput="1" commonlogic="eq" multselect="0"  fieldname="ibj" returnfield="sys__ReturnFieldCode" iscommon="1" allowupdatecomparelogic="1"  commoncaption="投标报价" mustinput="0" defaultvalue="" descvalue="[####]" groupnum="" orlogic="0" projectno="U8CUSTDEF" pointbit="-1" showstyle="0" format="" ispara="0" fieldclass="" displayinportalview="0" autodisplaytext="0" isfacilitycondition="0" isjoinfulltextquery="0"/>
<item position= "1020" name="icb" caption="采购成本" reftype="1" refid="" rangeinput="1" commonlogic="eq" multselect="0"  fieldname="icb" returnfield="sys__ReturnFieldCode" iscommon="1" allowupdatecomparelogic="1"  commoncaption="采购成本" mustinput="0" defaultvalue="" descvalue="[####]" groupnum="" orlogic="0" projectno="U8CUSTDEF" pointbit="-1" showstyle="0" format="" ispara="0" fieldclass="" displayinportalview="0" autodisplaytext="0" isfacilitycondition="0" isjoinfulltextquery="0"/>
<item position= "1030" name="iinvexchrate" caption="换算率" reftype="1" refid="" rangeinput="1" commonlogic="eq" multselect="0"  fieldname="iinvexchrate" returnfield="sys__ReturnFieldCode" iscommon="0" allowupdatecomparelogic="1"  commoncaption="换算率" mustinput="0" defaultvalue="" descvalue="[####]" groupnum="" orlogic="0" projectno="U8CUSTDEF" pointbit="-1" showstyle="0" format="" ispara="0" fieldclass="" displayinportalview="0" autodisplaytext="0" isfacilitycondition="0" isjoinfulltextquery="0"/>
<item position= "1040" name="ipqty" caption="产量" reftype="1" refid="" rangeinput="1" commonlogic="eq" multselect="0"  fieldname="ipqty" returnfield="sys__ReturnFieldCode" iscommon="0" allowupdatecomparelogic="1"  commoncaption="产量" mustinput="0" defaultvalue="" descvalue="[####]" groupnum="" orlogic="0" projectno="U8CUSTDEF" pointbit="-1" showstyle="0" format="" ispara="0" fieldclass="" displayinportalview="0" autodisplaytext="0" isfacilitycondition="0" isjoinfulltextquery="0"/>
<item position= "1050" name="iprintcount" caption="打印次数" reftype="1" refid="" rangeinput="1" commonlogic="eq" multselect="0"  fieldname="iprintcount" returnfield="sys__ReturnFieldCode" iscommon="1" allowupdatecomparelogic="1"  commoncaption="打印次数" mustinput="0" defaultvalue="" descvalue="[####]" groupnum="" orlogic="0" projectno="U8CUSTDEF" pointbit="-1" showstyle="0" format="" ispara="0" fieldclass="" displayinportalview="0" autodisplaytext="0" isfacilitycondition="0" isjoinfulltextquery="0"/>
<item position= "1060" name="irowno" caption="行号" reftype="1" refid="" rangeinput="1" commonlogic="eq" multselect="0"  fieldname="irowno" returnfield="sys__ReturnFieldCode" iscommon="1" allowupdatecomparelogic="1"  commoncaption="行号" mustinput="0" defaultvalue="" descvalue="[####]" groupnum="" orlogic="0" projectno="U8CUSTDEF" pointbit="-1" showstyle="0" format="" ispara="0" fieldclass="" displayinportalview="0" autodisplaytext="0" isfacilitycondition="0" isjoinfulltextquery="0"/>
<item position= "1070" name="t_ccuscode" caption="客户编码" reftype="1" refid="customer_sa" rangeinput="1" commonlogic="eq" multselect="0"  fieldname="t_ccuscode" returnfield="sys__ReturnFieldCode" iscommon="0" allowupdatecomparelogic="1"  commoncaption="客户编码" mustinput="0" defaultvalue="" descvalue="[####]" groupnum="" orlogic="0" projectno="U8CUSTDEF" pointbit="-1" showstyle="0" format="" ispara="0" fieldclass="" displayinportalview="0" autodisplaytext="0" isfacilitycondition="0" isjoinfulltextquery="0"/>
<item position= "1080" name="t_ccusname" caption="客户名称" reftype="1" refid="customer_sa" rangeinput="1" commonlogic="eq" multselect="0"  fieldname="t_ccusname" returnfield="sys__ReturnFieldCode" iscommon="0" allowupdatecomparelogic="1"  commoncaption="客户名称" mustinput="0" defaultvalue="" descvalue="[####]" groupnum="" orlogic="0" projectno="U8CUSTDEF" pointbit="-1" showstyle="0" format="" ispara="0" fieldclass="" displayinportalview="0" autodisplaytext="0" isfacilitycondition="0" isjoinfulltextquery="0"/>
<item position= "1090" name="t_cdepcode" caption="部门编码" reftype="1" refid="department_aa" rangeinput="1" commonlogic="eq" multselect="0"  fieldname="t_cdepcode" returnfield="sys__ReturnFieldCode" iscommon="0" allowupdatecomparelogic="1"  commoncaption="部门编码" mustinput="0" defaultvalue="" descvalue="[####]" groupnum="" orlogic="0" projectno="U8CUSTDEF" pointbit="-1" showstyle="0" format="" ispara="0" fieldclass="" displayinportalview="0" autodisplaytext="0" isfacilitycondition="0" isjoinfulltextquery="0"/>
<item position= "1100" name="t_cdepname" caption="部门名称" reftype="1" refid="department_aa" rangeinput="1" commonlogic="eq" multselect="0"  fieldname="t_cdepname" returnfield="sys__ReturnFieldCode" iscommon="0" allowupdatecomparelogic="1"  commoncaption="部门名称" mustinput="0" defaultvalue="" descvalue="[####]" groupnum="" orlogic="0" projectno="U8CUSTDEF" pointbit="-1" showstyle="0" format="" ispara="0" fieldclass="" displayinportalview="0" autodisplaytext="0" isfacilitycondition="0" isjoinfulltextquery="0"/>
<item position= "1110" name="t_cfree1" caption="表头存货自由项1" reftype="1" refid="" rangeinput="1" commonlogic="eq" multselect="0"  fieldname="t_cfree1" returnfield="sys__ReturnFieldCode" iscommon="0" allowupdatecomparelogic="1"  commoncaption="表头存货自由项1" mustinput="0" defaultvalue="" descvalue="[####]" groupnum="" orlogic="0" projectno="U8CUSTDEF" pointbit="-1" showstyle="0" format="" ispara="0" fieldclass="" displayinportalview="0" autodisplaytext="0" isfacilitycondition="0" isjoinfulltextquery="0"/>
<item position= "1120" name="t_cfree10" caption="表头存货自由项10" reftype="1" refid="" rangeinput="1" commonlogic="eq" multselect="0"  fieldname="t_cfree10" returnfield="sys__ReturnFieldCode" iscommon="0" allowupdatecomparelogic="1"  commoncaption="表头存货自由项10" mustinput="0" defaultvalue="" descvalue="[####]" groupnum="" orlogic="0" projectno="U8CUSTDEF" pointbit="-1" showstyle="0" format="" ispara="0" fieldclass="" displayinportalview="0" autodisplaytext="0" isfacilitycondition="0" isjoinfulltextquery="0"/>
<item position= "1130" name="t_cfree2" caption="表头存货自由项2" reftype="1" refid="" rangeinput="1" commonlogic="eq" multselect="0"  fieldname="t_cfree2" returnfield="sys__ReturnFieldCode" iscommon="0" allowupdatecomparelogic="1"  commoncaption="表头存货自由项2" mustinput="0" defaultvalue="" descvalue="[####]" groupnum="" orlogic="0" projectno="U8CUSTDEF" pointbit="-1" showstyle="0" format="" ispara="0" fieldclass="" displayinportalview="0" autodisplaytext="0" isfacilitycondition="0" isjoinfulltextquery="0"/>
<item position= "1140" name="t_cfree3" caption="表头存货自由项3" reftype="1" refid="" rangeinput="1" commonlogic="eq" multselect="0"  fieldname="t_cfree3" returnfield="sys__ReturnFieldCode" iscommon="0" allowupdatecomparelogic="1"  commoncaption="表头存货自由项3" mustinput="0" defaultvalue="" descvalue="[####]" groupnum="" orlogic="0" projectno="U8CUSTDEF" pointbit="-1" showstyle="0" format="" ispara="0" fieldclass="" displayinportalview="0" autodisplaytext="0" isfacilitycondition="0" isjoinfulltextquery="0"/>
<item position= "1150" name="t_cfree4" caption="表头存货自由项4" reftype="1" refid="" rangeinput="1" commonlogic="eq" multselect="0"  fieldname="t_cfree4" returnfield="sys__ReturnFieldCode" iscommon="0" allowupdatecomparelogic="1"  commoncaption="表头存货自由项4" mustinput="0" defaultvalue="" descvalue="[####]" groupnum="" orlogic="0" projectno="U8CUSTDEF" pointbit="-1" showstyle="0" format="" ispara="0" fieldclass="" displayinportalview="0" autodisplaytext="0" isfacilitycondition="0" isjoinfulltextquery="0"/>
<item position= "1160" name="t_cfree5" caption="表头存货自由项5" reftype="1" refid="" rangeinput="1" commonlogic="eq" multselect="0"  fieldname="t_cfree5" returnfield="sys__ReturnFieldCode" iscommon="0" allowupdatecomparelogic="1"  commoncaption="表头存货自由项5" mustinput="0" defaultvalue="" descvalue="[####]" groupnum="" orlogic="0" projectno="U8CUSTDEF" pointbit="-1" showstyle="0" format="" ispara="0" fieldclass="" displayinportalview="0" autodisplaytext="0" isfacilitycondition="0" isjoinfulltextquery="0"/>
<item position= "1170" name="t_cfree6" caption="表头存货自由项6" reftype="1" refid="" rangeinput="1" commonlogic="eq" multselect="0"  fieldname="t_cfree6" returnfield="sys__ReturnFieldCode" iscommon="0" allowupdatecomparelogic="1"  commoncaption="表头存货自由项6" mustinput="0" defaultvalue="" descvalue="[####]" groupnum="" orlogic="0" projectno="U8CUSTDEF" pointbit="-1" showstyle="0" format="" ispara="0" fieldclass="" displayinportalview="0" autodisplaytext="0" isfacilitycondition="0" isjoinfulltextquery="0"/>
<item position= "1180" name="t_cfree7" caption="表头存货自由项7" reftype="1" refid="" rangeinput="1" commonlogic="eq" multselect="0"  fieldname="t_cfree7" returnfield="sys__ReturnFieldCode" iscommon="0" allowupdatecomparelogic="1"  commoncaption="表头存货自由项7" mustinput="0" defaultvalue="" descvalue="[####]" groupnum="" orlogic="0" projectno="U8CUSTDEF" pointbit="-1" showstyle="0" format="" ispara="0" fieldclass="" displayinportalview="0" autodisplaytext="0" isfacilitycondition="0" isjoinfulltextquery="0"/>
<item position= "1190" name="t_cfree8" caption="表头存货自由项8" reftype="1" refid="" rangeinput="1" commonlogic="eq" multselect="0"  fieldname="t_cfree8" returnfield="sys__ReturnFieldCode" iscommon="0" allowupdatecomparelogic="1"  commoncaption="表头存货自由项8" mustinput="0" defaultvalue="" descvalue="[####]" groupnum="" orlogic="0" projectno="U8CUSTDEF" pointbit="-1" showstyle="0" format="" ispara="0" fieldclass="" displayinportalview="0" autodisplaytext="0" isfacilitycondition="0" isjoinfulltextquery="0"/>
<item position= "1200" name="t_cfree9" caption="表头存货自由项9" reftype="1" refid="" rangeinput="1" commonlogic="eq" multselect="0"  fieldname="t_cfree9" returnfield="sys__ReturnFieldCode" iscommon="0" allowupdatecomparelogic="1"  commoncaption="表头存货自由项9" mustinput="0" defaultvalue="" descvalue="[####]" groupnum="" orlogic="0" projectno="U8CUSTDEF" pointbit="-1" showstyle="0" format="" ispara="0" fieldclass="" displayinportalview="0" autodisplaytext="0" isfacilitycondition="0" isjoinfulltextquery="0"/>
<item position= "1210" name="t_cinvcode" caption="存货编码" reftype="1" refid="inventory_aa" rangeinput="1" commonlogic="eq" multselect="0"  fieldname="t_cinvcode" returnfield="sys__ReturnFieldCode" iscommon="0" allowupdatecomparelogic="1"  commoncaption="存货编码" mustinput="0" defaultvalue="" descvalue="[####]" groupnum="" orlogic="0" projectno="U8CUSTDEF" pointbit="-1" showstyle="0" format="" ispara="0" fieldclass="" displayinportalview="0" autodisplaytext="0" isfacilitycondition="0" isjoinfulltextquery="0"/>
<item position= "1220" name="t_cinvname" caption="存货名称" reftype="1" refid="inventory_aa" rangeinput="1" commonlogic="eq" multselect="0"  fieldname="t_cinvname" returnfield="sys__ReturnFieldCode" iscommon="0" allowupdatecomparelogic="1"  commoncaption="存货名称" mustinput="0" defaultvalue="" descvalue="[####]" groupnum="" orlogic="0" projectno="U8CUSTDEF" pointbit="-1" showstyle="0" format="" ispara="0" fieldclass="" displayinportalview="0" autodisplaytext="0" isfacilitycondition="0" isjoinfulltextquery="0"/>
<item position= "1230" name="t_cpersoncode" caption="人员编码" reftype="1" refid="person_aa" rangeinput="1" commonlogic="eq" multselect="0"  fieldname="t_cpersoncode" returnfield="sys__ReturnFieldCode" iscommon="0" allowupdatecomparelogic="1"  commoncaption="人员编码" mustinput="0" defaultvalue="" descvalue="[####]" groupnum="" orlogic="0" projectno="U8CUSTDEF" pointbit="-1" showstyle="0" format="" ispara="0" fieldclass="" displayinportalview="0" autodisplaytext="0" isfacilitycondition="0" isjoinfulltextquery="0"/>
<item position= "1240" name="t_cpersonname" caption="人员名称" reftype="1" refid="person_aa" rangeinput="1" commonlogic="eq" multselect="0"  fieldname="t_cpersonname" returnfield="sys__ReturnFieldCode" iscommon="0" allowupdatecomparelogic="1"  commoncaption="人员名称" mustinput="0" defaultvalue="" descvalue="[####]" groupnum="" orlogic="0" projectno="U8CUSTDEF" pointbit="-1" showstyle="0" format="" ispara="0" fieldclass="" displayinportalview="0" autodisplaytext="0" isfacilitycondition="0" isjoinfulltextquery="0"/>
<item position= "1250" name="t_cvencode" caption="供应商编码" reftype="1" refid="vendor_aa" rangeinput="1" commonlogic="eq" multselect="0"  fieldname="t_cvencode" returnfield="sys__ReturnFieldCode" iscommon="0" allowupdatecomparelogic="1"  commoncaption="供应商编码" mustinput="0" defaultvalue="" descvalue="[####]" groupnum="" orlogic="0" projectno="U8CUSTDEF" pointbit="-1" showstyle="0" format="" ispara="0" fieldclass="" displayinportalview="0" autodisplaytext="0" isfacilitycondition="0" isjoinfulltextquery="0"/>
<item position= "1260" name="t_cvenname" caption="供应商名称" reftype="1" refid="vendor_aa" rangeinput="1" commonlogic="eq" multselect="0"  fieldname="t_cvenname" returnfield="sys__ReturnFieldCode" iscommon="0" allowupdatecomparelogic="1"  commoncaption="供应商名称" mustinput="0" defaultvalue="" descvalue="[####]" groupnum="" orlogic="0" projectno="U8CUSTDEF" pointbit="-1" showstyle="0" format="" ispara="0" fieldclass="" displayinportalview="0" autodisplaytext="0" isfacilitycondition="0" isjoinfulltextquery="0"/>
<item position= "1270" name="t_cwhcode" caption="仓库编码" reftype="1" refid="warehouse_aa" rangeinput="1" commonlogic="eq" multselect="0"  fieldname="t_cwhcode" returnfield="sys__ReturnFieldCode" iscommon="0" allowupdatecomparelogic="1"  commoncaption="仓库编码" mustinput="0" defaultvalue="" descvalue="[####]" groupnum="" orlogic="0" projectno="U8CUSTDEF" pointbit="-1" showstyle="0" format="" ispara="0" fieldclass="" displayinportalview="0" autodisplaytext="0" isfacilitycondition="0" isjoinfulltextquery="0"/>
<item position= "1280" name="t_cwhname" caption="仓库名称" reftype="1" refid="warehouse_aa" rangeinput="1" commonlogic="eq" multselect="0"  fieldname="t_cwhname" returnfield="sys__ReturnFieldCode" iscommon="0" allowupdatecomparelogic="1"  commoncaption="仓库名称" mustinput="0" defaultvalue="" descvalue="[####]" groupnum="" orlogic="0" projectno="U8CUSTDEF" pointbit="-1" showstyle="0" format="" ispara="0" fieldclass="" displayinportalview="0" autodisplaytext="0" isfacilitycondition="0" isjoinfulltextquery="0"/>
<item position= "1290" name="VoucherCode" caption="VoucherCode" reftype="0" refid="" rangeinput="1" commonlogic="eq" multselect="0"  fieldname="VoucherCode" iscommon="0" allowupdatecomparelogic="1"   commoncaption="VoucherCode" mustinput="0"  descvalue=""  orlogic="0" projectno="U8CUSTDEF" pointbit="-1" showstyle="0"  ispara="0" fieldclass="" displayinportalview="0" autodisplaytext="0" isfacilitycondition="0" isjoinfulltextquery="0"/>
<item position= "1300" name="VoucherId" caption="VoucherId" reftype="0" refid="" rangeinput="1" commonlogic="eq" multselect="0"  fieldname="VoucherId" iscommon="0" allowupdatecomparelogic="1"   commoncaption="VoucherId" mustinput="0"  descvalue=""  orlogic="0" projectno="U8CUSTDEF" pointbit="-1" showstyle="0"  ispara="0" fieldclass="" displayinportalview="0" autodisplaytext="0" isfacilitycondition="0" isjoinfulltextquery="0"/>
<item position= "1310" name="VoucherType" caption="VoucherType" reftype="0" refid="" rangeinput="1" commonlogic="eq" multselect="0"  fieldname="VoucherType" iscommon="0" allowupdatecomparelogic="1"   commoncaption="VoucherType" mustinput="0"  descvalue=""  orlogic="0" projectno="U8CUSTDEF" pointbit="-1" showstyle="0"  ispara="0" fieldclass="" displayinportalview="0" autodisplaytext="0" isfacilitycondition="0" isjoinfulltextquery="0"/>
</items></filter></root>',N'','项目投标报价单列表','项目投标报价单列表',0,null,null)

insert into flt_definemeta_lang ([FilterID],[LocaleID],[XMLExpression],[SubNO],[ProjectNO],[Title])
values('EP0207','zh-cn','<root><items><item name="auxunitcode" caption="辅计量单位编码" columncaption="" /> 
<item name="auxunitname" caption="辅计量单位" columncaption="" /> 
<item name="b_ccomunitname" caption="主计量单位" columncaption="" /> 
<item name="b_ccuscode" caption="客户编码" columncaption="" /> 
<item name="b_ccusname" caption="客户名称" columncaption="" /> 
<item name="b_cdepcode" caption="部门编码" columncaption="" /> 
<item name="b_cdepname" caption="部门名称" columncaption="" /> 
<item name="b_cfree1" caption="表体存货自由项1" columncaption="" /> 
<item name="b_cfree10" caption="表体存货自由项10" columncaption="" /> 
<item name="b_cfree2" caption="表体存货自由项2" columncaption="" /> 
<item name="b_cfree3" caption="表体存货自由项3" columncaption="" /> 
<item name="b_cfree4" caption="表体存货自由项4" columncaption="" /> 
<item name="b_cfree5" caption="表体存货自由项5" columncaption="" /> 
<item name="b_cfree6" caption="表体存货自由项6" columncaption="" /> 
<item name="b_cfree7" caption="表体存货自由项7" columncaption="" /> 
<item name="b_cfree8" caption="表体存货自由项8" columncaption="" /> 
<item name="b_cfree9" caption="表体存货自由项9" columncaption="" /> 
<item name="b_cinvcode" caption="存货编码" columncaption="" /> 
<item name="b_cinvname" caption="存货名称" columncaption="" /> 
<item name="b_cinvstd" caption="规格" columncaption="" /> 
<item name="b_cpersoncode" caption="人员编码" columncaption="" /> 
<item name="b_cpersonname" caption="人员名称" columncaption="" /> 
<item name="b_cvencode" caption="供应商编码" columncaption="" /> 
<item name="b_cvenname" caption="供应商名称" columncaption="" /> 
<item name="b_cwhcode" caption="仓库编码" columncaption="" /> 
<item name="b_cwhname" caption="仓库名称" columncaption="" /> 
<item name="cbclosedate" caption="关闭日期" columncaption="" /> 
<item name="cbcloser" caption="关闭人" columncaption="" /> 
<item name="cbmemo" caption="表体备注" columncaption="" /> 
<item name="ccloser" caption="关闭人" columncaption="" /> 
<item name="ccode" caption="单据编号" columncaption="" /> 
<item name="ccusname" caption="客户" columncaption="" /> 
<item name="cInvDefine1" caption="存货自定义项1" columncaption="" /> 
<item name="cInvDefine10" caption="存货自定义项10" columncaption="" /> 
<item name="cInvDefine11" caption="存货自定义项11" columncaption="" /> 
<item name="cInvDefine12" caption="存货自定义项12" columncaption="" /> 
<item name="cInvDefine13" caption="存货自定义项13" columncaption="" /> 
<item name="cInvDefine14" caption="存货自定义项14" columncaption="" /> 
<item name="cInvDefine15" caption="存货自定义项15" columncaption="" /> 
<item name="cInvDefine16" caption="存货自定义项16" columncaption="" /> 
<item name="cInvDefine2" caption="存货自定义项2" columncaption="" /> 
<item name="cInvDefine3" caption="存货自定义项3" columncaption="" /> 
<item name="cInvDefine4" caption="存货自定义项4" columncaption="" /> 
<item name="cInvDefine5" caption="存货自定义项5" columncaption="" /> 
<item name="cInvDefine6" caption="存货自定义项6" columncaption="" /> 
<item name="cInvDefine7" caption="存货自定义项7" columncaption="" /> 
<item name="cInvDefine8" caption="存货自定义项8" columncaption="" /> 
<item name="cInvDefine9" caption="存货自定义项9" columncaption="" /> 
<item name="citem_class" caption="项目大类编码" columncaption="" /> 
<item name="citem_cname" caption="项目大类" columncaption="" /> 
<item name="citemcode" caption="项目编码" columncaption="" /> 
<item name="citemgg" caption="产品规格" columncaption="" /> 
<item name="citemname" caption="项目" columncaption="" /> 
<item name="citemth" caption="产品图号" columncaption="" /> 
<item name="cmaker" caption="制单人" columncaption="" /> 
<item name="cmakerddate" caption="制单日期" columncaption="" /> 
<item name="cmaterialclass" caption="材料类别" columncaption="" /> 
<item name="cmemo" caption="备注" columncaption="" /> 
<item name="cmodifer" caption="变更人" columncaption="" /> 
<item name="cmodiferDate" caption="变更日期" columncaption="" /> 
<item name="cmodifier" caption="修改人" columncaption="" /> 
<item name="cverifier" caption="审核人" columncaption="" /> 
<item name="dcloserdate" caption="关闭日期" columncaption="" /> 
<item name="ddate" caption="单据日期" columncaption="" /> 
<item name="define1" caption="define1" columncaption="" /> 
<item name="define10" caption="define10" columncaption="" /> 
<item name="define11" caption="define11" columncaption="" /> 
<item name="define12" caption="define12" columncaption="" /> 
<item name="define13" caption="define13" columncaption="" /> 
<item name="define14" caption="define14" columncaption="" /> 
<item name="define15" caption="define15" columncaption="" /> 
<item name="define16" caption="define16" columncaption="" /> 
<item name="define2" caption="define2" columncaption="" /> 
<item name="define22" caption="define22" columncaption="" /> 
<item name="define23" caption="define23" columncaption="" /> 
<item name="define24" caption="define24" columncaption="" /> 
<item name="define25" caption="define25" columncaption="" /> 
<item name="define26" caption="define26" columncaption="" /> 
<item name="define27" caption="define27" columncaption="" /> 
<item name="define28" caption="define28" columncaption="" /> 
<item name="define29" caption="define29" columncaption="" /> 
<item name="define3" caption="define3" columncaption="" /> 
<item name="define30" caption="define30" columncaption="" /> 
<item name="define31" caption="项目清单号" columncaption="" /> 
<item name="define32" caption="采购计划单号" columncaption="" /> 
<item name="define33" caption="define33" columncaption="" /> 
<item name="define34" caption="define34" columncaption="" /> 
<item name="define35" caption="define35" columncaption="" /> 
<item name="define36" caption="define36" columncaption="" /> 
<item name="define37" caption="define37" columncaption="" /> 
<item name="define4" caption="define4" columncaption="" /> 
<item name="define5" caption="define5" columncaption="" /> 
<item name="define6" caption="define6" columncaption="" /> 
<item name="define7" caption="define7" columncaption="" /> 
<item name="define8" caption="define8" columncaption="" /> 
<item name="define9" caption="define9" columncaption="" /> 
<item name="dmoddate" caption="修改日期" columncaption="" /> 
<item name="dmodifysystime" caption="修改时间" columncaption="" /> 
<item name="dnverifytime" caption="审核时间" columncaption="" /> 
<item name="dverifydate" caption="审核日期" columncaption="" /> 
<item name="ibj" caption="投标报价" columncaption="" /> 
<item name="icb" caption="采购成本" columncaption="" /> 
<item name="iinvexchrate" caption="换算率" columncaption="" /> 
<item name="ipqty" caption="产量" columncaption="" /> 
<item name="iprintcount" caption="打印次数" columncaption="" /> 
<item name="irowno" caption="行号" columncaption="" /> 
<item name="t_ccuscode" caption="客户编码" columncaption="" /> 
<item name="t_ccusname" caption="客户名称" columncaption="" /> 
<item name="t_cdepcode" caption="部门编码" columncaption="" /> 
<item name="t_cdepname" caption="部门名称" columncaption="" /> 
<item name="t_cfree1" caption="表头存货自由项1" columncaption="" /> 
<item name="t_cfree10" caption="表头存货自由项10" columncaption="" /> 
<item name="t_cfree2" caption="表头存货自由项2" columncaption="" /> 
<item name="t_cfree3" caption="表头存货自由项3" columncaption="" /> 
<item name="t_cfree4" caption="表头存货自由项4" columncaption="" /> 
<item name="t_cfree5" caption="表头存货自由项5" columncaption="" /> 
<item name="t_cfree6" caption="表头存货自由项6" columncaption="" /> 
<item name="t_cfree7" caption="表头存货自由项7" columncaption="" /> 
<item name="t_cfree8" caption="表头存货自由项8" columncaption="" /> 
<item name="t_cfree9" caption="表头存货自由项9" columncaption="" /> 
<item name="t_cinvcode" caption="存货编码" columncaption="" /> 
<item name="t_cinvname" caption="存货名称" columncaption="" /> 
<item name="t_cpersoncode" caption="人员编码" columncaption="" /> 
<item name="t_cpersonname" caption="人员名称" columncaption="" /> 
<item name="t_cvencode" caption="供应商编码" columncaption="" /> 
<item name="t_cvenname" caption="供应商名称" columncaption="" /> 
<item name="t_cwhcode" caption="仓库编码" columncaption="" /> 
<item name="t_cwhname" caption="仓库名称" columncaption="" /> 
<item name="VoucherCode" caption="VoucherCode" columncaption="" /> 
<item name="VoucherId" caption="VoucherId" columncaption="" /> 
<item name="VoucherType" caption="VoucherType" columncaption="" /> 
</items> </root>','EF','U8CUSTDEF','项目投标报价单列表')

insert into flt_definemeta_lang ([FilterID],[LocaleID],[XMLExpression],[SubNO],[ProjectNO],[Title])
values('EP0207','en-us','<root><items><item name="auxunitcode" caption="辅计量单位编码" columncaption="" /> 
<item name="auxunitname" caption="辅计量单位" columncaption="" /> 
<item name="b_ccomunitname" caption="主计量单位" columncaption="" /> 
<item name="b_ccuscode" caption="客户编码" columncaption="" /> 
<item name="b_ccusname" caption="客户名称" columncaption="" /> 
<item name="b_cdepcode" caption="部门编码" columncaption="" /> 
<item name="b_cdepname" caption="部门名称" columncaption="" /> 
<item name="b_cfree1" caption="表体存货自由项1" columncaption="" /> 
<item name="b_cfree10" caption="表体存货自由项10" columncaption="" /> 
<item name="b_cfree2" caption="表体存货自由项2" columncaption="" /> 
<item name="b_cfree3" caption="表体存货自由项3" columncaption="" /> 
<item name="b_cfree4" caption="表体存货自由项4" columncaption="" /> 
<item name="b_cfree5" caption="表体存货自由项5" columncaption="" /> 
<item name="b_cfree6" caption="表体存货自由项6" columncaption="" /> 
<item name="b_cfree7" caption="表体存货自由项7" columncaption="" /> 
<item name="b_cfree8" caption="表体存货自由项8" columncaption="" /> 
<item name="b_cfree9" caption="表体存货自由项9" columncaption="" /> 
<item name="b_cinvcode" caption="存货编码" columncaption="" /> 
<item name="b_cinvname" caption="存货名称" columncaption="" /> 
<item name="b_cinvstd" caption="规格" columncaption="" /> 
<item name="b_cpersoncode" caption="人员编码" columncaption="" /> 
<item name="b_cpersonname" caption="人员名称" columncaption="" /> 
<item name="b_cvencode" caption="供应商编码" columncaption="" /> 
<item name="b_cvenname" caption="供应商名称" columncaption="" /> 
<item name="b_cwhcode" caption="仓库编码" columncaption="" /> 
<item name="b_cwhname" caption="仓库名称" columncaption="" /> 
<item name="cbclosedate" caption="关闭日期" columncaption="" /> 
<item name="cbcloser" caption="关闭人" columncaption="" /> 
<item name="cbmemo" caption="表体备注" columncaption="" /> 
<item name="ccloser" caption="关闭人" columncaption="" /> 
<item name="ccode" caption="单据编号" columncaption="" /> 
<item name="ccusname" caption="客户" columncaption="" /> 
<item name="cInvDefine1" caption="存货自定义项1" columncaption="" /> 
<item name="cInvDefine10" caption="存货自定义项10" columncaption="" /> 
<item name="cInvDefine11" caption="存货自定义项11" columncaption="" /> 
<item name="cInvDefine12" caption="存货自定义项12" columncaption="" /> 
<item name="cInvDefine13" caption="存货自定义项13" columncaption="" /> 
<item name="cInvDefine14" caption="存货自定义项14" columncaption="" /> 
<item name="cInvDefine15" caption="存货自定义项15" columncaption="" /> 
<item name="cInvDefine16" caption="存货自定义项16" columncaption="" /> 
<item name="cInvDefine2" caption="存货自定义项2" columncaption="" /> 
<item name="cInvDefine3" caption="存货自定义项3" columncaption="" /> 
<item name="cInvDefine4" caption="存货自定义项4" columncaption="" /> 
<item name="cInvDefine5" caption="存货自定义项5" columncaption="" /> 
<item name="cInvDefine6" caption="存货自定义项6" columncaption="" /> 
<item name="cInvDefine7" caption="存货自定义项7" columncaption="" /> 
<item name="cInvDefine8" caption="存货自定义项8" columncaption="" /> 
<item name="cInvDefine9" caption="存货自定义项9" columncaption="" /> 
<item name="citem_class" caption="项目大类编码" columncaption="" /> 
<item name="citem_cname" caption="项目大类" columncaption="" /> 
<item name="citemcode" caption="项目编码" columncaption="" /> 
<item name="citemgg" caption="产品规格" columncaption="" /> 
<item name="citemname" caption="项目" columncaption="" /> 
<item name="citemth" caption="产品图号" columncaption="" /> 
<item name="cmaker" caption="制单人" columncaption="" /> 
<item name="cmakerddate" caption="制单日期" columncaption="" /> 
<item name="cmaterialclass" caption="材料类别" columncaption="" /> 
<item name="cmemo" caption="备注" columncaption="" /> 
<item name="cmodifer" caption="变更人" columncaption="" /> 
<item name="cmodiferDate" caption="变更日期" columncaption="" /> 
<item name="cmodifier" caption="修改人" columncaption="" /> 
<item name="cverifier" caption="审核人" columncaption="" /> 
<item name="dcloserdate" caption="关闭日期" columncaption="" /> 
<item name="ddate" caption="单据日期" columncaption="" /> 
<item name="define1" caption="define1" columncaption="" /> 
<item name="define10" caption="define10" columncaption="" /> 
<item name="define11" caption="define11" columncaption="" /> 
<item name="define12" caption="define12" columncaption="" /> 
<item name="define13" caption="define13" columncaption="" /> 
<item name="define14" caption="define14" columncaption="" /> 
<item name="define15" caption="define15" columncaption="" /> 
<item name="define16" caption="define16" columncaption="" /> 
<item name="define2" caption="define2" columncaption="" /> 
<item name="define22" caption="define22" columncaption="" /> 
<item name="define23" caption="define23" columncaption="" /> 
<item name="define24" caption="define24" columncaption="" /> 
<item name="define25" caption="define25" columncaption="" /> 
<item name="define26" caption="define26" columncaption="" /> 
<item name="define27" caption="define27" columncaption="" /> 
<item name="define28" caption="define28" columncaption="" /> 
<item name="define29" caption="define29" columncaption="" /> 
<item name="define3" caption="define3" columncaption="" /> 
<item name="define30" caption="define30" columncaption="" /> 
<item name="define31" caption="项目清单号" columncaption="" /> 
<item name="define32" caption="采购计划单号" columncaption="" /> 
<item name="define33" caption="define33" columncaption="" /> 
<item name="define34" caption="define34" columncaption="" /> 
<item name="define35" caption="define35" columncaption="" /> 
<item name="define36" caption="define36" columncaption="" /> 
<item name="define37" caption="define37" columncaption="" /> 
<item name="define4" caption="define4" columncaption="" /> 
<item name="define5" caption="define5" columncaption="" /> 
<item name="define6" caption="define6" columncaption="" /> 
<item name="define7" caption="define7" columncaption="" /> 
<item name="define8" caption="define8" columncaption="" /> 
<item name="define9" caption="define9" columncaption="" /> 
<item name="dmoddate" caption="修改日期" columncaption="" /> 
<item name="dmodifysystime" caption="修改时间" columncaption="" /> 
<item name="dnverifytime" caption="审核时间" columncaption="" /> 
<item name="dverifydate" caption="审核日期" columncaption="" /> 
<item name="ibj" caption="投标报价" columncaption="" /> 
<item name="icb" caption="采购成本" columncaption="" /> 
<item name="iinvexchrate" caption="换算率" columncaption="" /> 
<item name="ipqty" caption="产量" columncaption="" /> 
<item name="iprintcount" caption="打印次数" columncaption="" /> 
<item name="irowno" caption="行号" columncaption="" /> 
<item name="t_ccuscode" caption="客户编码" columncaption="" /> 
<item name="t_ccusname" caption="客户名称" columncaption="" /> 
<item name="t_cdepcode" caption="部门编码" columncaption="" /> 
<item name="t_cdepname" caption="部门名称" columncaption="" /> 
<item name="t_cfree1" caption="表头存货自由项1" columncaption="" /> 
<item name="t_cfree10" caption="表头存货自由项10" columncaption="" /> 
<item name="t_cfree2" caption="表头存货自由项2" columncaption="" /> 
<item name="t_cfree3" caption="表头存货自由项3" columncaption="" /> 
<item name="t_cfree4" caption="表头存货自由项4" columncaption="" /> 
<item name="t_cfree5" caption="表头存货自由项5" columncaption="" /> 
<item name="t_cfree6" caption="表头存货自由项6" columncaption="" /> 
<item name="t_cfree7" caption="表头存货自由项7" columncaption="" /> 
<item name="t_cfree8" caption="表头存货自由项8" columncaption="" /> 
<item name="t_cfree9" caption="表头存货自由项9" columncaption="" /> 
<item name="t_cinvcode" caption="存货编码" columncaption="" /> 
<item name="t_cinvname" caption="存货名称" columncaption="" /> 
<item name="t_cpersoncode" caption="人员编码" columncaption="" /> 
<item name="t_cpersonname" caption="人员名称" columncaption="" /> 
<item name="t_cvencode" caption="供应商编码" columncaption="" /> 
<item name="t_cvenname" caption="供应商名称" columncaption="" /> 
<item name="t_cwhcode" caption="仓库编码" columncaption="" /> 
<item name="t_cwhname" caption="仓库名称" columncaption="" /> 
<item name="VoucherCode" caption="VoucherCode" columncaption="" /> 
<item name="VoucherId" caption="VoucherId" columncaption="" /> 
<item name="VoucherType" caption="VoucherType" columncaption="" /> 
</items> </root>','EF','U8CUSTDEF','项目投标报价单列表')

insert into flt_definemeta_lang ([FilterID],[LocaleID],[XMLExpression],[SubNO],[ProjectNO],[Title])
values('EP0207','zh-tw','<root><items><item name="auxunitcode" caption="辅计量单位编码" columncaption="" /> 
<item name="auxunitname" caption="辅计量单位" columncaption="" /> 
<item name="b_ccomunitname" caption="主计量单位" columncaption="" /> 
<item name="b_ccuscode" caption="客户编码" columncaption="" /> 
<item name="b_ccusname" caption="客户名称" columncaption="" /> 
<item name="b_cdepcode" caption="部门编码" columncaption="" /> 
<item name="b_cdepname" caption="部门名称" columncaption="" /> 
<item name="b_cfree1" caption="表体存货自由项1" columncaption="" /> 
<item name="b_cfree10" caption="表体存货自由项10" columncaption="" /> 
<item name="b_cfree2" caption="表体存货自由项2" columncaption="" /> 
<item name="b_cfree3" caption="表体存货自由项3" columncaption="" /> 
<item name="b_cfree4" caption="表体存货自由项4" columncaption="" /> 
<item name="b_cfree5" caption="表体存货自由项5" columncaption="" /> 
<item name="b_cfree6" caption="表体存货自由项6" columncaption="" /> 
<item name="b_cfree7" caption="表体存货自由项7" columncaption="" /> 
<item name="b_cfree8" caption="表体存货自由项8" columncaption="" /> 
<item name="b_cfree9" caption="表体存货自由项9" columncaption="" /> 
<item name="b_cinvcode" caption="存货编码" columncaption="" /> 
<item name="b_cinvname" caption="存货名称" columncaption="" /> 
<item name="b_cinvstd" caption="规格" columncaption="" /> 
<item name="b_cpersoncode" caption="人员编码" columncaption="" /> 
<item name="b_cpersonname" caption="人员名称" columncaption="" /> 
<item name="b_cvencode" caption="供应商编码" columncaption="" /> 
<item name="b_cvenname" caption="供应商名称" columncaption="" /> 
<item name="b_cwhcode" caption="仓库编码" columncaption="" /> 
<item name="b_cwhname" caption="仓库名称" columncaption="" /> 
<item name="cbclosedate" caption="关闭日期" columncaption="" /> 
<item name="cbcloser" caption="关闭人" columncaption="" /> 
<item name="cbmemo" caption="表体备注" columncaption="" /> 
<item name="ccloser" caption="关闭人" columncaption="" /> 
<item name="ccode" caption="单据编号" columncaption="" /> 
<item name="ccusname" caption="客户" columncaption="" /> 
<item name="cInvDefine1" caption="存货自定义项1" columncaption="" /> 
<item name="cInvDefine10" caption="存货自定义项10" columncaption="" /> 
<item name="cInvDefine11" caption="存货自定义项11" columncaption="" /> 
<item name="cInvDefine12" caption="存货自定义项12" columncaption="" /> 
<item name="cInvDefine13" caption="存货自定义项13" columncaption="" /> 
<item name="cInvDefine14" caption="存货自定义项14" columncaption="" /> 
<item name="cInvDefine15" caption="存货自定义项15" columncaption="" /> 
<item name="cInvDefine16" caption="存货自定义项16" columncaption="" /> 
<item name="cInvDefine2" caption="存货自定义项2" columncaption="" /> 
<item name="cInvDefine3" caption="存货自定义项3" columncaption="" /> 
<item name="cInvDefine4" caption="存货自定义项4" columncaption="" /> 
<item name="cInvDefine5" caption="存货自定义项5" columncaption="" /> 
<item name="cInvDefine6" caption="存货自定义项6" columncaption="" /> 
<item name="cInvDefine7" caption="存货自定义项7" columncaption="" /> 
<item name="cInvDefine8" caption="存货自定义项8" columncaption="" /> 
<item name="cInvDefine9" caption="存货自定义项9" columncaption="" /> 
<item name="citem_class" caption="项目大类编码" columncaption="" /> 
<item name="citem_cname" caption="项目大类" columncaption="" /> 
<item name="citemcode" caption="项目编码" columncaption="" /> 
<item name="citemgg" caption="产品规格" columncaption="" /> 
<item name="citemname" caption="项目" columncaption="" /> 
<item name="citemth" caption="产品图号" columncaption="" /> 
<item name="cmaker" caption="制单人" columncaption="" /> 
<item name="cmakerddate" caption="制单日期" columncaption="" /> 
<item name="cmaterialclass" caption="材料类别" columncaption="" /> 
<item name="cmemo" caption="备注" columncaption="" /> 
<item name="cmodifer" caption="变更人" columncaption="" /> 
<item name="cmodiferDate" caption="变更日期" columncaption="" /> 
<item name="cmodifier" caption="修改人" columncaption="" /> 
<item name="cverifier" caption="审核人" columncaption="" /> 
<item name="dcloserdate" caption="关闭日期" columncaption="" /> 
<item name="ddate" caption="单据日期" columncaption="" /> 
<item name="define1" caption="define1" columncaption="" /> 
<item name="define10" caption="define10" columncaption="" /> 
<item name="define11" caption="define11" columncaption="" /> 
<item name="define12" caption="define12" columncaption="" /> 
<item name="define13" caption="define13" columncaption="" /> 
<item name="define14" caption="define14" columncaption="" /> 
<item name="define15" caption="define15" columncaption="" /> 
<item name="define16" caption="define16" columncaption="" /> 
<item name="define2" caption="define2" columncaption="" /> 
<item name="define22" caption="define22" columncaption="" /> 
<item name="define23" caption="define23" columncaption="" /> 
<item name="define24" caption="define24" columncaption="" /> 
<item name="define25" caption="define25" columncaption="" /> 
<item name="define26" caption="define26" columncaption="" /> 
<item name="define27" caption="define27" columncaption="" /> 
<item name="define28" caption="define28" columncaption="" /> 
<item name="define29" caption="define29" columncaption="" /> 
<item name="define3" caption="define3" columncaption="" /> 
<item name="define30" caption="define30" columncaption="" /> 
<item name="define31" caption="项目清单号" columncaption="" /> 
<item name="define32" caption="采购计划单号" columncaption="" /> 
<item name="define33" caption="define33" columncaption="" /> 
<item name="define34" caption="define34" columncaption="" /> 
<item name="define35" caption="define35" columncaption="" /> 
<item name="define36" caption="define36" columncaption="" /> 
<item name="define37" caption="define37" columncaption="" /> 
<item name="define4" caption="define4" columncaption="" /> 
<item name="define5" caption="define5" columncaption="" /> 
<item name="define6" caption="define6" columncaption="" /> 
<item name="define7" caption="define7" columncaption="" /> 
<item name="define8" caption="define8" columncaption="" /> 
<item name="define9" caption="define9" columncaption="" /> 
<item name="dmoddate" caption="修改日期" columncaption="" /> 
<item name="dmodifysystime" caption="修改时间" columncaption="" /> 
<item name="dnverifytime" caption="审核时间" columncaption="" /> 
<item name="dverifydate" caption="审核日期" columncaption="" /> 
<item name="ibj" caption="投标报价" columncaption="" /> 
<item name="icb" caption="采购成本" columncaption="" /> 
<item name="iinvexchrate" caption="换算率" columncaption="" /> 
<item name="ipqty" caption="产量" columncaption="" /> 
<item name="iprintcount" caption="打印次数" columncaption="" /> 
<item name="irowno" caption="行号" columncaption="" /> 
<item name="t_ccuscode" caption="客户编码" columncaption="" /> 
<item name="t_ccusname" caption="客户名称" columncaption="" /> 
<item name="t_cdepcode" caption="部门编码" columncaption="" /> 
<item name="t_cdepname" caption="部门名称" columncaption="" /> 
<item name="t_cfree1" caption="表头存货自由项1" columncaption="" /> 
<item name="t_cfree10" caption="表头存货自由项10" columncaption="" /> 
<item name="t_cfree2" caption="表头存货自由项2" columncaption="" /> 
<item name="t_cfree3" caption="表头存货自由项3" columncaption="" /> 
<item name="t_cfree4" caption="表头存货自由项4" columncaption="" /> 
<item name="t_cfree5" caption="表头存货自由项5" columncaption="" /> 
<item name="t_cfree6" caption="表头存货自由项6" columncaption="" /> 
<item name="t_cfree7" caption="表头存货自由项7" columncaption="" /> 
<item name="t_cfree8" caption="表头存货自由项8" columncaption="" /> 
<item name="t_cfree9" caption="表头存货自由项9" columncaption="" /> 
<item name="t_cinvcode" caption="存货编码" columncaption="" /> 
<item name="t_cinvname" caption="存货名称" columncaption="" /> 
<item name="t_cpersoncode" caption="人员编码" columncaption="" /> 
<item name="t_cpersonname" caption="人员名称" columncaption="" /> 
<item name="t_cvencode" caption="供应商编码" columncaption="" /> 
<item name="t_cvenname" caption="供应商名称" columncaption="" /> 
<item name="t_cwhcode" caption="仓库编码" columncaption="" /> 
<item name="t_cwhname" caption="仓库名称" columncaption="" /> 
<item name="VoucherCode" caption="VoucherCode" columncaption="" /> 
<item name="VoucherId" caption="VoucherId" columncaption="" /> 
<item name="VoucherType" caption="VoucherType" columncaption="" /> 
</items> </root>','EF','U8CUSTDEF','项目投标报价单列表')

---------end
